person_age,person_income,person_home_ownership,person_emp_length,loan_intent,loan_grade,loan_amnt,loan_int_rate,loan_status,loan_percent_income,cb_person_default_on_file,cb_person_cred_hist_length,year,def,person_emp_length_missing,loan_int_rate_missing
21.0,9600,OWN,5.0,EDUCATION,B,1000,11.14,0,0.1,N,2,2022,0,0,0
23.0,65500,RENT,4.0,MEDICAL,C,23750,15.23,1,0.44000000000000006,N,2,2022,1,0,0
21.0,9900,OWN,2.0,VENTURE,A,2500,7.14,1,0.25,N,2,2022,1,0,0
24.0,83000,RENT,8.0,PERSONAL,A,23750,8.9,1,0.42,N,2,2022,1,0,0
21.0,10000,OWN,2.0,HOMEIMPROVEMENT,A,4500,8.63,1,0.44000000000000006,N,2,2022,1,0,0
23.0,95000,RENT,2.0,VENTURE,A,23750,7.9,1,0.37,N,2,2022,1,0,0
24.0,10800,MORTGAGE,8.0,EDUCATION,B,1750,10.99,1,0.16,N,2,2022,1,0,0
25.0,137000,RENT,9.0,PERSONAL,E,23750,16.77,0,0.25,Y,2,2022,0,0,0
21.0,11389,OTHER,5.0,EDUCATION,C,4000,12.84,1,0.35,Y,2,2022,1,0,0
25.0,120000,RENT,2.0,VENTURE,A,23750,6.62,0,0.27,N,2,2022,0,0,0
22.0,48000,RENT,1.0,EDUCATION,E,23750,18.39,1,0.44000000000000006,N,2,2022,1,0,0
26.0,62050,RENT,6.0,MEDICAL,E,23750,17.99,1,0.41,N,2,2022,1,0,0
23.0,141500,OWN,1.0,EDUCATION,F,23750,19.41,0,0.08,Y,2,2022,0,0,0
23.0,97000,RENT,7.0,VENTURE,B,23750,10.65,1,0.31,N,2,2022,1,0,0
22.0,141500,OWN,6.0,VENTURE,B,12000,11.58,0,0.04,N,2,2022,0,0,0
25.0,141500,MORTGAGE,9.0,MEDICAL,D,23750,15.7,1,0.1,N,2,2022,1,0,0
25.0,141500,MORTGAGE,9.0,HOMEIMPROVEMENT,D,20000,14.42,0,0.08,Y,2,2022,0,0,0
24.0,141500,MORTGAGE,9.0,EDUCATION,A,9600,6.99,0,0.04,N,2,2022,0,0,0
22.0,56950,RENT,6.0,MEDICAL,A,23750,10.99,1,0.44000000000000006,N,2,2022,1,0,1
23.0,65000,RENT,2.0,EDUCATION,A,23750,7.9,1,0.43,N,2,2022,1,0,0
22.0,12000,OWN,6.0,DEBTCONSOLIDATION,A,4750,7.14,1,0.4,N,2,2022,1,0,0
26.0,110000,RENT,10.0,EDUCATION,A,23750,8.9,0,0.25,N,2,2022,0,0,0
23.0,141500,RENT,7.0,DEBTCONSOLIDATION,B,23750,11.11,0,0.19,N,2,2022,0,0,0
24.0,69000,RENT,2.0,HOMEIMPROVEMENT,A,23750,10.99,1,0.4,N,2,2022,1,0,1
22.0,141500,OWN,6.0,PERSONAL,B,23750,10.99,0,0.1,N,2,2022,0,0,1
26.0,73200,RENT,5.0,VENTURE,D,23750,15.62,1,0.37,Y,2,2022,1,0,0
24.0,83000,RENT,5.0,PERSONAL,C,23750,13.49,1,0.33,Y,2,2022,1,0,0
23.0,62500,RENT,7.0,MEDICAL,B,23750,11.71,1,0.42,N,2,2022,1,0,0
26.0,141500,MORTGAGE,0.0,MEDICAL,C,23750,14.17,0,0.11,Y,2,2022,0,0,0
25.0,141500,MORTGAGE,0.0,HOMEIMPROVEMENT,E,23750,19.91,0,0.13,Y,2,2022,0,0,0
26.0,141500,MORTGAGE,6.0,EDUCATION,B,23750,10.65,1,0.16,N,2,2022,1,0,0
23.0,12996,OWN,0.0,DEBTCONSOLIDATION,C,2400,13.49,1,0.18,Y,2,2022,1,0,0
22.0,42000,RENT,6.0,MEDICAL,D,23750,14.59,1,0.44000000000000006,Y,2,2022,1,0,0
21.0,49000,RENT,4.0,EDUCATION,B,23750,10.99,1,0.44000000000000006,N,2,2022,1,0,0
25.0,141500,MORTGAGE,0.0,VENTURE,F,23750,18.67,0,0.11,N,2,2022,0,0,0
23.0,141500,RENT,8.0,DEBTCONSOLIDATION,A,7500,8.63,0,0.03,N,2,2022,0,0,0
26.0,141500,MORTGAGE,2.0,VENTURE,B,23750,10.08,0,0.11,N,2,2022,0,0,0
25.0,50000,RENT,4.0,HOMEIMPROVEMENT,A,23750,5.99,1,0.44000000000000006,N,2,2022,1,0,0
24.0,44000,RENT,2.0,DEBTCONSOLIDATION,D,23750,15.33,1,0.44000000000000006,N,2,2022,1,0,0
22.0,50004,RENT,0.0,VENTURE,B,23750,10.36,1,0.44000000000000006,N,2,2022,1,0,0
24.0,141500,MORTGAGE,1.0,EDUCATION,B,23750,11.58,0,0.11,N,2,2022,0,0,0
26.0,141500,MORTGAGE,10.0,EDUCATION,C,20000,14.22,0,0.09,Y,2,2022,0,0,0
26.0,141500,MORTGAGE,11.0,EDUCATION,A,12000,7.88,0,0.06,N,2,2022,0,0,0
23.0,52000,RENT,1.0,PERSONAL,C,23750,13.22,1,0.44000000000000006,N,2,2022,1,0,0
26.0,47000,RENT,0.0,HOMEIMPROVEMENT,D,23750,15.28,1,0.44000000000000006,Y,2,2022,1,0,0
23.0,47000,RENT,1.0,VENTURE,E,23750,17.93,1,0.44000000000000006,N,2,2022,1,0,0
26.0,48000,RENT,5.0,VENTURE,F,23750,18.43,1,0.44000000000000006,N,2,2022,1,0,0
26.0,56000,RENT,4.0,DEBTCONSOLIDATION,C,23750,12.87,1,0.44000000000000006,N,2,2022,1,0,0
26.0,54000,RENT,7.0,DEBTCONSOLIDATION,D,23750,14.83,1,0.44000000000000006,Y,2,2022,1,0,0
24.0,141500,RENT,8.0,MEDICAL,B,12000,12.69,0,0.06,N,2,2022,0,0,0
24.0,141500,MORTGAGE,8.0,HOMEIMPROVEMENT,C,12000,13.49,0,0.06,N,2,2022,0,0,0
25.0,61959,RENT,9.0,MEDICAL,C,23750,12.73,1,0.4,N,2,2022,1,0,0
23.0,141500,MORTGAGE,7.0,EDUCATION,A,23750,10.99,0,0.14,N,2,2022,0,0,1
21.0,141500,MORTGAGE,2.0,DEBTCONSOLIDATION,C,23750,13.99,0,0.13,N,2,2022,0,0,0
25.0,141500,MORTGAGE,2.0,DEBTCONSOLIDATION,B,15500,11.99,0,0.08,N,2,2022,0,0,0
24.0,66000,RENT,3.0,EDUCATION,B,23750,9.91,1,0.38,N,2,2022,1,0,0
41.5,141500,MORTGAGE,4.0,EDUCATION,B,6000,11.86,0,0.03,N,2,2022,0,0,0
25.0,141500,MORTGAGE,2.0,VENTURE,B,12000,10.38,0,0.06,N,2,2022,0,0,0
24.0,60000,RENT,2.0,DEBTCONSOLIDATION,E,23750,10.99,1,0.42,Y,2,2022,1,0,1
26.0,66996,RENT,10.0,PERSONAL,D,23750,15.21,1,0.37,Y,2,2022,1,0,0
25.0,69000,RENT,9.0,PERSONAL,D,23750,17.49,1,0.36,N,2,2022,1,0,0
26.0,141500,MORTGAGE,10.0,VENTURE,E,20000,17.74,1,0.11,N,2,2022,1,0,0
25.0,66000,RENT,9.0,VENTURE,D,23750,15.33,1,0.38,Y,2,2022,1,0,0
25.0,14400,OWN,7.0,EDUCATION,A,5375,5.79,1,0.37,N,2,2022,1,0,0
25.0,72612,RENT,9.0,MEDICAL,C,23750,13.11,1,0.34,N,2,2022,1,0,0
25.0,75000,RENT,9.0,DEBTCONSOLIDATION,B,23750,10.36,1,0.33,N,2,2022,1,0,0
24.0,141500,RENT,0.0,MEDICAL,C,22000,10.99,0,0.11,Y,2,2022,0,0,1
23.0,78000,RENT,7.0,DEBTCONSOLIDATION,C,23750,10.99,1,0.32,Y,2,2022,1,0,1
24.0,141500,MORTGAGE,0.0,EDUCATION,B,23750,12.42,0,0.19,N,2,2022,0,1,0
25.0,141500,RENT,6.0,VENTURE,C,15000,15.27,0,0.08,N,2,2022,0,0,0
24.0,62050,RENT,8.0,MEDICAL,D,23750,15.33,1,0.34,Y,2,2022,1,0,0
23.0,79416,RENT,7.0,VENTURE,D,23750,15.21,1,0.31,Y,2,2022,1,0,0
21.0,14400,OWN,4.0,VENTURE,C,6250,14.72,1,0.43,N,2,2022,1,0,0
24.0,79631,RENT,8.0,PERSONAL,D,23750,15.7,1,0.31,Y,2,2022,1,0,0
24.0,80000,RENT,6.0,EDUCATION,A,23750,6.62,1,0.31,N,2,2022,1,0,0
22.0,141500,RENT,4.0,MEDICAL,B,23750,11.36,0,0.14,N,2,2022,0,0,0
26.0,141500,OWN,10.0,PERSONAL,A,5000,7.68,0,0.03,N,2,2022,0,0,0
23.0,141500,OWN,5.0,EDUCATION,B,2500,11.83,0,0.01,N,2,2022,0,0,0
22.0,141500,MORTGAGE,3.0,EDUCATION,A,1000,10.99,0,0.01,N,2,2022,0,0,1
24.0,82000,RENT,8.0,VENTURE,B,23750,10.25,0,0.3,N,2,2022,0,0,0
23.0,14400,OWN,2.0,HOMEIMPROVEMENT,E,4000,16.7,1,0.28,N,2,2022,1,0,0
24.0,141500,MORTGAGE,7.0,VENTURE,B,14000,11.99,0,0.08,N,2,2022,0,0,0
23.0,66215,RENT,1.0,MEDICAL,D,23750,15.37,1,0.32,Y,2,2022,1,0,0
21.0,15000,OWN,0.0,HOMEIMPROVEMENT,A,6200,7.9,1,0.41,N,2,2022,1,0,0
25.0,141500,MORTGAGE,3.0,VENTURE,B,9950,11.26,0,0.06,N,2,2022,0,0,0
25.0,141500,MORTGAGE,10.0,HOMEIMPROVEMENT,A,8000,7.9,0,0.05,N,2,2022,0,0,0
22.0,141500,MORTGAGE,6.0,EDUCATION,B,18000,10.99,0,0.1,N,2,2022,0,0,1
23.0,15000,OWN,4.0,VENTURE,B,4600,10.99,1,0.31,N,2,2022,1,0,0
22.0,88000,RENT,6.0,DEBTCONSOLIDATION,D,23750,15.58,1,0.28,Y,2,2022,1,0,0
25.0,74800,RENT,2.0,MEDICAL,B,23750,10.99,1,0.28,N,2,2022,1,0,0
23.0,93000,RENT,0.0,DEBTCONSOLIDATION,D,23750,14.59,1,0.27,Y,2,2022,1,0,0
22.0,141500,RENT,6.0,VENTURE,C,3500,11.91,0,0.02,Y,2,2022,0,0,0
21.0,15120,MORTGAGE,0.0,EDUCATION,B,1500,10.59,0,0.1,N,2,2022,0,0,0
24.0,97908,RENT,8.0,HOMEIMPROVEMENT,D,23750,12.61,1,0.26,Y,2,2022,1,0,0
26.0,110000,RENT,3.0,PERSONAL,C,23750,10.99,0,0.23,Y,2,2022,0,0,1
24.0,141500,RENT,0.0,HOMEIMPROVEMENT,D,23750,14.59,1,0.16,Y,2,2022,1,0,0
24.0,83300,RENT,0.0,MEDICAL,D,23750,10.99,1,0.26,N,2,2022,1,0,1
24.0,110000,RENT,7.0,HOMEIMPROVEMENT,D,23750,15.7,0,0.23,Y,2,2022,0,0,0
25.0,134300,RENT,3.0,MEDICAL,D,5000,16.49,1,0.03,N,2,2022,1,0,0
25.0,141500,MORTGAGE,2.0,EDUCATION,A,20000,7.49,0,0.12,N,2,2022,0,0,0
22.0,100580,RENT,6.0,DEBTCONSOLIDATION,D,23750,14.96,1,0.25,Y,2,2022,1,0,0
25.0,120000,RENT,6.0,MEDICAL,B,23750,10.74,0,0.21,N,2,2022,0,0,0
23.0,120000,RENT,7.0,EDUCATION,B,23750,9.99,0,0.21,N,2,2022,0,0,0
24.0,91800,RENT,5.0,MEDICAL,D,23750,15.33,1,0.23,Y,2,2022,1,0,0
23.0,130000,RENT,4.0,EDUCATION,D,23750,16.02,0,0.19,Y,2,2022,0,0,0
26.0,141500,MORTGAGE,0.0,VENTURE,C,12000,13.57,0,0.07,Y,2,2022,0,0,0
25.0,141500,MORTGAGE,2.0,PERSONAL,B,23750,10.65,0,0.21,N,2,2022,0,0,0
24.0,133300,RENT,6.0,DEBTCONSOLIDATION,B,23750,10.37,0,0.19,N,2,2022,0,0,0
25.0,134000,RENT,7.0,MEDICAL,B,23750,10.62,0,0.19,N,2,2022,0,0,0
25.0,15600,OWN,0.0,VENTURE,F,3200,18.09,1,0.21,N,2,2022,1,0,0
22.0,141500,MORTGAGE,5.0,DEBTCONSOLIDATION,D,23750,15.62,1,0.16,Y,2,2022,1,0,0
23.0,16000,OWN,7.0,MEDICAL,A,6000,7.9,1,0.38,N,2,2022,1,0,0
24.0,16020,OWN,3.0,VENTURE,E,3625,17.14,1,0.23,Y,2,2022,1,0,0
25.0,141500,RENT,2.0,PERSONAL,A,23750,8.9,0,0.14,N,2,2022,0,0,0
24.0,141500,RENT,7.0,HOMEIMPROVEMENT,C,23750,12.68,0,0.14,Y,2,2022,0,0,0
25.0,141500,RENT,9.0,PERSONAL,C,23750,11.03,0,0.15,N,2,2022,0,0,0
22.0,16800,MORTGAGE,5.0,EDUCATION,B,2000,10.65,0,0.12,N,2,2022,0,0,0
23.0,141500,MORTGAGE,5.0,PERSONAL,A,23750,7.66,0,0.22,N,2,2022,0,0,0
26.0,56045,RENT,1.0,MEDICAL,D,23750,14.96,1,0.37,N,2,2022,1,0,0
22.0,74000,RENT,7.0,DEBTCONSOLIDATION,D,23750,15.65,1,0.33,Y,2,2022,1,0,0
24.0,65453,RENT,9.0,MEDICAL,D,23750,15.7,1,0.31,N,2,2022,1,0,0
23.0,100000,RENT,0.0,PERSONAL,C,23750,12.87,0,0.24,Y,2,2022,0,0,0
23.0,103000,RENT,6.0,PERSONAL,D,23750,15.7,0,0.24,N,2,2022,0,0,0
23.0,141500,MORTGAGE,2.0,EDUCATION,D,23750,15.65,0,0.16,Y,2,2022,0,0,0
25.0,141500,MORTGAGE,3.0,VENTURE,C,20000,13.47,0,0.13,Y,2,2022,0,0,0
22.0,16800,MORTGAGE,0.0,HOMEIMPROVEMENT,C,4750,13.85,1,0.28,Y,2,2022,1,0,0
25.0,115200,RENT,0.0,HOMEIMPROVEMENT,B,23750,11.36,0,0.21,N,2,2022,0,0,0
24.0,48000,RENT,4.0,VENTURE,D,23750,16.29,1,0.44000000000000006,Y,2,2022,1,0,0
21.0,44964,RENT,2.0,EDUCATION,D,23750,16.29,1,0.44000000000000006,Y,2,2022,1,0,0
25.0,52000,RENT,0.0,PERSONAL,B,23750,10.74,1,0.44000000000000006,N,2,2022,1,1,0
24.0,47000,RENT,3.0,PERSONAL,F,23750,17.8,1,0.44000000000000006,N,2,2022,1,0,0
22.0,17400,MORTGAGE,6.0,VENTURE,B,1000,11.36,0,0.06,N,2,2022,0,0,0
21.0,60000,RENT,5.0,MEDICAL,B,23750,10.75,1,0.4,N,2,2022,1,0,0
22.0,62400,RENT,3.0,EDUCATION,D,23750,14.84,1,0.38,N,2,2022,1,0,0
26.0,65000,RENT,10.0,DEBTCONSOLIDATION,A,23750,10.99,1,0.37,N,2,2022,1,0,1
23.0,59000,RENT,5.0,DEBTCONSOLIDATION,E,23750,19.69,1,0.41,Y,2,2022,1,0,0
23.0,74000,RENT,7.0,DEBTCONSOLIDATION,B,23750,10.99,1,0.32,N,2,2022,1,0,0
24.0,80000,RENT,2.0,MEDICAL,B,23750,10.25,0,0.3,N,2,2022,0,0,0
23.0,18000,OWN,3.0,EDUCATION,A,4000,5.99,1,0.22,N,2,2022,1,0,0
23.0,74700,RENT,6.0,PERSONAL,D,23750,12.92,1,0.32,N,2,2022,1,0,0
25.0,95000,RENT,4.0,EDUCATION,A,23750,8.9,0,0.25,N,2,2022,0,0,0
21.0,18000,OWN,0.0,EDUCATION,B,5000,11.11,1,0.28,N,2,2022,1,1,0
22.0,98000,RENT,7.0,DEBTCONSOLIDATION,F,23750,10.99,1,0.24,Y,2,2022,1,0,1
23.0,18000,MORTGAGE,1.0,MEDICAL,D,2500,15.95,1,0.14,N,2,2022,1,0,0
25.0,135000,RENT,8.0,PERSONAL,B,23750,10.99,0,0.18,N,2,2022,0,0,0
24.0,135000,RENT,4.0,HOMEIMPROVEMENT,C,23750,13.79,0,0.18,N,2,2022,0,0,0
23.0,138000,RENT,7.0,DEBTCONSOLIDATION,D,23750,16.0,1,0.17,Y,2,2022,1,0,0
26.0,141500,RENT,1.0,EDUCATION,F,23750,18.3,1,0.16,N,2,2022,1,0,0
26.0,141500,RENT,3.0,DEBTCONSOLIDATION,C,23750,10.99,0,0.14,Y,2,2022,0,0,1
24.0,43896,RENT,8.0,HOMEIMPROVEMENT,B,23750,10.99,1,0.44000000000000006,N,2,2022,1,0,1
23.0,120000,RENT,4.0,MEDICAL,C,23750,13.47,0,0.2,N,2,2022,0,0,0
24.0,18000,MORTGAGE,0.0,DEBTCONSOLIDATION,B,10000,12.18,1,0.44000000000000006,N,2,2022,1,0,0
22.0,18000,OWN,2.0,MEDICAL,C,4000,10.99,1,0.22,N,2,2022,1,0,1
22.0,18000,OWN,1.0,MEDICAL,D,5400,15.31,1,0.3,Y,2,2022,1,0,0
21.0,18000,OWN,5.0,VENTURE,B,3375,10.99,1,0.19,N,2,2022,1,0,1
22.0,66960,RENT,1.0,VENTURE,A,23400,7.49,1,0.35,N,2,2022,1,0,0
25.0,56544,RENT,3.0,EDUCATION,B,23000,10.99,1,0.41,N,2,2022,1,0,1
23.0,68000,RENT,7.0,EDUCATION,B,23000,9.62,1,0.34,N,2,2022,1,0,0
25.0,80000,RENT,9.0,VENTURE,C,23000,10.99,0,0.29,N,2,2022,0,0,1
24.0,88000,RENT,1.0,VENTURE,D,23000,14.54,1,0.26,N,2,2022,1,0,0
23.0,70000,RENT,7.0,DEBTCONSOLIDATION,C,22500,14.27,1,0.32,N,2,2022,1,0,0
26.0,69846,RENT,2.0,EDUCATION,F,22500,18.99,1,0.32,Y,2,2022,1,0,0
25.0,43000,RENT,9.0,HOMEIMPROVEMENT,C,22000,13.11,1,0.44000000000000006,N,2,2022,1,0,0
25.0,52000,RENT,4.0,PERSONAL,B,22000,10.74,1,0.42,N,2,2022,1,0,0
25.0,58000,RENT,0.0,MEDICAL,C,22000,14.65,1,0.38,N,2,2022,1,0,0
24.0,60000,RENT,3.0,VENTURE,C,22000,14.26,1,0.37,Y,2,2022,1,0,0
25.0,18840,MORTGAGE,5.0,EDUCATION,B,3000,9.91,1,0.16,N,2,2022,1,0,0
22.0,66000,RENT,1.0,EDUCATION,F,22000,10.99,1,0.33,N,2,2022,1,0,1
24.0,76597,RENT,5.0,EDUCATION,B,22000,9.25,0,0.29,N,2,2022,0,0,0
26.0,82600,RENT,10.0,VENTURE,B,22000,12.69,0,0.27,N,2,2022,0,0,0
24.0,19000,OWN,3.0,MEDICAL,C,7400,13.85,1,0.39,N,2,2022,1,0,0
25.0,82000,RENT,1.0,EDUCATION,E,22000,17.51,1,0.27,N,2,2022,1,0,0
22.0,19200,MORTGAGE,6.0,PERSONAL,B,4950,11.71,1,0.26,N,2,2022,1,0,0
25.0,57000,RENT,4.0,PERSONAL,B,21700,11.99,1,0.38,N,2,2022,1,0,0
24.0,54000,RENT,5.0,VENTURE,C,21600,13.49,1,0.4,N,2,2022,1,0,0
24.0,112140,RENT,8.0,MEDICAL,A,21600,7.9,0,0.19,N,2,2022,0,0,0
25.0,47052,RENT,5.0,VENTURE,B,21250,10.99,1,0.44000000000000006,N,2,2022,1,0,0
25.0,51060,RENT,9.0,VENTURE,A,21250,6.91,1,0.42,N,2,2022,1,0,0
22.0,19200,MORTGAGE,6.0,DEBTCONSOLIDATION,C,5000,14.17,1,0.26,Y,2,2022,1,0,0
26.0,19200,OWN,0.0,EDUCATION,B,9250,10.99,1,0.44000000000000006,N,2,2022,1,0,1
23.0,63000,RENT,2.0,MEDICAL,B,21000,11.36,1,0.33,N,2,2022,1,0,0
24.0,79000,RENT,8.0,HOMEIMPROVEMENT,A,21000,7.9,0,0.27,N,2,2022,0,0,0
26.0,19200,OTHER,0.0,PERSONAL,C,7500,11.97,1,0.39,Y,2,2022,1,0,0
26.0,125000,RENT,5.0,HOMEIMPROVEMENT,A,21000,8.9,0,0.17,N,2,2022,0,0,0
23.0,82000,RENT,2.0,PERSONAL,B,20900,12.69,0,0.25,N,2,2022,0,0,0
21.0,19500,MORTGAGE,0.0,EDUCATION,B,15000,9.64,1,0.44000000000000006,N,2,2022,1,0,0
23.0,54000,RENT,7.0,PERSONAL,A,20375,7.49,1,0.38,N,2,2022,1,0,0
26.0,26000,RENT,10.0,EDUCATION,B,20050,9.76,1,0.44000000000000006,N,2,2022,1,0,0
25.0,38004,RENT,6.0,MEDICAL,C,20000,13.11,1,0.44000000000000006,N,2,2022,1,0,0
23.0,32900,RENT,1.0,EDUCATION,D,20000,16.0,1,0.44000000000000006,N,2,2022,1,0,0
21.0,36000,RENT,5.0,MEDICAL,D,20000,10.99,1,0.44000000000000006,Y,2,2022,1,0,1
25.0,20000,OWN,0.0,PERSONAL,D,5650,15.99,0,0.28,Y,2,2022,0,0,0
23.0,45000,RENT,4.0,PERSONAL,B,20000,10.25,1,0.44,N,2,2022,1,0,0
24.0,45000,RENT,8.0,MEDICAL,E,20000,10.99,1,0.44,N,2,2022,1,0,1
24.0,39000,RENT,5.0,MEDICAL,D,20000,14.74,1,0.44000000000000006,N,2,2022,1,0,0
24.0,46500,RENT,5.0,EDUCATION,B,20000,10.62,1,0.43,N,2,2022,1,0,0
25.0,20000,MORTGAGE,1.0,VENTURE,A,4000,5.79,0,0.2,N,2,2022,0,0,0
25.0,50000,RENT,9.0,EDUCATION,C,20000,13.43,1,0.4,N,2,2022,1,0,0
22.0,50000,RENT,6.0,DEBTCONSOLIDATION,C,20000,13.22,1,0.4,N,2,2022,1,0,0
22.0,51000,RENT,0.0,EDUCATION,C,20000,13.47,1,0.39,N,2,2022,1,0,0
24.0,52000,RENT,8.0,EDUCATION,D,20000,15.65,1,0.38,Y,2,2022,1,0,0
25.0,46000,RENT,9.0,DEBTCONSOLIDATION,C,20000,11.78,1,0.43,Y,2,2022,1,0,0
24.0,55000,RENT,8.0,HOMEIMPROVEMENT,A,20000,6.91,1,0.36,N,2,2022,1,0,0
23.0,55000,RENT,5.0,DEBTCONSOLIDATION,B,20000,12.53,1,0.36,N,2,2022,1,0,0
23.0,20004,MORTGAGE,6.0,PERSONAL,A,7125,6.99,0,0.36,N,2,2022,0,0,0
23.0,57000,RENT,3.0,EDUCATION,D,20000,16.89,1,0.35,N,2,2022,1,0,0
23.0,20004,MORTGAGE,2.0,EDUCATION,E,2500,16.82,0,0.12,Y,2,2022,0,0,0
26.0,20004,MORTGAGE,4.0,HOMEIMPROVEMENT,B,3600,10.99,0,0.18,N,2,2022,0,0,1
22.0,58000,RENT,0.0,DEBTCONSOLIDATION,C,20000,13.11,1,0.34,N,2,2022,1,0,0
23.0,60000,RENT,7.0,MEDICAL,A,20000,7.9,1,0.33,N,2,2022,1,0,0
24.0,54000,RENT,2.0,VENTURE,D,20000,16.49,1,0.37,N,2,2022,1,0,0
26.0,20280,MORTGAGE,5.0,HOMEIMPROVEMENT,A,7000,8.0,0,0.35,N,2,2022,0,0,0
24.0,60000,RENT,0.0,PERSONAL,B,20000,10.99,1,0.33,N,2,2022,1,0,0
23.0,54000,RENT,2.0,PERSONAL,B,20000,11.12,1,0.37,N,2,2022,1,0,0
25.0,60000,RENT,2.0,EDUCATION,B,20000,10.99,1,0.33,N,2,2022,1,0,1
23.0,60000,RENT,3.0,EDUCATION,B,20000,12.21,1,0.33,N,2,2022,1,0,0
24.0,60000,RENT,0.0,PERSONAL,B,20000,11.14,1,0.33,N,2,2022,1,0,0
24.0,55000,RENT,2.0,VENTURE,E,20000,18.64,1,0.36,N,2,2022,1,0,0
24.0,62400,RENT,8.0,HOMEIMPROVEMENT,B,20000,11.12,1,0.32,N,2,2022,1,0,0
25.0,62400,RENT,7.0,VENTURE,B,20000,11.48,1,0.32,N,2,2022,1,0,0
26.0,58000,RENT,0.0,DEBTCONSOLIDATION,B,20000,10.25,1,0.34,N,2,2022,1,0,0
23.0,65000,RENT,0.0,MEDICAL,B,20000,10.37,1,0.31,N,2,2022,1,0,0
25.0,20868,OWN,0.0,VENTURE,C,5375,13.49,0,0.26,Y,2,2022,0,0,0
21.0,21000,MORTGAGE,5.0,DEBTCONSOLIDATION,D,3500,17.27,1,0.17,Y,2,2022,1,0,0
26.0,65004,RENT,7.0,DEBTCONSOLIDATION,B,20000,11.99,1,0.31,N,2,2022,1,0,0
25.0,59004,RENT,1.0,PERSONAL,D,20000,14.84,1,0.34,Y,2,2022,1,0,0
23.0,59004,RENT,5.0,DEBTCONSOLIDATION,B,20000,10.83,1,0.34,N,2,2022,1,0,0
23.0,65500,RENT,2.0,DEBTCONSOLIDATION,C,20000,13.22,1,0.31,N,2,2022,1,0,0
22.0,66996,RENT,3.0,EDUCATION,B,20000,12.18,0,0.3,N,2,2022,0,0,0
23.0,67000,RENT,0.0,MEDICAL,B,20000,11.11,0,0.3,N,2,2022,0,0,0
24.0,67000,RENT,5.0,HOMEIMPROVEMENT,C,20000,13.48,0,0.3,Y,2,2022,0,0,0
23.0,69500,RENT,3.0,VENTURE,E,20000,17.74,0,0.29,Y,2,2022,0,0,0
25.0,70000,RENT,5.0,HOMEIMPROVEMENT,B,20000,9.99,0,0.29,N,2,2022,0,0,0
25.0,71004,RENT,9.0,PERSONAL,D,20000,14.09,0,0.28,N,2,2022,0,0,0
24.0,72000,RENT,5.0,MEDICAL,B,20000,11.83,0,0.28,N,2,2022,0,0,0
24.0,21000,OTHER,4.0,PERSONAL,B,6000,12.21,0,0.29,N,2,2022,0,0,0
22.0,66000,RENT,3.0,DEBTCONSOLIDATION,D,20000,14.42,1,0.3,N,2,2022,1,0,0
21.0,21216,MORTGAGE,5.0,HOMEIMPROVEMENT,D,4500,10.99,1,0.21,Y,2,2022,1,0,1
22.0,75000,RENT,2.0,VENTURE,C,20000,10.99,0,0.27,N,2,2022,0,0,1
26.0,71004,RENT,0.0,HOMEIMPROVEMENT,D,20000,13.36,1,0.28,Y,2,2022,1,0,0
24.0,21600,MORTGAGE,8.0,MEDICAL,A,8000,5.42,0,0.37,N,2,2022,0,0,0
22.0,21600,MORTGAGE,0.0,PERSONAL,C,4000,12.99,0,0.19,N,2,2022,0,1,0
22.0,21600,MORTGAGE,6.0,VENTURE,C,1400,10.99,0,0.06,N,2,2022,0,0,1
23.0,61200,RENT,4.0,MEDICAL,B,20000,11.14,1,0.28,N,2,2022,1,0,0
21.0,21600,MORTGAGE,2.0,DEBTCONSOLIDATION,A,3800,5.99,0,0.18,N,2,2022,0,0,0
23.0,80700,RENT,7.0,MEDICAL,B,20000,11.71,0,0.25,N,2,2022,0,0,0
24.0,21600,MORTGAGE,0.0,DEBTCONSOLIDATION,D,2000,14.84,1,0.09,N,2,2022,1,0,0
22.0,82000,RENT,6.0,EDUCATION,C,20000,10.99,0,0.24,Y,2,2022,0,0,1
26.0,21600,OWN,0.0,VENTURE,A,3000,6.76,0,0.14,N,2,2022,0,1,0
25.0,84000,RENT,9.0,EDUCATION,C,20000,13.92,0,0.24,N,2,2022,0,0,0
23.0,21600,OWN,0.0,EDUCATION,B,4400,12.53,0,0.2,N,2,2022,0,0,0
21.0,21600,MORTGAGE,2.0,DEBTCONSOLIDATION,B,10000,11.14,0,0.44000000000000006,N,2,2022,0,0,0
24.0,78996,RENT,2.0,HOMEIMPROVEMENT,D,20000,14.11,1,0.25,N,2,2022,1,0,0
23.0,85000,RENT,0.0,MEDICAL,A,20000,7.49,0,0.24,N,2,2022,0,0,0
26.0,73000,RENT,3.0,PERSONAL,B,20000,12.53,1,0.27,N,2,2022,1,0,0
25.0,85000,RENT,4.0,HOMEIMPROVEMENT,B,20000,10.99,0,0.24,N,2,2022,0,0,1
24.0,21948,MORTGAGE,2.0,VENTURE,D,4000,10.99,0,0.18,N,2,2022,0,0,1
23.0,78000,RENT,0.0,HOMEIMPROVEMENT,F,20000,18.25,1,0.26,Y,2,2022,1,0,0
22.0,22000,MORTGAGE,6.0,EDUCATION,B,7000,11.71,0,0.32,N,2,2022,0,0,0
22.0,92000,RENT,6.0,VENTURE,F,20000,15.65,0,0.22,Y,2,2022,0,0,0
25.0,22000,MORTGAGE,9.0,EDUCATION,A,5875,6.62,1,0.27,N,2,2022,1,0,0
25.0,92407,RENT,9.0,MEDICAL,B,20000,9.25,0,0.22,N,2,2022,0,0,0
23.0,22000,MORTGAGE,5.0,DEBTCONSOLIDATION,A,1550,7.49,1,0.07,N,2,2022,1,0,0
22.0,94500,RENT,2.0,PERSONAL,B,20000,10.99,0,0.21,N,2,2022,0,0,1
23.0,83000,RENT,7.0,DEBTCONSOLIDATION,C,20000,10.99,1,0.24,N,2,2022,1,0,1
23.0,95000,RENT,2.0,EDUCATION,B,20000,10.99,0,0.21,N,2,2022,0,0,0
21.0,22000,OWN,5.0,VENTURE,A,7350,7.66,0,0.33,N,2,2022,0,0,0
22.0,22000,MORTGAGE,6.0,PERSONAL,A,7200,7.14,0,0.33,N,2,2022,0,0,0
24.0,22000,OWN,1.0,DEBTCONSOLIDATION,D,3000,16.0,0,0.14,Y,2,2022,0,0,0
26.0,22000,OWN,6.0,VENTURE,B,7500,10.96,0,0.34,N,2,2022,0,0,0
25.0,100000,RENT,9.0,HOMEIMPROVEMENT,C,20000,13.06,0,0.2,N,2,2022,0,0,0
25.0,100000,RENT,9.0,HOMEIMPROVEMENT,C,20000,13.06,0,0.2,Y,2,2022,0,0,0
23.0,74800,RENT,1.0,MEDICAL,E,20000,17.04,1,0.23,Y,2,2022,1,0,0
26.0,104000,RENT,0.0,DEBTCONSOLIDATION,B,20000,10.74,0,0.19,N,2,2022,0,0,0
23.0,95000,RENT,0.0,DEBTCONSOLIDATION,D,20000,14.59,1,0.21,Y,2,2022,1,0,0
23.0,110000,RENT,2.0,VENTURE,B,20000,10.99,0,0.18,N,2,2022,0,0,1
23.0,22800,MORTGAGE,2.0,PERSONAL,A,3000,8.9,1,0.13,N,2,2022,1,0,0
25.0,85000,RENT,7.0,MEDICAL,E,20000,17.39,1,0.2,N,2,2022,1,0,0
23.0,22800,MORTGAGE,3.0,PERSONAL,A,4800,5.79,0,0.21,N,2,2022,0,0,0
22.0,22800,MORTGAGE,0.0,PERSONAL,C,8300,12.61,1,0.36,Y,2,2022,1,1,0
22.0,22800,MORTGAGE,0.0,EDUCATION,A,3000,8.94,0,0.13,N,2,2022,0,0,0
25.0,130000,RENT,0.0,PERSONAL,C,20000,15.27,0,0.15,N,2,2022,0,0,0
23.0,22884,MORTGAGE,4.0,EDUCATION,E,6000,16.0,0,0.26,N,2,2022,0,0,0
24.0,133000,RENT,3.0,EDUCATION,D,20000,12.36,0,0.15,Y,2,2022,0,0,0
26.0,141500,RENT,3.0,HOMEIMPROVEMENT,B,20000,11.83,0,0.12,N,2,2022,0,0,0
25.0,141500,RENT,3.0,DEBTCONSOLIDATION,C,20000,14.72,0,0.11,Y,2,2022,0,0,0
25.0,23000,MORTGAGE,0.0,HOMEIMPROVEMENT,A,4400,6.76,0,0.19,N,2,2022,0,1,0
26.0,19500,RENT,0.0,MEDICAL,C,500,11.41,0,0.03,N,2,2022,0,0,0
25.0,23000,MORTGAGE,4.0,PERSONAL,C,10000,10.99,1,0.43,Y,2,2022,1,0,1
21.0,19000,RENT,0.0,EDUCATION,C,700,12.29,0,0.04,N,2,2022,0,0,0
23.0,10000,RENT,0.0,PERSONAL,B,1000,10.37,1,0.1,N,2,2022,1,1,0
23.0,10500,RENT,0.0,MEDICAL,B,1000,10.25,1,0.1,N,2,2022,1,1,0
25.0,12000,RENT,0.0,EDUCATION,B,1000,10.65,0,0.08,N,2,2022,0,0,0
21.0,12000,RENT,1.0,EDUCATION,C,1000,13.98,0,0.08,N,2,2022,0,0,0
21.0,23040,OWN,0.0,EDUCATION,A,15000,8.94,0,0.44000000000000006,N,2,2022,0,0,0
23.0,39600,RENT,5.0,EDUCATION,B,19000,10.62,1,0.44000000000000006,N,2,2022,1,0,0
25.0,47000,RENT,4.0,MEDICAL,B,19000,11.99,1,0.4,N,2,2022,1,0,0
23.0,54586,RENT,5.0,PERSONAL,B,19000,11.14,1,0.35,N,2,2022,1,0,0
26.0,62004,RENT,5.0,MEDICAL,A,19000,7.49,1,0.31,N,2,2022,1,0,0
23.0,78000,RENT,2.0,VENTURE,A,19000,8.9,0,0.24,N,2,2022,0,0,0
25.0,23920,MORTGAGE,0.0,MEDICAL,D,6000,14.59,1,0.25,Y,2,2022,1,0,0
22.0,23964,OWN,0.0,VENTURE,B,2500,9.91,0,0.1,N,2,2022,0,1,0
26.0,96000,RENT,6.0,PERSONAL,C,19000,13.22,0,0.2,Y,2,2022,0,0,0
24.0,105000,RENT,2.0,HOMEIMPROVEMENT,C,19000,12.29,0,0.18,Y,2,2022,0,0,0
26.0,55000,RENT,7.0,DEBTCONSOLIDATION,A,18800,6.99,1,0.34,N,2,2022,1,0,0
22.0,70000,RENT,2.0,DEBTCONSOLIDATION,B,18750,10.38,0,0.27,N,2,2022,0,0,0
24.0,34300,RENT,4.0,MEDICAL,B,18500,10.71,1,0.44000000000000006,N,2,2022,1,0,0
24.0,73000,RENT,0.0,HOMEIMPROVEMENT,A,18500,7.9,1,0.25,N,2,2022,1,0,0
22.0,24000,OWN,5.0,MEDICAL,B,8000,9.91,0,0.33,N,2,2022,0,0,0
24.0,78000,RENT,1.0,VENTURE,F,18500,15.33,1,0.24,N,2,2022,1,0,0
22.0,24000,MORTGAGE,5.0,EDUCATION,A,5000,7.9,0,0.21,N,2,2022,0,0,0
22.0,48888,RENT,1.0,PERSONAL,C,18400,13.16,1,0.38,N,2,2022,1,0,0
22.0,50000,RENT,2.0,DEBTCONSOLIDATION,B,18400,9.99,1,0.37,N,2,2022,1,0,0
23.0,120000,RENT,7.0,PERSONAL,A,18400,8.9,0,0.15,N,2,2022,0,0,0
22.0,36996,RENT,2.0,PERSONAL,D,18250,14.61,1,0.44000000000000006,Y,2,2022,1,0,0
23.0,46000,RENT,6.0,PERSONAL,B,18250,10.75,1,0.4,N,2,2022,1,0,0
25.0,55044,RENT,4.0,VENTURE,E,18250,17.56,1,0.33,N,2,2022,1,0,0
23.0,50000,RENT,4.0,VENTURE,B,18225,10.74,1,0.36,N,2,2022,1,0,0
24.0,55000,RENT,4.0,EDUCATION,B,18200,10.99,1,0.33,N,2,2022,1,0,0
23.0,24000,OWN,2.0,EDUCATION,D,8000,15.62,0,0.33,N,2,2022,0,0,0
25.0,42000,RENT,3.0,VENTURE,A,18000,6.17,1,0.43,N,2,2022,1,0,0
24.0,24000,OWN,1.0,EDUCATION,A,2400,7.49,0,0.1,N,2,2022,0,0,0
24.0,42765,RENT,9.0,DEBTCONSOLIDATION,C,18000,11.03,1,0.42,Y,2,2022,1,0,0
24.0,43000,RENT,9.0,MEDICAL,A,18000,7.9,1,0.42,N,2,2022,1,0,0
24.0,44000,RENT,6.0,VENTURE,B,18000,12.18,1,0.41,N,2,2022,1,0,0
22.0,46800,RENT,6.0,MEDICAL,C,18000,15.23,1,0.38,Y,2,2022,1,0,0
22.0,48000,RENT,5.0,EDUCATION,B,18000,10.99,1,0.38,N,2,2022,1,0,1
24.0,43400,RENT,2.0,DEBTCONSOLIDATION,E,18000,16.63,1,0.41,Y,2,2022,1,0,0
23.0,24000,MORTGAGE,2.0,MEDICAL,D,5000,15.99,1,0.21,Y,2,2022,1,0,0
22.0,50000,RENT,6.0,VENTURE,C,18000,13.79,1,0.36,N,2,2022,1,0,0
22.0,24000,OWN,3.0,EDUCATION,B,2500,10.59,0,0.1,N,2,2022,0,0,0
25.0,52526,RENT,9.0,VENTURE,B,18000,12.21,1,0.34,N,2,2022,1,0,0
24.0,48000,RENT,5.0,PERSONAL,A,18000,6.54,1,0.38,N,2,2022,1,0,0
25.0,55000,RENT,2.0,EDUCATION,C,18000,12.84,1,0.33,N,2,2022,1,0,0
21.0,50000,RENT,2.0,EDUCATION,D,18000,14.74,1,0.36,N,2,2022,1,0,0
21.0,52240,RENT,5.0,MEDICAL,E,18000,19.69,1,0.34,N,2,2022,1,0,0
25.0,61500,RENT,1.0,EDUCATION,C,18000,13.23,0,0.29,Y,2,2022,0,0,0
26.0,60000,RENT,2.0,HOMEIMPROVEMENT,D,18000,16.29,1,0.3,Y,2,2022,1,0,0
21.0,68000,RENT,4.0,EDUCATION,B,18000,10.65,0,0.26,N,2,2022,0,0,0
24.0,70000,RENT,1.0,HOMEIMPROVEMENT,B,18000,9.88,0,0.26,N,2,2022,0,0,0
25.0,54400,RENT,10.0,MEDICAL,E,18000,16.0,1,0.28,Y,2,2022,1,0,0
25.0,70200,RENT,9.0,EDUCATION,E,18000,16.45,0,0.26,N,2,2022,0,0,0
26.0,71820,RENT,10.0,DEBTCONSOLIDATION,B,18000,11.83,0,0.25,N,2,2022,0,0,0
24.0,72000,RENT,4.0,VENTURE,A,18000,7.88,0,0.25,N,2,2022,0,0,0
24.0,24000,OWN,3.0,EDUCATION,C,3000,13.98,0,0.13,N,2,2022,0,0,0
23.0,73500,RENT,7.0,EDUCATION,A,18000,10.99,0,0.24,N,2,2022,0,0,1
25.0,24000,MORTGAGE,2.0,PERSONAL,D,3500,15.58,1,0.15,Y,2,2022,1,0,0
21.0,24000,OWN,2.0,MEDICAL,B,7000,11.86,0,0.29,N,2,2022,0,0,0
26.0,78000,RENT,6.0,EDUCATION,C,18000,13.49,0,0.23,N,2,2022,0,0,0
21.0,80000,RENT,6.0,VENTURE,A,18000,7.9,0,0.23,N,2,2022,0,0,0
23.0,81000,RENT,7.0,MEDICAL,C,18000,13.98,0,0.22,N,2,2022,0,0,0
23.0,82000,RENT,7.0,MEDICAL,A,18000,10.99,0,0.22,N,2,2022,0,0,1
24.0,24000,MORTGAGE,4.0,EDUCATION,D,8500,15.7,0,0.35,N,2,2022,0,0,0
22.0,82570,RENT,6.0,VENTURE,C,18000,15.27,0,0.22,N,2,2022,0,0,0
22.0,24000,MORTGAGE,6.0,MEDICAL,A,2500,7.14,0,0.1,N,2,2022,0,0,0
26.0,86000,RENT,10.0,VENTURE,A,18000,8.49,0,0.21,N,2,2022,0,0,0
23.0,87000,RENT,2.0,EDUCATION,B,18000,11.89,0,0.21,N,2,2022,0,0,0
26.0,130000,RENT,2.0,PERSONAL,A,17950,10.99,0,0.14,N,2,2022,0,0,1
23.0,24000,OWN,1.0,EDUCATION,B,1500,12.21,0,0.06,N,2,2022,0,0,0
22.0,65000,RENT,6.0,DEBTCONSOLIDATION,B,17700,11.49,0,0.27,N,2,2022,0,0,0
25.0,59256,RENT,0.0,MEDICAL,C,17600,12.99,0,0.3,N,2,2022,0,1,0
22.0,65500,RENT,4.0,EDUCATION,B,17600,10.74,0,0.27,N,2,2022,0,0,0
24.0,70000,RENT,1.0,HOMEIMPROVEMENT,B,17600,10.62,0,0.25,N,2,2022,0,0,0
21.0,24000,MORTGAGE,2.0,EDUCATION,B,5000,8.7,0,0.21,N,2,2022,0,0,0
23.0,24091,MORTGAGE,5.0,PERSONAL,C,3500,12.99,0,0.15,Y,2,2022,0,0,0
21.0,37232,RENT,3.0,MEDICAL,B,17500,12.53,1,0.44000000000000006,N,2,2022,1,0,0
22.0,49176,RENT,7.0,MEDICAL,C,17500,13.85,1,0.36,N,2,2022,1,0,0
23.0,53352,RENT,3.0,VENTURE,A,17500,6.54,1,0.33,N,2,2022,1,0,0
26.0,75000,RENT,4.0,PERSONAL,A,17500,7.9,0,0.23,N,2,2022,0,0,0
22.0,24900,MORTGAGE,1.0,MEDICAL,C,5500,13.16,1,0.22,N,2,2022,1,0,0
25.0,95950,RENT,2.0,HOMEIMPROVEMENT,B,17500,11.71,0,0.18,N,2,2022,0,0,0
23.0,40000,RENT,2.0,EDUCATION,B,17475,9.91,1,0.44,N,2,2022,1,0,0
21.0,45408,RENT,3.0,DEBTCONSOLIDATION,B,17475,9.91,1,0.38,N,2,2022,1,0,0
23.0,24996,MORTGAGE,4.0,EDUCATION,B,5000,12.69,0,0.2,N,2,2022,0,0,0
24.0,96000,RENT,1.0,DEBTCONSOLIDATION,B,17400,10.37,0,0.18,N,2,2022,0,0,0
23.0,35000,RENT,6.0,EDUCATION,B,17000,10.37,1,0.44000000000000006,N,2,2022,1,0,0
26.0,29400,RENT,1.0,HOMEIMPROVEMENT,C,17000,12.99,1,0.44000000000000006,Y,2,2022,1,0,0
21.0,24996,OWN,3.0,EDUCATION,D,7000,15.58,0,0.28,N,2,2022,0,0,0
24.0,45792,RENT,3.0,DEBTCONSOLIDATION,B,17000,10.38,1,0.37,N,2,2022,1,0,0
23.0,24996,OWN,1.0,PERSONAL,D,4575,10.99,0,0.18,Y,2,2022,0,0,1
23.0,24996,OWN,1.0,EDUCATION,B,8000,11.26,0,0.32,N,2,2022,0,0,0
24.0,45000,RENT,0.0,EDUCATION,D,17000,14.96,1,0.38,Y,2,2022,1,1,0
25.0,52000,RENT,9.0,MEDICAL,C,17000,12.98,1,0.33,Y,2,2022,1,0,0
26.0,25000,OWN,0.0,VENTURE,C,7400,10.99,0,0.3,N,2,2022,0,0,1
22.0,25000,OWN,1.0,MEDICAL,C,2400,14.27,0,0.1,Y,2,2022,0,0,0
23.0,60000,RENT,3.0,PERSONAL,B,17000,11.11,0,0.28,N,2,2022,0,0,0
25.0,60000,RENT,3.0,PERSONAL,A,17000,6.91,0,0.28,N,2,2022,0,0,0
26.0,65000,RENT,0.0,VENTURE,C,17000,13.47,0,0.26,N,2,2022,0,0,0
24.0,75000,RENT,0.0,DEBTCONSOLIDATION,B,17000,12.53,0,0.23,N,2,2022,0,0,0
23.0,85500,RENT,1.0,EDUCATION,C,17000,13.11,0,0.2,Y,2,2022,0,0,0
22.0,96000,RENT,6.0,PERSONAL,B,17000,11.48,0,0.18,N,2,2022,0,0,0
26.0,25000,MORTGAGE,10.0,MEDICAL,A,7000,6.99,0,0.28,N,2,2022,0,0,0
23.0,25000,OWN,5.0,MEDICAL,A,7200,8.49,0,0.29,N,2,2022,0,0,0
22.0,25000,MORTGAGE,4.0,EDUCATION,A,1800,8.49,0,0.07,N,2,2022,0,0,0
24.0,60000,RENT,8.0,EDUCATION,A,16800,6.54,0,0.28,N,2,2022,0,0,0
23.0,60000,RENT,0.0,MEDICAL,C,16800,13.85,0,0.28,Y,2,2022,0,0,0
22.0,58650,RENT,6.0,MEDICAL,D,16800,16.77,1,0.24,N,2,2022,1,0,0
24.0,25000,MORTGAGE,1.0,MEDICAL,B,4000,11.11,0,0.16,N,2,2022,0,0,0
24.0,54000,RENT,0.0,PERSONAL,G,16750,20.11,1,0.31,Y,2,2022,1,0,0
26.0,70000,RENT,9.0,MEDICAL,C,16525,13.92,0,0.24,Y,2,2022,0,0,0
22.0,40428,RENT,4.0,MEDICAL,B,16500,10.75,1,0.41,N,2,2022,1,0,0
25.0,25000,OWN,3.0,EDUCATION,A,3000,6.76,0,0.12,N,2,2022,0,0,0
24.0,45000,RENT,1.0,PERSONAL,C,16425,13.49,1,0.36,Y,2,2022,1,0,0
23.0,30000,RENT,1.0,EDUCATION,C,16000,13.23,1,0.44000000000000006,N,2,2022,1,0,0
22.0,33000,RENT,1.0,VENTURE,B,16000,10.99,1,0.44000000000000006,N,2,2022,1,0,0
23.0,25000,MORTGAGE,0.0,PERSONAL,C,4750,13.57,0,0.19,N,2,2022,0,0,0
22.0,36900,RENT,5.0,VENTURE,A,16000,7.9,1,0.43,N,2,2022,1,0,0
24.0,39996,RENT,1.0,MEDICAL,B,16000,10.71,1,0.4,N,2,2022,1,0,0
22.0,25000,OWN,1.0,VENTURE,B,6000,11.89,0,0.24,N,2,2022,0,0,0
23.0,40000,RENT,3.0,EDUCATION,C,16000,12.99,1,0.4,Y,2,2022,1,0,0
21.0,41900,RENT,2.0,VENTURE,C,16000,12.84,1,0.38,Y,2,2022,1,0,0
23.0,25000,MORTGAGE,4.0,MEDICAL,A,5000,9.32,0,0.2,N,2,2022,0,0,0
25.0,43000,RENT,3.0,VENTURE,B,16000,11.49,1,0.37,N,2,2022,1,0,0
25.0,25000,OWN,7.0,MEDICAL,B,1525,10.95,0,0.06,N,2,2022,0,0,0
24.0,25000,MORTGAGE,3.0,DEBTCONSOLIDATION,A,7000,9.32,0,0.28,N,2,2022,0,0,0
24.0,44000,RENT,8.0,MEDICAL,A,16000,7.49,1,0.36,N,2,2022,1,0,0
26.0,25000,MORTGAGE,1.0,VENTURE,C,12000,12.09,1,0.44000000000000006,N,2,2022,1,0,0
24.0,25000,MORTGAGE,2.0,DEBTCONSOLIDATION,A,10000,8.0,0,0.4,N,2,2022,0,0,0
24.0,39000,RENT,2.0,HOMEIMPROVEMENT,C,16000,13.06,1,0.41,N,2,2022,1,0,0
22.0,25062,OWN,4.0,DEBTCONSOLIDATION,D,4000,16.49,0,0.16,Y,2,2022,0,0,0
26.0,25104,OWN,0.0,DEBTCONSOLIDATION,D,5400,16.49,0,0.22,N,2,2022,0,0,0
25.0,39000,RENT,9.0,MEDICAL,D,16000,14.11,1,0.41,Y,2,2022,1,0,0
24.0,25200,OWN,1.0,MEDICAL,C,3200,15.23,0,0.13,Y,2,2022,0,0,0
24.0,50000,RENT,6.0,HOMEIMPROVEMENT,C,16000,13.99,1,0.32,Y,2,2022,1,0,0
24.0,50000,RENT,8.0,VENTURE,B,16000,10.62,1,0.32,N,2,2022,1,0,0
22.0,25200,MORTGAGE,7.0,MEDICAL,C,4000,12.73,1,0.16,N,2,2022,1,0,0
21.0,55000,RENT,5.0,DEBTCONSOLIDATION,A,16000,8.94,0,0.29,N,2,2022,0,0,0
21.0,25200,MORTGAGE,0.0,PERSONAL,C,6500,14.26,1,0.26,Y,2,2022,1,0,0
25.0,58000,RENT,9.0,PERSONAL,A,16000,10.99,0,0.28,N,2,2022,0,0,1
26.0,60000,RENT,10.0,DEBTCONSOLIDATION,A,16000,7.49,0,0.27,N,2,2022,0,0,0
26.0,54000,RENT,2.0,VENTURE,D,16000,14.83,1,0.3,N,2,2022,1,0,0
22.0,61000,RENT,3.0,VENTURE,C,16000,10.99,0,0.26,Y,2,2022,0,0,1
23.0,62000,RENT,7.0,VENTURE,A,16000,7.49,0,0.26,N,2,2022,0,0,0
22.0,25500,MORTGAGE,0.0,VENTURE,A,7000,6.99,0,0.27,N,2,2022,0,0,0
25.0,25568,MORTGAGE,7.0,EDUCATION,C,12000,13.47,1,0.44000000000000006,Y,2,2022,1,0,0
24.0,58575,RENT,2.0,MEDICAL,F,16000,19.47,1,0.27,N,2,2022,1,0,0
22.0,25788,OWN,2.0,VENTURE,B,3500,12.18,0,0.14,N,2,2022,0,0,0
24.0,59000,RENT,2.0,MEDICAL,E,16000,16.45,1,0.27,N,2,2022,1,0,0
23.0,62500,RENT,4.0,DEBTCONSOLIDATION,D,16000,14.54,1,0.26,N,2,2022,1,0,0
25.0,26000,MORTGAGE,3.0,EDUCATION,B,3825,11.71,0,0.15,N,2,2022,0,0,0
24.0,72000,RENT,8.0,PERSONAL,C,16000,13.06,0,0.22,Y,2,2022,0,0,0
26.0,75000,RENT,1.0,VENTURE,B,16000,10.99,0,0.21,N,2,2022,0,0,1
26.0,75000,RENT,2.0,PERSONAL,C,16000,13.35,0,0.21,Y,2,2022,0,0,0
23.0,26000,MORTGAGE,7.0,MEDICAL,A,5000,7.91,0,0.19,N,2,2022,0,0,0
21.0,20000,RENT,2.0,DEBTCONSOLIDATION,C,1000,14.26,0,0.05,Y,2,2022,0,0,0
23.0,26000,OWN,7.0,PERSONAL,B,2000,10.36,0,0.08,N,2,2022,0,0,0
22.0,26000,MORTGAGE,4.0,PERSONAL,B,4000,9.25,0,0.15,N,2,2022,0,0,0
21.0,26000,OWN,5.0,EDUCATION,A,6000,5.79,0,0.23,N,2,2022,0,0,0
25.0,23712,RENT,9.0,MEDICAL,B,1000,11.49,0,0.04,N,2,2022,0,0,0
21.0,24000,RENT,0.0,MEDICAL,B,1000,10.99,1,0.04,N,2,2022,1,0,0
22.0,25000,RENT,3.0,DEBTCONSOLIDATION,D,1000,15.95,1,0.04,N,2,2022,1,0,0
21.0,26000,MORTGAGE,5.0,MEDICAL,D,14500,14.61,1,0.44000000000000006,Y,2,2022,1,0,0
24.0,26000,MORTGAGE,8.0,MEDICAL,A,7000,7.74,0,0.27,N,2,2022,0,0,0
22.0,26000,MORTGAGE,2.0,EDUCATION,A,2000,7.4,0,0.08,N,2,2022,0,0,0
24.0,30000,RENT,0.0,EDUCATION,A,1000,7.51,0,0.03,N,2,2022,0,0,0
25.0,26004,MORTGAGE,3.0,EDUCATION,B,10000,9.91,0,0.38,N,2,2022,0,0,0
25.0,30035,RENT,9.0,MEDICAL,C,1000,12.87,0,0.03,Y,2,2022,0,0,0
26.0,26004,MORTGAGE,5.0,HOMEIMPROVEMENT,B,6000,11.99,0,0.23,N,2,2022,0,0,0
22.0,26004,MORTGAGE,4.0,EDUCATION,A,5000,7.49,0,0.19,N,2,2022,0,0,0
21.0,33388,RENT,3.0,EDUCATION,B,1000,10.99,0,0.03,N,2,2022,0,0,0
21.0,26004,OWN,5.0,VENTURE,A,7500,10.99,0,0.29,N,2,2022,0,0,1
23.0,33600,RENT,2.0,PERSONAL,B,1000,10.36,0,0.03,N,2,2022,0,0,0
25.0,33600,RENT,5.0,DEBTCONSOLIDATION,B,1000,11.86,0,0.03,N,2,2022,0,0,0
22.0,35100,RENT,0.0,DEBTCONSOLIDATION,C,1000,13.98,0,0.03,N,2,2022,0,0,0
23.0,36000,RENT,3.0,EDUCATION,B,1000,10.99,0,0.03,N,2,2022,0,0,0
22.0,26400,MORTGAGE,0.0,HOMEIMPROVEMENT,A,1550,10.99,1,0.06,N,2,2022,1,1,1
25.0,33600,RENT,0.0,EDUCATION,D,1000,15.57,1,0.03,Y,2,2022,1,0,0
23.0,40000,RENT,2.0,EDUCATION,A,1000,6.03,0,0.03,N,2,2022,0,0,0
22.0,26400,MORTGAGE,0.0,PERSONAL,B,1000,10.99,1,0.04,N,2,2022,1,1,1
21.0,34500,RENT,4.0,DEBTCONSOLIDATION,E,1000,16.45,1,0.03,N,2,2022,1,0,0
22.0,40800,RENT,6.0,VENTURE,A,1000,6.91,0,0.02,N,2,2022,0,0,0
24.0,42000,RENT,2.0,VENTURE,C,1000,13.16,0,0.02,N,2,2022,0,0,0
23.0,45000,RENT,0.0,EDUCATION,C,1000,14.26,0,0.02,Y,2,2022,0,0,0
25.0,40800,RENT,0.0,DEBTCONSOLIDATION,D,1000,15.57,1,0.02,N,2,2022,1,1,0
22.0,48000,RENT,0.0,EDUCATION,A,1000,7.29,0,0.02,N,2,2022,0,0,0
23.0,51000,RENT,0.0,DEBTCONSOLIDATION,A,1000,7.14,0,0.02,N,2,2022,0,0,0
22.0,56000,RENT,6.0,EDUCATION,B,1000,11.49,0,0.02,N,2,2022,0,0,0
24.0,70399,RENT,0.0,DEBTCONSOLIDATION,A,1000,8.59,0,0.01,N,2,2022,0,0,0
25.0,35000,RENT,0.0,DEBTCONSOLIDATION,A,1100,6.76,0,0.03,N,2,2022,0,1,0
23.0,77000,RENT,3.0,VENTURE,B,1150,10.95,0,0.01,N,2,2022,0,0,0
24.0,26650,MORTGAGE,6.0,MEDICAL,B,1000,12.53,0,0.04,N,2,2022,0,0,0
24.0,13000,RENT,1.0,MEDICAL,B,1200,11.89,0,0.09,N,2,2022,0,0,0
22.0,14400,RENT,0.0,PERSONAL,B,1200,10.37,0,0.08,N,2,2022,0,0,0
25.0,16800,RENT,4.0,MEDICAL,B,1200,10.38,0,0.07,N,2,2022,0,0,0
21.0,27000,MORTGAGE,3.0,MEDICAL,C,9600,13.49,0,0.36,Y,2,2022,0,0,0
23.0,27000,OWN,4.0,VENTURE,A,6400,7.9,0,0.24,N,2,2022,0,0,0
23.0,20400,RENT,2.0,MEDICAL,A,1200,7.9,0,0.06,N,2,2022,0,0,0
22.0,21600,RENT,0.0,MEDICAL,A,1200,5.99,0,0.06,N,2,2022,0,0,0
22.0,27000,OWN,1.0,MEDICAL,B,4800,11.99,0,0.18,N,2,2022,0,0,0
22.0,27600,RENT,5.0,VENTURE,C,1200,13.06,0,0.04,N,2,2022,0,0,0
23.0,31500,RENT,7.0,EDUCATION,B,1200,8.88,0,0.04,N,2,2022,0,0,0
24.0,32400,RENT,0.0,MEDICAL,C,1200,13.11,0,0.04,Y,2,2022,0,0,0
23.0,27000,MORTGAGE,0.0,EDUCATION,B,4000,9.62,0,0.15,N,2,2022,0,1,0
23.0,33000,RENT,3.0,EDUCATION,A,1200,8.32,0,0.04,N,2,2022,0,0,0
26.0,27000,MORTGAGE,2.0,PERSONAL,D,3025,15.95,0,0.11,N,2,2022,0,0,0
24.0,36000,RENT,5.0,EDUCATION,B,1200,11.49,0,0.03,N,2,2022,0,0,0
25.0,43000,RENT,9.0,MEDICAL,A,1200,8.49,0,0.03,N,2,2022,0,0,0
24.0,27000,MORTGAGE,7.0,EDUCATION,B,10000,10.99,0,0.37,N,2,2022,0,0,1
23.0,39000,RENT,2.0,DEBTCONSOLIDATION,D,1200,15.95,1,0.03,N,2,2022,1,0,0
24.0,27000,MORTGAGE,1.0,DEBTCONSOLIDATION,B,7500,10.39,0,0.28,N,2,2022,0,0,0
22.0,100000,RENT,3.0,MEDICAL,A,1200,8.59,0,0.01,N,2,2022,0,0,0
24.0,9600,RENT,3.0,EDUCATION,C,1300,12.73,1,0.14,N,2,2022,1,0,0
22.0,54000,RENT,4.0,DEBTCONSOLIDATION,C,1300,14.27,1,0.02,Y,2,2022,1,0,0
25.0,27048,OTHER,9.0,MEDICAL,D,8000,15.05,1,0.3,Y,2,2022,1,0,0
25.0,24000,RENT,0.0,EDUCATION,C,1325,13.49,1,0.06,Y,2,2022,1,0,0
26.0,27138,MORTGAGE,10.0,DEBTCONSOLIDATION,B,2750,9.63,0,0.1,N,2,2022,0,0,0
21.0,23004,RENT,5.0,VENTURE,B,1350,9.99,0,0.06,N,2,2022,0,0,0
25.0,42000,RENT,0.0,DEBTCONSOLIDATION,A,1350,5.42,0,0.03,N,2,2022,0,0,0
22.0,27302,MORTGAGE,6.0,MEDICAL,B,3725,12.69,0,0.14,N,2,2022,0,0,0
25.0,30000,RENT,4.0,MEDICAL,C,1400,13.11,0,0.05,N,2,2022,0,0,0
24.0,27600,MORTGAGE,1.0,PERSONAL,C,2000,14.27,0,0.07,Y,2,2022,0,0,0
24.0,27600,MORTGAGE,5.0,MEDICAL,D,6000,15.62,1,0.22,Y,2,2022,1,0,0
22.0,27040,RENT,0.0,DEBTCONSOLIDATION,C,1500,12.73,0,0.06,N,2,2022,0,0,0
24.0,27600,OWN,2.0,MEDICAL,D,10000,10.99,0,0.36,N,2,2022,0,0,1
21.0,30000,RENT,0.0,DEBTCONSOLIDATION,C,1500,13.92,0,0.05,N,2,2022,0,0,0
25.0,31200,RENT,9.0,VENTURE,B,1500,11.12,0,0.05,N,2,2022,0,0,0
23.0,27996,OWN,1.0,PERSONAL,D,4800,15.99,0,0.17,Y,2,2022,0,0,0
22.0,27996,OWN,5.0,MEDICAL,A,5000,5.79,0,0.18,N,2,2022,0,0,0
23.0,27996,OWN,2.0,MEDICAL,B,9250,10.75,0,0.33,N,2,2022,0,0,0
22.0,27996,MORTGAGE,4.0,MEDICAL,D,3250,15.21,1,0.12,N,2,2022,1,0,0
22.0,27996,MORTGAGE,4.0,MEDICAL,B,5500,10.38,0,0.2,N,2,2022,0,0,0
21.0,35000,RENT,3.0,EDUCATION,A,1500,5.79,0,0.04,N,2,2022,0,0,0
23.0,29004,RENT,7.0,DEBTCONSOLIDATION,D,1500,14.59,1,0.05,Y,2,2022,1,0,0
24.0,36000,RENT,2.0,EDUCATION,C,1500,15.23,0,0.04,N,2,2022,0,0,0
22.0,28000,OWN,1.0,VENTURE,A,12300,6.62,0,0.44,N,2,2022,0,0,0
24.0,30996,RENT,0.0,HOMEIMPROVEMENT,D,1500,15.99,1,0.05,Y,2,2022,1,0,0
22.0,38000,RENT,2.0,EDUCATION,C,1500,13.22,0,0.04,Y,2,2022,0,0,0
23.0,28000,MORTGAGE,7.0,DEBTCONSOLIDATION,D,9500,15.62,1,0.34,N,2,2022,1,0,0
23.0,28000,MORTGAGE,5.0,MEDICAL,A,2500,5.99,0,0.09,N,2,2022,0,0,0
23.0,40000,RENT,7.0,VENTURE,C,1500,13.99,0,0.04,Y,2,2022,0,0,0
24.0,34000,RENT,3.0,DEBTCONSOLIDATION,A,1500,8.94,1,0.04,N,2,2022,1,0,0
23.0,40000,RENT,0.0,VENTURE,C,1500,11.78,0,0.04,N,2,2022,0,0,0
26.0,28000,MORTGAGE,8.0,PERSONAL,A,4500,10.99,1,0.16,N,2,2022,1,0,1
23.0,28000,MORTGAGE,2.0,VENTURE,B,8400,10.99,0,0.3,N,2,2022,0,0,0
23.0,42000,RENT,3.0,DEBTCONSOLIDATION,B,1500,10.71,0,0.04,N,2,2022,0,0,0
23.0,44400,RENT,0.0,EDUCATION,B,1500,11.63,0,0.03,N,2,2022,0,0,0
22.0,28000,MORTGAGE,5.0,EDUCATION,A,8500,6.17,0,0.3,N,2,2022,0,0,0
23.0,28000,MORTGAGE,4.0,HOMEIMPROVEMENT,D,5225,14.84,1,0.19,N,2,2022,1,0,0
24.0,48720,RENT,2.0,MEDICAL,C,1500,14.35,0,0.03,Y,2,2022,0,0,0
24.0,50000,RENT,1.0,DEBTCONSOLIDATION,C,1500,14.26,0,0.03,N,2,2022,0,0,0
24.0,51600,RENT,0.0,HOMEIMPROVEMENT,C,1500,12.61,0,0.03,Y,2,2022,0,1,0
22.0,28000,MORTGAGE,1.0,DEBTCONSOLIDATION,B,10750,11.14,0,0.38,N,2,2022,0,0,0
24.0,54000,RENT,8.0,MEDICAL,C,1500,14.17,0,0.03,Y,2,2022,0,0,0
25.0,28000,MORTGAGE,3.0,EDUCATION,A,5000,8.0,0,0.18,N,2,2022,0,0,0
25.0,28000,MORTGAGE,9.0,MEDICAL,A,4000,7.68,0,0.14,N,2,2022,0,0,0
22.0,58000,RENT,6.0,EDUCATION,A,1500,5.42,0,0.03,N,2,2022,0,0,0
22.0,60000,RENT,6.0,MEDICAL,C,1500,13.57,0,0.03,Y,2,2022,0,0,0
26.0,96000,RENT,4.0,PERSONAL,D,1500,10.99,0,0.02,Y,2,2022,0,0,1
23.0,10008,RENT,0.0,DEBTCONSOLIDATION,B,1600,10.36,1,0.16,N,2,2022,1,1,0
21.0,12000,RENT,3.0,EDUCATION,B,1600,10.59,1,0.13,N,2,2022,1,0,0
21.0,15360,RENT,0.0,EDUCATION,B,1600,12.69,0,0.1,N,2,2022,0,0,0
23.0,22800,RENT,0.0,PERSONAL,C,1600,13.06,0,0.07,N,2,2022,0,0,0
23.0,28800,RENT,1.0,PERSONAL,D,1675,15.21,1,0.06,Y,2,2022,1,0,0
23.0,28644,MORTGAGE,2.0,EDUCATION,B,10000,10.75,0,0.35,N,2,2022,0,0,0
23.0,45000,RENT,2.0,DEBTCONSOLIDATION,C,1700,14.72,0,0.04,N,2,2022,0,0,0
21.0,28692,MORTGAGE,5.0,EDUCATION,B,3000,10.75,0,0.1,N,2,2022,0,0,0
21.0,9600,RENT,0.0,EDUCATION,A,1750,8.94,1,0.18,N,2,2022,1,0,0
26.0,28800,MORTGAGE,2.0,VENTURE,A,5150,6.62,0,0.18,N,2,2022,0,0,0
23.0,22800,RENT,3.0,PERSONAL,D,1750,15.7,1,0.08,Y,2,2022,1,0,0
26.0,96000,RENT,2.0,HOMEIMPROVEMENT,A,1750,6.54,0,0.02,N,2,2022,0,0,0
23.0,45000,RENT,0.0,EDUCATION,C,1775,12.72,0,0.04,Y,2,2022,0,0,0
24.0,28800,MORTGAGE,6.0,DEBTCONSOLIDATION,A,6075,8.49,0,0.21,N,2,2022,0,0,0
23.0,28800,MORTGAGE,0.0,MEDICAL,A,10625,10.99,0,0.37,N,2,2022,0,1,1
24.0,28800,OWN,0.0,EDUCATION,A,7500,8.49,0,0.26,N,2,2022,0,1,0
22.0,28800,MORTGAGE,2.0,MEDICAL,A,10000,7.49,0,0.35,N,2,2022,0,0,0
24.0,21000,RENT,2.0,MEDICAL,B,1800,10.65,0,0.09,N,2,2022,0,0,0
26.0,22584,RENT,0.0,PERSONAL,A,1800,8.49,0,0.08,N,2,2022,0,1,0
23.0,28800,MORTGAGE,0.0,MEDICAL,A,6000,7.49,0,0.21,N,2,2022,0,0,0
24.0,24000,RENT,0.0,MEDICAL,B,1800,11.26,0,0.07,N,2,2022,0,0,0
22.0,28800,OWN,2.0,PERSONAL,A,2000,10.99,0,0.07,N,2,2022,0,0,1
26.0,45000,RENT,5.0,MEDICAL,D,1800,14.11,0,0.04,Y,2,2022,0,0,0
24.0,28800,OWN,8.0,VENTURE,B,6000,10.74,0,0.21,N,2,2022,0,0,0
21.0,48000,RENT,1.0,DEBTCONSOLIDATION,C,1800,13.35,0,0.04,Y,2,2022,0,0,0
23.0,50960,RENT,7.0,VENTURE,D,1800,16.02,0,0.04,N,2,2022,0,0,0
21.0,28800,MORTGAGE,2.0,PERSONAL,C,5500,13.23,0,0.19,Y,2,2022,0,0,0
22.0,58000,RENT,3.0,PERSONAL,B,1800,12.18,0,0.03,N,2,2022,0,0,0
26.0,75000,RENT,1.0,VENTURE,B,1800,9.25,0,0.02,N,2,2022,0,0,0
21.0,14400,RENT,2.0,VENTURE,D,1825,15.62,1,0.13,N,2,2022,1,0,0
22.0,28800,MORTGAGE,0.0,PERSONAL,B,14500,9.88,0,0.44000000000000006,N,2,2022,0,1,0
25.0,19200,RENT,0.0,PERSONAL,C,1825,12.68,0,0.1,Y,2,2022,0,0,0
25.0,28800,MORTGAGE,9.0,HOMEIMPROVEMENT,B,6250,10.25,0,0.22,N,2,2022,0,0,0
24.0,35000,RENT,4.0,EDUCATION,A,1850,7.12,0,0.05,N,2,2022,0,0,0
24.0,14400,RENT,1.0,EDUCATION,C,1875,13.49,0,0.13,Y,2,2022,0,0,0
24.0,32000,RENT,5.0,MEDICAL,C,1900,13.49,0,0.06,Y,2,2022,0,0,0
23.0,30000,RENT,0.0,PERSONAL,B,1925,12.18,0,0.06,N,2,2022,0,0,0
23.0,16800,RENT,0.0,DEBTCONSOLIDATION,B,1950,10.37,0,0.12,N,2,2022,0,0,0
24.0,28900,MORTGAGE,2.0,DEBTCONSOLIDATION,C,5500,12.98,0,0.19,Y,2,2022,0,0,0
24.0,28932,MORTGAGE,4.0,PERSONAL,C,10000,10.99,0,0.35,Y,2,2022,0,0,1
24.0,10000,RENT,2.0,DEBTCONSOLIDATION,B,2000,10.25,1,0.2,N,2,2022,1,0,0
23.0,28989,MORTGAGE,0.0,EDUCATION,A,10000,8.0,0,0.34,N,2,2022,0,0,0
26.0,14400,RENT,4.0,PERSONAL,B,2000,10.37,0,0.14,N,2,2022,0,0,0
21.0,14400,RENT,0.0,DEBTCONSOLIDATION,A,2000,5.79,0,0.14,N,2,2022,0,0,0
21.0,15600,RENT,0.0,MEDICAL,A,2000,7.9,0,0.13,N,2,2022,0,0,0
24.0,17616,RENT,0.0,VENTURE,B,2000,10.37,0,0.11,N,2,2022,0,1,0
26.0,18000,RENT,2.0,EDUCATION,D,2000,13.3,1,0.11,N,2,2022,1,0,0
22.0,19176,RENT,3.0,VENTURE,C,2000,14.22,0,0.1,Y,2,2022,0,0,0
22.0,19728,RENT,5.0,DEBTCONSOLIDATION,A,2000,7.49,0,0.1,N,2,2022,0,0,0
23.0,29004,MORTGAGE,2.0,MEDICAL,B,6000,11.99,0,0.21,N,2,2022,0,0,0
21.0,21600,RENT,0.0,DEBTCONSOLIDATION,B,2000,11.71,1,0.09,N,2,2022,1,0,0
22.0,21600,RENT,1.0,DEBTCONSOLIDATION,D,2000,16.89,1,0.09,N,2,2022,1,0,0
23.0,22000,RENT,1.0,VENTURE,C,2000,13.99,0,0.09,N,2,2022,0,0,0
21.0,23040,RENT,3.0,MEDICAL,C,2000,13.11,0,0.09,Y,2,2022,0,0,0
24.0,24000,RENT,0.0,HOMEIMPROVEMENT,B,2000,12.69,1,0.08,N,2,2022,1,1,0
25.0,24000,RENT,4.0,MEDICAL,D,2000,16.59,0,0.08,N,2,2022,0,0,0
23.0,24000,RENT,0.0,EDUCATION,C,2000,14.35,0,0.08,Y,2,2022,0,0,0
24.0,29200,MORTGAGE,6.0,PERSONAL,A,2500,6.76,0,0.09,N,2,2022,0,0,0
24.0,24000,RENT,1.0,HOMEIMPROVEMENT,D,2000,14.61,1,0.08,Y,2,2022,1,0,0
24.0,24000,RENT,0.0,VENTURE,E,2000,16.0,1,0.08,Y,2,2022,1,0,0
21.0,25500,RENT,6.0,EDUCATION,C,2000,13.47,0,0.08,N,2,2022,0,0,0
22.0,28800,RENT,3.0,MEDICAL,A,2000,8.49,0,0.07,N,2,2022,0,0,0
26.0,30000,RENT,2.0,EDUCATION,B,2000,11.71,1,0.07,N,2,2022,1,0,0
25.0,30000,RENT,0.0,MEDICAL,B,2000,12.42,0,0.07,N,2,2022,0,0,0
23.0,82000,RENT,7.0,HOMEIMPROVEMENT,D,15000,18.25,1,0.18,Y,2,2022,1,0,0
22.0,70550,RENT,6.0,MEDICAL,D,15000,16.77,1,0.18,Y,2,2022,1,0,0
25.0,95000,RENT,4.0,VENTURE,B,15000,12.42,0,0.16,N,2,2022,0,0,0
23.0,95000,RENT,7.0,VENTURE,D,15000,15.05,0,0.16,Y,2,2022,0,0,0
22.0,30000,OWN,3.0,EDUCATION,C,8000,13.49,0,0.27,N,2,2022,0,0,0
23.0,83600,RENT,7.0,DEBTCONSOLIDATION,A,15000,8.49,1,0.18,N,2,2022,1,0,0
25.0,96000,RENT,2.0,EDUCATION,B,15000,8.88,0,0.16,N,2,2022,0,0,0
24.0,100000,RENT,4.0,MEDICAL,A,15000,7.49,0,0.15,N,2,2022,0,0,0
26.0,100000,RENT,5.0,EDUCATION,A,15000,6.99,0,0.15,N,2,2022,0,0,0
26.0,100000,RENT,0.0,DEBTCONSOLIDATION,C,15000,14.26,0,0.15,Y,2,2022,0,0,0
24.0,100000,RENT,1.0,VENTURE,B,15000,11.89,0,0.15,N,2,2022,0,0,0
24.0,100896,RENT,7.0,HOMEIMPROVEMENT,D,15000,14.42,0,0.15,N,2,2022,0,0,0
23.0,30000,OWN,1.0,PERSONAL,A,5000,6.62,0,0.17,N,2,2022,0,0,0
23.0,110000,RENT,7.0,EDUCATION,B,15000,12.18,0,0.14,N,2,2022,0,0,0
24.0,98000,RENT,2.0,DEBTCONSOLIDATION,E,15000,14.93,1,0.15,N,2,2022,1,0,0
25.0,120000,RENT,2.0,PERSONAL,A,15000,7.51,0,0.13,N,2,2022,0,0,0
23.0,121000,RENT,7.0,MEDICAL,B,15000,10.99,0,0.12,N,2,2022,0,0,1
22.0,30000,MORTGAGE,3.0,HOMEIMPROVEMENT,C,10000,13.49,1,0.33,N,2,2022,1,0,0
23.0,30000,MORTGAGE,3.0,MEDICAL,E,3800,18.64,1,0.13,N,2,2022,1,0,0
22.0,33996,RENT,1.0,EDUCATION,D,14900,15.37,1,0.44,Y,2,2022,1,0,0
23.0,30000,MORTGAGE,8.0,VENTURE,A,4375,6.62,0,0.15,N,2,2022,0,0,0
25.0,30000,RENT,2.0,MEDICAL,B,2000,10.38,0,0.07,N,2,2022,0,0,0
24.0,30972,RENT,1.0,VENTURE,D,2000,16.29,1,0.06,N,2,2022,1,0,0
24.0,31200,RENT,3.0,PERSONAL,C,2000,14.65,0,0.06,Y,2,2022,0,0,0
22.0,32000,RENT,2.0,EDUCATION,B,2000,12.53,1,0.06,N,2,2022,1,0,0
24.0,32640,RENT,5.0,EDUCATION,B,2000,10.0,1,0.06,N,2,2022,1,0,0
23.0,30000,MORTGAGE,0.0,VENTURE,B,13000,10.99,0,0.43,N,2,2022,0,0,1
24.0,53000,RENT,3.0,HOMEIMPROVEMENT,B,2000,10.36,0,0.04,N,2,2022,0,0,0
24.0,53117,RENT,1.0,PERSONAL,C,2000,13.79,0,0.04,N,2,2022,0,0,0
25.0,57000,RENT,8.0,MEDICAL,B,2000,11.36,0,0.04,N,2,2022,0,0,0
26.0,57450,RENT,4.0,MEDICAL,C,2000,13.35,0,0.03,Y,2,2022,0,0,0
22.0,60000,RENT,6.0,EDUCATION,B,2000,9.63,0,0.03,N,2,2022,0,0,0
22.0,62000,RENT,4.0,EDUCATION,C,2000,15.27,0,0.03,N,2,2022,0,0,0
26.0,62400,RENT,3.0,PERSONAL,B,2000,12.53,0,0.03,N,2,2022,0,0,0
26.0,65000,RENT,3.0,MEDICAL,A,2000,7.51,0,0.03,N,2,2022,0,0,0
23.0,70000,RENT,4.0,PERSONAL,A,2000,7.66,0,0.03,N,2,2022,0,0,0
23.0,30000,MORTGAGE,2.0,VENTURE,B,1200,9.67,0,0.04,N,2,2022,0,0,0
26.0,70000,RENT,3.0,EDUCATION,C,2000,12.84,0,0.03,Y,2,2022,0,0,0
22.0,30000,MORTGAGE,6.0,VENTURE,B,3000,11.49,0,0.1,N,2,2022,0,0,0
24.0,75000,RENT,2.0,MEDICAL,B,2000,9.99,0,0.03,N,2,2022,0,0,0
26.0,30000,MORTGAGE,5.0,HOMEIMPROVEMENT,B,2000,11.99,1,0.07,N,2,2022,1,0,0
23.0,100000,RENT,4.0,MEDICAL,B,2000,10.62,0,0.02,N,2,2022,0,0,0
22.0,25000,RENT,1.0,VENTURE,B,2050,10.59,0,0.08,N,2,2022,0,0,0
23.0,12000,RENT,0.0,MEDICAL,A,2100,8.94,1,0.17,N,2,2022,1,0,0
22.0,30000,OWN,0.0,EDUCATION,A,12000,7.66,0,0.4,N,2,2022,0,1,0
22.0,24000,RENT,0.0,PERSONAL,B,2100,12.21,0,0.09,N,2,2022,0,0,0
22.0,30000,MORTGAGE,6.0,VENTURE,A,2000,5.42,0,0.07,N,2,2022,0,0,0
22.0,40000,RENT,0.0,DEBTCONSOLIDATION,A,2100,6.39,0,0.05,N,2,2022,0,0,0
22.0,52800,RENT,1.0,PERSONAL,A,2100,6.76,0,0.04,N,2,2022,0,0,0
22.0,60000,RENT,5.0,DEBTCONSOLIDATION,C,2100,14.65,0,0.04,N,2,2022,0,0,0
22.0,60000,RENT,5.0,VENTURE,C,2100,13.43,0,0.04,N,2,2022,0,0,0
25.0,30000,OWN,9.0,VENTURE,A,10000,10.99,0,0.33,N,2,2022,0,0,1
23.0,87000,RENT,4.0,EDUCATION,C,2100,10.99,0,0.02,N,2,2022,0,0,1
26.0,110000,RENT,0.0,DEBTCONSOLIDATION,A,2100,7.12,0,0.02,N,2,2022,0,0,0
22.0,28800,RENT,2.0,VENTURE,A,14000,7.9,1,0.44000000000000006,N,2,2022,1,0,0
21.0,30000,RENT,3.0,MEDICAL,B,14000,10.65,1,0.44000000000000006,N,2,2022,1,0,0
24.0,30000,RENT,2.0,DEBTCONSOLIDATION,A,14000,7.9,1,0.44000000000000006,N,2,2022,1,0,0
22.0,32000,RENT,0.0,DEBTCONSOLIDATION,C,14000,13.49,1,0.44,N,2,2022,1,0,0
24.0,32500,RENT,4.0,MEDICAL,C,14000,14.17,1,0.43,N,2,2022,1,0,0
24.0,30000,MORTGAGE,0.0,HOMEIMPROVEMENT,A,8000,6.17,0,0.27,N,2,2022,0,1,0
22.0,37000,RENT,6.0,PERSONAL,A,14000,6.92,1,0.38,N,2,2022,1,0,0
21.0,37947,RENT,5.0,PERSONAL,A,14000,7.9,1,0.37,N,2,2022,1,0,0
24.0,40000,RENT,4.0,MEDICAL,A,14000,6.03,1,0.35,N,2,2022,1,0,0
24.0,34000,RENT,0.0,VENTURE,D,14000,14.61,1,0.41,Y,2,2022,1,0,0
25.0,15000,RENT,0.0,VENTURE,A,2200,7.88,0,0.15,N,2,2022,0,0,0
21.0,16200,RENT,2.0,MEDICAL,D,2200,16.49,1,0.14,N,2,2022,1,0,0
23.0,26004,RENT,8.0,DEBTCONSOLIDATION,B,2200,9.91,1,0.08,N,2,2022,1,0,0
22.0,27996,RENT,0.0,HOMEIMPROVEMENT,D,2200,15.95,1,0.08,Y,2,2022,1,0,0
21.0,35360,RENT,1.0,EDUCATION,A,2200,7.49,0,0.06,N,2,2022,0,0,0
23.0,39270,RENT,6.0,VENTURE,C,2200,11.72,0,0.06,N,2,2022,0,0,0
22.0,46080,RENT,1.0,VENTURE,B,2200,11.99,0,0.05,N,2,2022,0,0,0
23.0,30000,MORTGAGE,2.0,VENTURE,A,8000,7.88,0,0.27,N,2,2022,0,0,0
25.0,30000,MORTGAGE,0.0,HOMEIMPROVEMENT,C,6000,14.35,0,0.2,Y,2,2022,0,0,0
23.0,14000,RENT,2.0,EDUCATION,D,2300,15.33,1,0.16,N,2,2022,1,0,0
22.0,30000,OWN,0.0,VENTURE,C,7000,13.98,0,0.23,Y,2,2022,0,1,0
26.0,30000,RENT,1.0,MEDICAL,B,2300,10.99,0,0.08,N,2,2022,0,0,0
21.0,34416,RENT,5.0,EDUCATION,A,2300,6.76,0,0.07,N,2,2022,0,0,0
26.0,36400,RENT,4.0,EDUCATION,A,2300,7.4,0,0.06,N,2,2022,0,0,0
22.0,30000,OWN,4.0,PERSONAL,B,5000,11.12,0,0.17,N,2,2022,0,0,0
23.0,78000,RENT,5.0,EDUCATION,D,2300,17.58,0,0.03,Y,2,2022,0,0,0
24.0,12000,RENT,4.0,MEDICAL,A,2400,6.92,1,0.2,N,2,2022,1,0,0
24.0,13288,RENT,5.0,VENTURE,D,2400,17.27,1,0.18,N,2,2022,1,0,0
24.0,30000,MORTGAGE,8.0,HOMEIMPROVEMENT,C,5000,13.48,1,0.17,Y,2,2022,1,0,0
25.0,30000,MORTGAGE,6.0,PERSONAL,A,4000,7.14,0,0.13,N,2,2022,0,0,0
26.0,30000,MORTGAGE,3.0,HOMEIMPROVEMENT,B,15000,10.62,0,0.44000000000000006,N,2,2022,0,0,0
26.0,18000,RENT,1.0,VENTURE,C,2400,13.06,1,0.13,Y,2,2022,1,0,0
24.0,30000,MORTGAGE,9.0,DEBTCONSOLIDATION,C,2400,13.11,0,0.08,Y,2,2022,0,0,0
21.0,18000,RENT,0.0,VENTURE,C,2400,14.72,0,0.13,N,2,2022,0,1,0
24.0,20000,RENT,0.0,DEBTCONSOLIDATION,D,2400,15.62,1,0.12,N,2,2022,1,0,0
21.0,26400,RENT,0.0,EDUCATION,C,2400,14.79,0,0.09,Y,2,2022,0,0,0
22.0,27259,RENT,1.0,EDUCATION,B,2400,10.59,0,0.09,N,2,2022,0,0,0
21.0,30000,RENT,1.0,HOMEIMPROVEMENT,D,2400,17.19,1,0.08,Y,2,2022,1,0,0
21.0,30000,RENT,1.0,VENTURE,D,2400,16.49,1,0.08,Y,2,2022,1,0,0
26.0,30000,OWN,0.0,PERSONAL,C,15000,13.22,0,0.44000000000000006,N,2,2022,0,0,0
22.0,35000,RENT,1.0,EDUCATION,C,2400,10.99,0,0.07,Y,2,2022,0,0,1
22.0,40000,RENT,1.0,EDUCATION,C,2400,12.73,0,0.06,Y,2,2022,0,0,0
23.0,30000,MORTGAGE,5.0,MEDICAL,A,1000,7.4,0,0.03,N,2,2022,0,0,0
24.0,41300,RENT,2.0,EDUCATION,C,2400,12.68,0,0.06,N,2,2022,0,0,0
22.0,41600,RENT,0.0,EDUCATION,C,2400,12.22,0,0.06,Y,2,2022,0,0,0
24.0,30000,MORTGAGE,0.0,DEBTCONSOLIDATION,C,6000,13.57,0,0.2,N,2,2022,0,0,0
21.0,30000,MORTGAGE,0.0,PERSONAL,A,4750,9.63,1,0.16,N,2,2022,1,0,0
24.0,30000,MORTGAGE,2.0,EDUCATION,A,1000,8.0,0,0.03,N,2,2022,0,0,0
23.0,49800,RENT,2.0,PERSONAL,B,2400,11.83,0,0.05,N,2,2022,0,0,0
26.0,54000,RENT,2.0,HOMEIMPROVEMENT,D,2400,14.09,1,0.04,N,2,2022,1,0,0
22.0,66000,RENT,2.0,EDUCATION,A,2400,7.4,0,0.04,N,2,2022,0,0,0
26.0,67000,RENT,4.0,MEDICAL,C,2400,12.99,0,0.04,Y,2,2022,0,0,0
24.0,30000,MORTGAGE,4.0,PERSONAL,B,5000,10.71,0,0.17,N,2,2022,0,0,0
25.0,95000,RENT,0.0,DEBTCONSOLIDATION,B,2400,9.25,0,0.03,N,2,2022,0,1,0
26.0,16000,RENT,1.0,VENTURE,D,2450,10.99,1,0.15,Y,2,2022,1,0,1
22.0,24000,RENT,0.0,DEBTCONSOLIDATION,A,2450,7.9,0,0.1,N,2,2022,0,0,0
21.0,10800,RENT,4.0,PERSONAL,B,2500,8.88,1,0.23,N,2,2022,1,0,0
21.0,12540,RENT,0.0,HOMEIMPROVEMENT,A,2500,7.88,1,0.2,N,2,2022,1,1,0
24.0,12600,RENT,2.0,VENTURE,C,2500,13.11,1,0.2,Y,2,2022,1,0,0
23.0,95000,RENT,2.0,VENTURE,B,13600,11.11,0,0.14,N,2,2022,0,0,0
26.0,30200,OWN,3.0,VENTURE,B,9200,10.99,0,0.3,N,2,2022,0,0,0
25.0,30200,MORTGAGE,9.0,HOMEIMPROVEMENT,B,15000,10.2,0,0.44000000000000006,N,2,2022,0,0,0
23.0,51000,RENT,6.0,DEBTCONSOLIDATION,C,13500,12.23,0,0.26,Y,2,2022,0,0,0
23.0,30280,MORTGAGE,5.0,EDUCATION,A,5800,7.29,0,0.19,N,2,2022,0,0,0
22.0,30288,MORTGAGE,2.0,EDUCATION,C,6000,12.73,0,0.2,N,2,2022,0,0,0
24.0,30300,MORTGAGE,0.0,MEDICAL,A,5000,7.74,0,0.17,N,2,2022,0,0,0
24.0,57000,RENT,0.0,PERSONAL,A,13500,6.92,0,0.24,N,2,2022,0,0,0
24.0,57772,RENT,6.0,VENTURE,C,13500,13.99,0,0.23,N,2,2022,0,0,0
25.0,60000,RENT,9.0,DEBTCONSOLIDATION,A,13500,7.49,0,0.23,N,2,2022,0,0,0
24.0,68000,RENT,3.0,EDUCATION,B,13500,12.21,0,0.2,N,2,2022,0,0,0
26.0,77508,RENT,10.0,VENTURE,C,13500,12.87,0,0.17,Y,2,2022,0,0,0
23.0,30652,MORTGAGE,4.0,DEBTCONSOLIDATION,D,6000,14.54,1,0.2,Y,2,2022,1,0,0
26.0,38000,RENT,3.0,EDUCATION,B,13400,9.99,1,0.35,N,2,2022,1,0,0
25.0,30720,MORTGAGE,3.0,VENTURE,B,2000,11.12,0,0.07,N,2,2022,0,0,0
22.0,50000,RENT,0.0,DEBTCONSOLIDATION,D,13350,14.59,1,0.27,N,2,2022,1,0,0
23.0,54000,RENT,5.0,VENTURE,D,13275,17.58,0,0.25,Y,2,2022,0,0,0
25.0,24000,RENT,3.0,VENTURE,B,13250,10.37,1,0.44000000000000006,N,2,2022,1,0,0
26.0,40000,RENT,3.0,PERSONAL,B,13250,11.71,1,0.33,N,2,2022,1,0,0
22.0,40000,RENT,6.0,PERSONAL,D,13225,16.77,1,0.33,Y,2,2022,1,0,0
23.0,30996,OWN,2.0,VENTURE,B,5000,11.86,0,0.16,N,2,2022,0,0,0
23.0,44248,RENT,0.0,EDUCATION,A,13200,10.99,0,0.3,N,2,2022,0,1,1
26.0,54000,RENT,0.0,PERSONAL,D,13200,14.91,1,0.24,Y,2,2022,1,0,0
24.0,71040,RENT,1.0,VENTURE,A,13100,7.49,0,0.18,N,2,2022,0,0,0
24.0,31000,MORTGAGE,8.0,EDUCATION,A,5000,5.42,0,0.16,N,2,2022,0,0,0
25.0,31000,MORTGAGE,7.0,HOMEIMPROVEMENT,A,6000,7.66,0,0.19,N,2,2022,0,0,0
21.0,24000,RENT,5.0,DEBTCONSOLIDATION,C,13000,12.87,1,0.44000000000000006,N,2,2022,1,0,0
26.0,28800,RENT,0.0,HOMEIMPROVEMENT,D,13000,14.46,1,0.44000000000000006,N,2,2022,1,0,0
21.0,31200,RENT,0.0,EDUCATION,C,13000,13.11,1,0.42,Y,2,2022,1,0,0
26.0,34000,RENT,2.0,MEDICAL,B,13000,9.63,1,0.38,N,2,2022,1,0,0
25.0,35000,RENT,5.0,MEDICAL,C,13000,13.22,1,0.37,N,2,2022,1,0,0
26.0,31000,MORTGAGE,5.0,EDUCATION,B,4000,10.33,0,0.13,N,2,2022,0,0,0
23.0,30000,RENT,4.0,DEBTCONSOLIDATION,C,13000,13.57,1,0.43,Y,2,2022,1,0,0
23.0,31164,MORTGAGE,7.0,DEBTCONSOLIDATION,A,4500,6.62,0,0.14,N,2,2022,0,0,0
26.0,31200,MORTGAGE,6.0,PERSONAL,A,9250,7.9,0,0.3,N,2,2022,0,0,0
21.0,40800,RENT,3.0,MEDICAL,C,13000,13.57,1,0.32,Y,2,2022,1,0,0
22.0,31200,MORTGAGE,3.0,VENTURE,B,3200,10.99,0,0.1,N,2,2022,0,0,0
22.0,37200,RENT,0.0,VENTURE,E,13000,16.0,1,0.35,N,2,2022,1,0,0
23.0,44000,RENT,1.0,EDUCATION,C,13000,13.47,0,0.3,N,2,2022,0,0,0
25.0,31200,MORTGAGE,3.0,MEDICAL,A,11200,5.42,0,0.36,N,2,2022,0,0,0
24.0,46540,RENT,5.0,VENTURE,D,13000,10.99,0,0.28,Y,2,2022,0,0,1
22.0,48000,RENT,1.0,MEDICAL,B,13000,9.99,0,0.27,N,2,2022,0,0,0
22.0,21996,RENT,0.0,MEDICAL,B,2500,11.89,0,0.11,N,2,2022,0,0,0
23.0,22000,RENT,0.0,VENTURE,A,2500,7.51,0,0.11,N,2,2022,0,0,0
24.0,22000,RENT,0.0,DEBTCONSOLIDATION,B,2500,9.76,0,0.11,N,2,2022,0,0,0
23.0,24000,RENT,0.0,EDUCATION,B,2500,11.71,0,0.1,N,2,2022,0,0,0
21.0,31200,MORTGAGE,2.0,EDUCATION,D,1000,14.59,0,0.03,N,2,2022,0,0,0
25.0,31200,MORTGAGE,0.0,EDUCATION,E,4750,10.99,1,0.15,N,2,2022,1,0,1
24.0,31200,OWN,8.0,PERSONAL,B,10000,12.18,0,0.32,N,2,2022,0,0,0
22.0,31200,MORTGAGE,6.0,VENTURE,A,3500,7.74,0,0.11,N,2,2022,0,0,0
22.0,24960,RENT,0.0,VENTURE,A,2500,7.51,0,0.1,N,2,2022,0,0,0
24.0,31200,MORTGAGE,2.0,EDUCATION,C,6700,14.26,0,0.21,Y,2,2022,0,0,0
23.0,25000,RENT,0.0,PERSONAL,A,2500,6.91,0,0.1,N,2,2022,0,0,0
26.0,31303,MORTGAGE,7.0,MEDICAL,A,12000,10.99,0,0.38,N,2,2022,0,0,1
22.0,31356,MORTGAGE,6.0,DEBTCONSOLIDATION,D,11225,10.99,1,0.36,Y,2,2022,1,0,1
25.0,26400,RENT,0.0,EDUCATION,B,2500,10.62,0,0.09,N,2,2022,0,1,0
25.0,27024,RENT,7.0,EDUCATION,E,2500,16.69,0,0.09,N,2,2022,0,0,0
22.0,31500,OWN,0.0,VENTURE,A,8000,6.03,0,0.25,N,2,2022,0,1,0
21.0,28200,RENT,2.0,DEBTCONSOLIDATION,D,2500,16.77,1,0.09,Y,2,2022,1,0,0
23.0,30000,RENT,7.0,MEDICAL,B,2500,9.88,0,0.08,N,2,2022,0,0,0
22.0,31500,MORTGAGE,3.0,VENTURE,B,4500,9.88,0,0.14,N,2,2022,0,0,0
21.0,31544,MORTGAGE,0.0,MEDICAL,A,2200,7.9,0,0.07,N,2,2022,0,1,0
25.0,33000,RENT,6.0,DEBTCONSOLIDATION,B,2500,10.59,0,0.08,N,2,2022,0,0,0
23.0,33448,RENT,2.0,EDUCATION,C,2500,11.66,0,0.07,Y,2,2022,0,0,0
21.0,34368,RENT,0.0,DEBTCONSOLIDATION,C,2500,12.87,0,0.07,Y,2,2022,0,0,0
23.0,34800,RENT,7.0,EDUCATION,A,2500,6.39,0,0.07,N,2,2022,0,0,0
23.0,35000,RENT,0.0,DEBTCONSOLIDATION,A,2500,7.51,0,0.07,N,2,2022,0,0,0
22.0,30000,RENT,2.0,EDUCATION,A,2500,8.49,1,0.08,N,2,2022,1,0,0
25.0,31920,MORTGAGE,8.0,MEDICAL,C,4500,10.99,0,0.14,Y,2,2022,0,0,1
25.0,32000,RENT,1.0,MEDICAL,E,2500,16.45,1,0.08,Y,2,2022,1,0,0
25.0,38060,RENT,9.0,DEBTCONSOLIDATION,B,2500,12.53,0,0.07,N,2,2022,0,0,0
23.0,32000,MORTGAGE,7.0,EDUCATION,B,10000,11.71,0,0.31,N,2,2022,0,0,0
23.0,40000,RENT,0.0,DEBTCONSOLIDATION,B,2500,10.99,0,0.06,N,2,2022,0,0,1
22.0,35500,RENT,6.0,MEDICAL,D,2500,15.62,1,0.07,N,2,2022,1,0,0
21.0,42000,RENT,5.0,MEDICAL,B,2500,9.99,0,0.06,N,2,2022,0,0,0
23.0,42000,RENT,0.0,EDUCATION,B,2500,11.49,0,0.06,N,2,2022,0,0,0
25.0,36228,RENT,4.0,MEDICAL,A,2500,7.66,1,0.07,N,2,2022,1,0,0
21.0,42500,RENT,0.0,DEBTCONSOLIDATION,B,2500,10.99,0,0.06,N,2,2022,0,0,1
26.0,43000,RENT,3.0,EDUCATION,C,2500,13.49,0,0.06,N,2,2022,0,0,0
23.0,32000,MORTGAGE,4.0,EDUCATION,A,2000,5.99,0,0.06,N,2,2022,0,0,0
22.0,45000,RENT,5.0,MEDICAL,C,2500,14.35,0,0.06,Y,2,2022,0,0,0
22.0,32000,MORTGAGE,3.0,EDUCATION,A,6000,8.49,0,0.19,N,2,2022,0,0,0
22.0,49500,RENT,7.0,MEDICAL,C,2500,14.27,0,0.05,Y,2,2022,0,0,0
22.0,45630,RENT,0.0,EDUCATION,E,2500,18.64,1,0.05,N,2,2022,1,0,0
22.0,32000,MORTGAGE,0.0,EDUCATION,A,11050,7.49,0,0.35,N,2,2022,0,1,0
26.0,52000,RENT,6.0,DEBTCONSOLIDATION,C,2500,14.82,0,0.05,Y,2,2022,0,0,0
25.0,54000,RENT,4.0,PERSONAL,C,2500,13.98,0,0.05,N,2,2022,0,0,0
23.0,54000,RENT,7.0,EDUCATION,D,2500,16.32,0,0.05,Y,2,2022,0,0,0
26.0,48996,RENT,8.0,DEBTCONSOLIDATION,D,2500,14.59,1,0.05,N,2,2022,1,0,0
25.0,55000,RENT,4.0,PERSONAL,A,2500,7.88,0,0.05,N,2,2022,0,0,0
23.0,49000,RENT,1.0,DEBTCONSOLIDATION,F,2500,10.99,1,0.05,N,2,2022,1,0,1
25.0,32000,MORTGAGE,7.0,PERSONAL,B,3250,10.74,1,0.1,N,2,2022,1,0,0
23.0,59000,RENT,7.0,PERSONAL,D,2500,14.96,0,0.04,N,2,2022,0,0,0
23.0,63000,RENT,7.0,EDUCATION,C,2500,14.72,0,0.04,N,2,2022,0,0,0
25.0,65004,RENT,10.0,MEDICAL,B,2500,10.08,0,0.04,N,2,2022,0,0,0
24.0,32000,MORTGAGE,7.0,VENTURE,A,4500,6.76,0,0.14,N,2,2022,0,0,0
24.0,79800,RENT,8.0,HOMEIMPROVEMENT,B,2500,9.62,0,0.03,N,2,2022,0,0,0
26.0,85000,RENT,1.0,EDUCATION,A,2500,8.59,0,0.03,N,2,2022,0,0,0
26.0,141500,RENT,7.0,MEDICAL,C,2500,13.61,0,0.01,Y,2,2022,0,0,0
23.0,13000,RENT,3.0,PERSONAL,D,2800,15.21,1,0.22,Y,2,2022,1,0,0
25.0,13380,RENT,0.0,PERSONAL,D,2800,14.61,1,0.21,Y,2,2022,1,0,0
23.0,23760,RENT,2.0,DEBTCONSOLIDATION,B,2800,10.99,0,0.12,N,2,2022,0,0,1
25.0,32000,MORTGAGE,1.0,DEBTCONSOLIDATION,C,8000,13.16,0,0.25,N,2,2022,0,0,0
21.0,32000,MORTGAGE,5.0,DEBTCONSOLIDATION,B,4200,11.58,0,0.13,N,2,2022,0,0,0
22.0,32000,OWN,1.0,MEDICAL,B,1200,9.96,0,0.04,N,2,2022,0,0,0
23.0,28800,RENT,5.0,PERSONAL,B,2800,10.38,0,0.1,N,2,2022,0,0,0
24.0,45000,RENT,3.0,MEDICAL,D,2850,11.86,0,0.06,N,2,2022,0,0,0
22.0,32004,MORTGAGE,6.0,EDUCATION,A,10000,7.51,0,0.31,N,2,2022,0,0,0
26.0,66000,RENT,0.0,DEBTCONSOLIDATION,A,2875,7.49,0,0.04,N,2,2022,0,0,0
21.0,19000,RENT,0.0,PERSONAL,A,2900,8.0,0,0.15,N,2,2022,0,0,0
26.0,31200,RENT,0.0,MEDICAL,B,2900,9.91,0,0.09,N,2,2022,0,0,0
22.0,25000,RENT,0.0,VENTURE,B,2975,9.96,0,0.12,N,2,2022,0,0,0
21.0,49800,RENT,6.0,EDUCATION,A,2975,7.9,0,0.06,N,2,2022,0,0,0
23.0,32198,MORTGAGE,3.0,EDUCATION,B,1000,10.95,0,0.03,N,2,2022,0,0,0
22.0,32352,MORTGAGE,6.0,HOMEIMPROVEMENT,C,1000,15.27,1,0.03,Y,2,2022,1,0,0
21.0,14400,RENT,2.0,HOMEIMPROVEMENT,B,3000,9.63,1,0.21,N,2,2022,1,0,0
26.0,14400,RENT,1.0,VENTURE,B,3000,10.99,1,0.21,N,2,2022,1,0,1
23.0,16080,RENT,0.0,DEBTCONSOLIDATION,D,3000,16.29,1,0.19,Y,2,2022,1,1,0
21.0,32400,MORTGAGE,2.0,EDUCATION,A,10000,5.42,0,0.31,N,2,2022,0,0,0
21.0,18000,RENT,0.0,DEBTCONSOLIDATION,A,3000,7.9,1,0.17,N,2,2022,1,0,0
22.0,32400,MORTGAGE,1.0,DEBTCONSOLIDATION,A,5500,10.99,0,0.17,N,2,2022,0,0,1
21.0,32400,MORTGAGE,5.0,PERSONAL,E,5000,16.0,1,0.15,N,2,2022,1,0,0
24.0,18000,RENT,5.0,PERSONAL,C,3000,15.27,1,0.17,Y,2,2022,1,0,0
23.0,18000,RENT,1.0,HOMEIMPROVEMENT,D,3000,15.99,1,0.17,Y,2,2022,1,0,0
23.0,18000,RENT,4.0,PERSONAL,C,3000,13.06,1,0.17,N,2,2022,1,0,0
22.0,18000,RENT,2.0,VENTURE,B,3000,10.99,1,0.17,N,2,2022,1,0,1
22.0,18000,RENT,1.0,PERSONAL,B,3000,11.86,1,0.17,N,2,2022,1,0,0
21.0,18008,RENT,1.0,MEDICAL,B,3000,9.7,1,0.17,N,2,2022,1,0,0
22.0,19000,RENT,5.0,VENTURE,C,3000,13.06,1,0.16,N,2,2022,1,0,0
23.0,19200,RENT,3.0,VENTURE,C,3000,12.99,1,0.16,Y,2,2022,1,0,0
26.0,32500,MORTGAGE,0.0,HOMEIMPROVEMENT,A,3500,8.59,0,0.11,N,2,2022,0,0,0
21.0,19200,RENT,0.0,PERSONAL,B,3000,10.99,1,0.16,N,2,2022,1,0,0
25.0,32760,MORTGAGE,6.0,VENTURE,B,6000,10.59,0,0.18,N,2,2022,0,0,0
26.0,21000,RENT,3.0,PERSONAL,B,3000,10.59,0,0.14,N,2,2022,0,0,0
23.0,21000,RENT,2.0,DEBTCONSOLIDATION,C,3000,12.68,0,0.14,Y,2,2022,0,0,0
21.0,32900,MORTGAGE,2.0,MEDICAL,B,3000,9.99,0,0.09,N,2,2022,0,0,0
24.0,22000,RENT,3.0,PERSONAL,B,3000,10.33,0,0.14,N,2,2022,0,0,0
22.0,23000,RENT,4.0,MEDICAL,A,3000,5.79,0,0.13,N,2,2022,0,0,0
22.0,33000,OWN,6.0,PERSONAL,B,12000,9.91,0,0.36,N,2,2022,0,0,0
24.0,30000,RENT,4.0,DEBTCONSOLIDATION,E,3000,19.29,1,0.1,Y,2,2022,1,0,0
23.0,30000,RENT,2.0,VENTURE,A,3000,7.49,0,0.1,N,2,2022,0,0,0
24.0,30000,RENT,1.0,PERSONAL,B,3000,10.37,0,0.1,N,2,2022,0,0,0
23.0,30000,RENT,3.0,MEDICAL,D,3000,15.2,1,0.1,Y,2,2022,1,0,0
25.0,30000,RENT,3.0,PERSONAL,C,3000,13.61,0,0.1,N,2,2022,0,0,0
24.0,30000,RENT,1.0,DEBTCONSOLIDATION,C,3000,13.98,1,0.1,Y,2,2022,1,0,0
25.0,33000,MORTGAGE,9.0,MEDICAL,B,3000,11.99,0,0.09,N,2,2022,0,0,0
26.0,33000,OWN,0.0,VENTURE,A,10150,8.49,0,0.31,N,2,2022,0,1,0
23.0,31200,RENT,2.0,EDUCATION,B,3000,11.89,0,0.1,N,2,2022,0,0,0
24.0,32000,RENT,4.0,MEDICAL,C,3000,12.29,0,0.09,Y,2,2022,0,0,0
24.0,33000,MORTGAGE,8.0,HOMEIMPROVEMENT,C,2050,13.49,1,0.06,N,2,2022,1,0,0
25.0,32004,RENT,0.0,DEBTCONSOLIDATION,A,3000,9.32,0,0.09,N,2,2022,0,0,0
23.0,32400,RENT,6.0,VENTURE,B,3000,10.0,0,0.09,N,2,2022,0,0,0
26.0,32640,RENT,7.0,VENTURE,B,3000,10.75,0,0.09,N,2,2022,0,0,0
22.0,33000,MORTGAGE,5.0,DEBTCONSOLIDATION,A,12375,7.29,0,0.38,N,2,2022,0,0,0
25.0,33000,RENT,3.0,VENTURE,A,3000,5.99,0,0.09,N,2,2022,0,0,0
26.0,33189,RENT,4.0,EDUCATION,B,3000,11.12,0,0.09,N,2,2022,0,0,0
22.0,34500,RENT,3.0,DEBTCONSOLIDATION,B,3000,11.83,0,0.09,N,2,2022,0,0,0
25.0,29000,RENT,9.0,MEDICAL,A,3000,6.62,1,0.1,N,2,2022,1,0,0
22.0,35000,RENT,0.0,EDUCATION,B,3000,10.99,0,0.09,N,2,2022,0,0,1
22.0,35000,RENT,5.0,EDUCATION,B,3000,10.01,0,0.09,N,2,2022,0,0,0
22.0,29244,RENT,0.0,DEBTCONSOLIDATION,D,3000,13.3,1,0.1,Y,2,2022,1,0,0
24.0,35256,RENT,2.0,DEBTCONSOLIDATION,B,3000,10.74,0,0.09,N,2,2022,0,0,0
24.0,36600,RENT,4.0,DEBTCONSOLIDATION,B,3000,9.33,0,0.08,N,2,2022,0,0,0
25.0,37000,RENT,2.0,MEDICAL,B,3000,11.71,0,0.08,N,2,2022,0,0,0
21.0,33000,MORTGAGE,5.0,PERSONAL,B,7800,9.88,0,0.24,N,2,2022,0,0,0
22.0,33000,MORTGAGE,4.0,EDUCATION,C,12500,14.26,0,0.38,N,2,2022,0,0,0
24.0,38400,RENT,8.0,PERSONAL,E,3000,17.56,0,0.08,Y,2,2022,0,0,0
25.0,40000,RENT,2.0,MEDICAL,B,3000,10.25,0,0.07,N,2,2022,0,0,0
22.0,37000,RENT,2.0,DEBTCONSOLIDATION,E,3000,20.3,1,0.08,N,2,2022,1,0,0
22.0,37000,RENT,6.0,DEBTCONSOLIDATION,B,3000,11.11,1,0.08,N,2,2022,1,0,0
24.0,43500,RENT,1.0,PERSONAL,A,3000,8.0,0,0.07,N,2,2022,0,0,0
25.0,33316,MORTGAGE,4.0,VENTURE,A,5000,6.54,0,0.15,N,2,2022,0,0,0
26.0,39000,RENT,11.0,EDUCATION,C,3000,10.99,1,0.08,Y,2,2022,1,0,1
24.0,45000,RENT,4.0,VENTURE,A,3000,9.32,0,0.07,N,2,2022,0,0,0
21.0,39327,RENT,5.0,MEDICAL,D,3000,13.67,1,0.08,N,2,2022,1,0,0
22.0,33600,OWN,1.0,MEDICAL,D,5000,18.25,0,0.15,N,2,2022,0,0,0
24.0,33600,MORTGAGE,3.0,PERSONAL,A,2500,8.9,0,0.07,N,2,2022,0,0,0
24.0,40000,RENT,0.0,EDUCATION,D,3000,17.27,1,0.07,N,2,2022,1,1,0
23.0,33600,MORTGAGE,8.0,PERSONAL,A,8000,6.99,0,0.24,N,2,2022,0,0,0
22.0,47000,RENT,3.0,EDUCATION,A,3000,6.62,0,0.06,N,2,2022,0,0,0
21.0,47208,RENT,2.0,PERSONAL,C,3000,13.92,0,0.06,Y,2,2022,0,0,0
26.0,47500,RENT,8.0,VENTURE,A,3000,6.76,0,0.06,N,2,2022,0,0,0
23.0,33600,MORTGAGE,0.0,DEBTCONSOLIDATION,C,4000,14.79,0,0.12,N,2,2022,0,1,0
24.0,33600,MORTGAGE,0.0,VENTURE,A,12000,5.42,0,0.36,N,2,2022,0,1,0
22.0,48000,RENT,0.0,PERSONAL,C,3000,14.79,0,0.06,N,2,2022,0,0,0
23.0,50000,RENT,1.0,DEBTCONSOLIDATION,A,3000,8.49,0,0.06,N,2,2022,0,0,0
23.0,50000,RENT,0.0,EDUCATION,A,3000,6.91,0,0.06,N,2,2022,0,0,0
22.0,33600,MORTGAGE,7.0,EDUCATION,A,10750,7.88,0,0.32,N,2,2022,0,0,0
23.0,50000,RENT,6.0,EDUCATION,C,3000,10.99,0,0.06,Y,2,2022,0,0,1
24.0,51000,RENT,1.0,DEBTCONSOLIDATION,A,3000,8.9,0,0.06,N,2,2022,0,0,0
24.0,51684,RENT,8.0,PERSONAL,B,3000,10.59,0,0.06,N,2,2022,0,0,0
22.0,45996,RENT,0.0,MEDICAL,D,3000,15.62,1,0.07,Y,2,2022,1,0,0
23.0,51996,RENT,1.0,DEBTCONSOLIDATION,B,3000,10.37,0,0.06,N,2,2022,0,0,0
23.0,52000,RENT,0.0,EDUCATION,A,3000,5.99,0,0.06,N,2,2022,0,0,0
23.0,33990,MORTGAGE,2.0,DEBTCONSOLIDATION,C,1000,10.59,1,0.03,N,2,2022,1,0,0
24.0,33996,MORTGAGE,8.0,VENTURE,D,4000,14.91,0,0.12,Y,2,2022,0,0,0
22.0,44000,RENT,3.0,DEBTCONSOLIDATION,B,12000,11.86,1,0.27,N,2,2022,1,0,0
25.0,50000,RENT,5.0,PERSONAL,A,12000,7.88,0,0.24,N,2,2022,0,0,0
23.0,50000,RENT,1.0,EDUCATION,C,12000,12.87,0,0.24,Y,2,2022,0,0,0
22.0,50004,RENT,6.0,PERSONAL,B,12000,10.0,0,0.24,N,2,2022,0,0,0
23.0,44004,RENT,0.0,VENTURE,E,12000,16.0,1,0.27,N,2,2022,1,0,0
25.0,34000,MORTGAGE,1.0,HOMEIMPROVEMENT,A,2500,6.03,0,0.07,N,2,2022,0,0,0
23.0,34000,OWN,7.0,VENTURE,A,10950,7.29,0,0.32,N,2,2022,0,0,0
22.0,52000,RENT,3.0,PERSONAL,C,12000,13.57,0,0.23,Y,2,2022,0,0,0
21.0,34000,MORTGAGE,5.0,EDUCATION,A,6000,6.76,0,0.18,N,2,2022,0,0,0
21.0,34000,MORTGAGE,5.0,PERSONAL,A,7200,6.76,1,0.21,N,2,2022,1,0,0
22.0,34000,MORTGAGE,5.0,MEDICAL,B,11500,10.99,0,0.34,N,2,2022,0,0,0
22.0,54000,RENT,2.0,DEBTCONSOLIDATION,B,12000,10.99,0,0.22,N,2,2022,0,0,0
23.0,54000,RENT,8.0,VENTURE,B,12000,11.36,0,0.22,N,2,2022,0,0,0
25.0,54996,RENT,3.0,HOMEIMPROVEMENT,B,12000,10.37,0,0.22,N,2,2022,0,0,0
21.0,55000,RENT,5.0,VENTURE,B,12000,10.62,0,0.22,N,2,2022,0,0,0
25.0,34000,MORTGAGE,1.0,EDUCATION,C,7000,11.28,0,0.21,N,2,2022,0,0,0
25.0,49000,RENT,1.0,DEBTCONSOLIDATION,D,12000,13.49,1,0.24,N,2,2022,1,0,0
22.0,55008,RENT,6.0,EDUCATION,C,12000,13.79,0,0.22,N,2,2022,0,0,0
24.0,55032,RENT,8.0,EDUCATION,A,12000,9.63,0,0.22,N,2,2022,0,0,0
22.0,56000,RENT,1.0,EDUCATION,A,12000,6.91,0,0.21,N,2,2022,0,0,0
24.0,56000,RENT,8.0,VENTURE,B,12000,11.49,0,0.21,N,2,2022,0,0,0
24.0,56000,RENT,0.0,VENTURE,C,12000,14.26,0,0.21,Y,2,2022,0,0,0
25.0,50100,RENT,1.0,PERSONAL,D,12000,14.74,1,0.24,Y,2,2022,1,0,0
22.0,56755,RENT,5.0,EDUCATION,B,12000,10.99,0,0.21,N,2,2022,0,0,0
22.0,57000,RENT,6.0,EDUCATION,C,12000,13.11,0,0.21,N,2,2022,0,0,0
23.0,57000,RENT,4.0,DEBTCONSOLIDATION,A,12000,8.94,0,0.21,N,2,2022,0,0,0
21.0,34500,MORTGAGE,3.0,EDUCATION,A,6400,7.51,0,0.19,N,2,2022,0,0,0
24.0,58000,RENT,6.0,EDUCATION,C,12000,13.11,0,0.21,N,2,2022,0,0,0
23.0,34560,MORTGAGE,1.0,MEDICAL,B,10000,10.59,0,0.29,N,2,2022,0,0,0
24.0,52000,RENT,3.0,MEDICAL,A,3000,10.99,0,0.06,N,2,2022,0,0,1
24.0,34600,MORTGAGE,2.0,DEBTCONSOLIDATION,A,4000,5.42,0,0.12,N,2,2022,0,0,0
25.0,53000,RENT,6.0,MEDICAL,C,3000,13.99,0,0.06,Y,2,2022,0,0,0
25.0,34800,MORTGAGE,6.0,DEBTCONSOLIDATION,A,5125,6.99,1,0.15,N,2,2022,1,0,0
23.0,55000,RENT,2.0,EDUCATION,A,3000,6.99,0,0.05,N,2,2022,0,0,0
22.0,49000,RENT,7.0,DEBTCONSOLIDATION,C,3000,12.23,1,0.06,Y,2,2022,1,0,0
26.0,55000,RENT,1.0,DEBTCONSOLIDATION,C,3000,10.99,0,0.05,N,2,2022,0,0,1
23.0,55000,RENT,2.0,VENTURE,B,3000,9.88,0,0.05,N,2,2022,0,0,0
22.0,34900,MORTGAGE,6.0,DEBTCONSOLIDATION,B,4000,9.99,0,0.11,N,2,2022,0,0,0
24.0,50000,RENT,3.0,MEDICAL,C,3000,10.99,1,0.06,N,2,2022,1,0,1
22.0,34977,MORTGAGE,5.0,PERSONAL,D,13000,16.0,0,0.37,N,2,2022,0,0,0
25.0,34980,MORTGAGE,1.0,VENTURE,B,6000,11.48,0,0.17,N,2,2022,0,0,0
25.0,50160,RENT,0.0,DEBTCONSOLIDATION,D,3000,14.42,1,0.06,N,2,2022,1,0,0
24.0,35000,MORTGAGE,9.0,HOMEIMPROVEMENT,B,8000,11.71,0,0.23,N,2,2022,0,0,0
23.0,35000,MORTGAGE,7.0,DEBTCONSOLIDATION,B,12000,12.42,0,0.34,N,2,2022,0,0,0
22.0,58000,RENT,6.0,EDUCATION,B,3000,11.83,0,0.05,N,2,2022,0,0,0
23.0,58500,RENT,2.0,DEBTCONSOLIDATION,B,3000,9.88,0,0.05,N,2,2022,0,0,0
23.0,59000,RENT,5.0,DEBTCONSOLIDATION,A,3000,7.14,0,0.05,N,2,2022,0,0,0
25.0,60000,RENT,5.0,EDUCATION,D,3000,17.58,0,0.05,Y,2,2022,0,0,0
26.0,60000,RENT,5.0,VENTURE,C,3000,15.62,0,0.05,N,2,2022,0,0,0
26.0,35000,OWN,3.0,HOMEIMPROVEMENT,A,4800,6.03,0,0.14,N,2,2022,0,0,0
24.0,35000,MORTGAGE,3.0,MEDICAL,C,15000,14.27,0,0.43,N,2,2022,0,0,0
23.0,60000,RENT,1.0,DEBTCONSOLIDATION,A,3000,7.51,0,0.05,N,2,2022,0,0,0
23.0,61200,RENT,7.0,PERSONAL,B,3000,12.42,0,0.05,N,2,2022,0,0,0
25.0,35000,MORTGAGE,9.0,DEBTCONSOLIDATION,A,7000,10.99,0,0.2,N,2,2022,0,0,1
24.0,62000,RENT,7.0,EDUCATION,B,3000,9.99,0,0.05,N,2,2022,0,0,0
23.0,57000,RENT,6.0,HOMEIMPROVEMENT,D,3000,14.59,1,0.05,N,2,2022,1,0,0
22.0,58170,RENT,1.0,EDUCATION,A,3000,9.07,1,0.05,N,2,2022,1,0,0
26.0,65000,RENT,1.0,VENTURE,A,3000,5.79,0,0.05,N,2,2022,0,0,0
23.0,66000,RENT,3.0,EDUCATION,A,3000,5.99,0,0.05,N,2,2022,0,0,0
23.0,67000,RENT,7.0,MEDICAL,B,3000,10.99,0,0.04,N,2,2022,0,0,0
26.0,67500,RENT,0.0,EDUCATION,B,3000,8.88,0,0.04,N,2,2022,0,0,0
21.0,68000,RENT,3.0,PERSONAL,C,3000,11.78,0,0.04,N,2,2022,0,0,0
26.0,54400,RENT,2.0,MEDICAL,E,3000,19.42,1,0.05,N,2,2022,1,0,0
23.0,70000,RENT,1.0,VENTURE,C,3000,14.27,0,0.04,Y,2,2022,0,0,0
23.0,72000,RENT,8.0,MEDICAL,B,3000,11.99,0,0.04,N,2,2022,0,0,0
23.0,72000,RENT,7.0,PERSONAL,A,3000,7.43,0,0.04,N,2,2022,0,0,0
26.0,72054,RENT,9.0,HOMEIMPROVEMENT,A,3000,7.29,0,0.04,N,2,2022,0,0,0
22.0,35000,MORTGAGE,0.0,VENTURE,F,5000,21.36,0,0.14,Y,2,2022,0,1,0
22.0,75000,RENT,4.0,EDUCATION,A,3000,8.9,0,0.04,N,2,2022,0,0,0
23.0,75000,RENT,2.0,PERSONAL,A,3000,10.99,0,0.04,N,2,2022,0,0,1
23.0,77200,RENT,1.0,EDUCATION,B,3000,9.63,0,0.04,N,2,2022,0,0,0
25.0,35000,OWN,2.0,MEDICAL,A,6400,10.99,0,0.18,N,2,2022,0,0,1
22.0,78000,RENT,4.0,VENTURE,E,3000,16.32,0,0.04,N,2,2022,0,0,0
22.0,85000,RENT,5.0,EDUCATION,B,3000,10.99,0,0.04,N,2,2022,0,0,0
23.0,35000,OWN,2.0,VENTURE,A,5500,5.42,0,0.16,N,2,2022,0,0,0
24.0,110000,RENT,8.0,VENTURE,A,3000,7.88,0,0.03,N,2,2022,0,0,0
21.0,35000,OWN,5.0,EDUCATION,A,4000,7.29,0,0.11,N,2,2022,0,0,0
24.0,115154,RENT,8.0,HOMEIMPROVEMENT,C,3000,14.27,0,0.03,N,2,2022,0,0,0
24.0,35000,MORTGAGE,3.0,VENTURE,A,3600,6.92,0,0.1,N,2,2022,0,0,0
21.0,35000,OWN,5.0,EDUCATION,C,6500,13.43,0,0.19,N,2,2022,0,0,0
22.0,35000,MORTGAGE,7.0,VENTURE,A,4000,7.29,0,0.11,N,2,2022,0,0,0
24.0,35000,MORTGAGE,8.0,VENTURE,B,2000,10.37,0,0.06,N,2,2022,0,0,0
24.0,141500,RENT,3.0,DEBTCONSOLIDATION,A,3000,7.88,0,0.02,N,2,2022,0,0,0
25.0,137400,RENT,4.0,EDUCATION,C,3000,13.06,1,0.02,N,2,2022,1,0,0
25.0,141500,RENT,2.0,VENTURE,B,3000,11.12,0,0.02,N,2,2022,0,0,0
25.0,17436,RENT,0.0,VENTURE,B,3025,11.49,1,0.17,N,2,2022,1,1,0
23.0,12000,RENT,2.0,PERSONAL,B,3075,10.37,1,0.26,N,2,2022,1,0,0
25.0,30000,RENT,1.0,EDUCATION,B,3075,10.59,0,0.1,N,2,2022,0,0,0
26.0,35000,MORTGAGE,0.0,MEDICAL,A,8000,5.42,0,0.23,N,2,2022,0,0,0
22.0,96000,RENT,4.0,EDUCATION,B,3150,6.0,0,0.03,N,2,2022,0,0,0
24.0,35000,MORTGAGE,0.0,MEDICAL,B,7775,10.99,0,0.22,N,2,2022,0,1,1
21.0,12000,RENT,0.0,VENTURE,B,3200,11.49,1,0.27,N,2,2022,1,1,0
26.0,15000,RENT,8.0,MEDICAL,B,3200,12.21,1,0.21,N,2,2022,1,0,0
25.0,16000,RENT,0.0,DEBTCONSOLIDATION,A,3200,9.32,1,0.2,N,2,2022,1,0,0
23.0,29000,MORTGAGE,7.0,PERSONAL,A,6000,7.88,1,0.21,N,2,2022,1,0,0
23.0,20000,RENT,0.0,VENTURE,E,3200,16.0,1,0.16,N,2,2022,1,0,0
23.0,20800,RENT,4.0,EDUCATION,D,3200,14.84,0,0.15,N,2,2022,0,0,0
25.0,23040,RENT,0.0,DEBTCONSOLIDATION,C,3200,14.79,0,0.14,N,2,2022,0,0,0
25.0,27600,RENT,2.0,VENTURE,B,3200,12.21,0,0.12,N,2,2022,0,0,0
22.0,28000,RENT,3.0,EDUCATION,B,3200,10.59,0,0.11,N,2,2022,0,0,0
21.0,30000,RENT,6.0,PERSONAL,A,3200,10.99,0,0.11,N,2,2022,0,0,1
25.0,30000,RENT,0.0,MEDICAL,C,3200,13.99,0,0.11,N,2,2022,0,0,0
22.0,31200,RENT,1.0,VENTURE,B,3200,11.99,0,0.1,N,2,2022,0,0,0
25.0,29004,RENT,0.0,HOMEIMPROVEMENT,D,3200,17.49,1,0.11,Y,2,2022,1,0,0
22.0,37440,RENT,1.0,EDUCATION,C,3200,13.04,0,0.09,Y,2,2022,0,0,0
26.0,38400,RENT,7.0,PERSONAL,C,3200,13.49,0,0.08,N,2,2022,0,0,0
25.0,33000,RENT,0.0,HOMEIMPROVEMENT,C,3200,12.99,1,0.1,Y,2,2022,1,1,0
24.0,44000,RENT,1.0,MEDICAL,A,3200,8.0,0,0.07,N,2,2022,0,0,0
25.0,42000,RENT,3.0,MEDICAL,D,3200,15.7,1,0.08,Y,2,2022,1,0,0
22.0,51000,RENT,2.0,EDUCATION,B,3200,10.99,0,0.06,N,2,2022,0,0,0
24.0,54731,RENT,2.0,DEBTCONSOLIDATION,B,3200,11.83,0,0.06,N,2,2022,0,0,0
23.0,35000,MORTGAGE,7.0,EDUCATION,F,15000,18.43,0,0.43,Y,2,2022,0,0,0
23.0,35000,OTHER,0.0,PERSONAL,B,12800,11.83,1,0.37,N,2,2022,1,0,0
24.0,58000,RENT,2.0,VENTURE,C,3200,14.35,0,0.06,N,2,2022,0,0,0
22.0,60000,RENT,6.0,MEDICAL,B,3200,11.71,0,0.05,N,2,2022,0,0,0
26.0,61200,RENT,9.0,PERSONAL,B,3200,9.91,0,0.05,N,2,2022,0,0,0
26.0,35000,MORTGAGE,1.0,EDUCATION,D,5000,14.42,0,0.14,Y,2,2022,0,0,0
22.0,35000,MORTGAGE,6.0,PERSONAL,C,7500,11.34,0,0.21,Y,2,2022,0,0,0
22.0,10200,RENT,4.0,VENTURE,C,3250,10.99,1,0.32,Y,2,2022,1,0,1
21.0,12000,RENT,2.0,HOMEIMPROVEMENT,B,3250,9.99,1,0.27,N,2,2022,1,0,0
22.0,17004,RENT,5.0,DEBTCONSOLIDATION,A,3250,6.91,1,0.19,N,2,2022,1,0,0
23.0,18000,RENT,1.0,VENTURE,C,3250,13.22,1,0.18,N,2,2022,1,0,0
22.0,20400,RENT,5.0,MEDICAL,C,3250,14.26,1,0.16,Y,2,2022,1,0,0
22.0,35004,OWN,1.0,VENTURE,B,9000,10.0,0,0.26,N,2,2022,0,0,0
21.0,35004,OWN,5.0,VENTURE,B,1500,9.62,0,0.04,N,2,2022,0,0,0
24.0,39000,RENT,0.0,DEBTCONSOLIDATION,A,3250,8.94,1,0.08,N,2,2022,1,0,0
21.0,35004,MORTGAGE,1.0,VENTURE,A,3600,8.0,0,0.1,N,2,2022,0,0,0
22.0,66000,RENT,0.0,VENTURE,C,3300,14.65,0,0.05,Y,2,2022,0,0,0
22.0,35004,MORTGAGE,0.0,VENTURE,B,8400,10.39,0,0.24,N,2,2022,0,0,0
24.0,30000,RENT,2.0,DEBTCONSOLIDATION,C,3350,14.72,0,0.11,Y,2,2022,0,0,0
25.0,11000,RENT,3.0,MEDICAL,B,3400,10.99,1,0.31,N,2,2022,1,0,1
23.0,35292,MORTGAGE,7.0,EDUCATION,A,2100,7.51,0,0.06,N,2,2022,0,0,0
24.0,60000,RENT,5.0,HOMEIMPROVEMENT,D,3400,10.99,0,0.06,N,2,2022,0,0,1
23.0,35352,MORTGAGE,0.0,EDUCATION,A,6500,5.42,0,0.18,N,2,2022,0,1,0
25.0,35360,MORTGAGE,9.0,MEDICAL,A,10000,8.94,0,0.28,N,2,2022,0,0,0
22.0,12000,RENT,1.0,EDUCATION,D,3500,15.65,1,0.29,Y,2,2022,1,0,0
21.0,13500,RENT,0.0,VENTURE,B,3500,9.96,1,0.26,N,2,2022,1,0,0
22.0,18000,RENT,0.0,VENTURE,C,3500,13.48,1,0.19,Y,2,2022,1,0,0
21.0,18456,RENT,2.0,MEDICAL,C,3500,13.35,1,0.19,Y,2,2022,1,0,0
24.0,19000,RENT,4.0,MEDICAL,A,3500,7.88,1,0.18,N,2,2022,1,0,0
25.0,20000,RENT,0.0,VENTURE,C,3500,10.28,0,0.17,Y,2,2022,0,0,0
22.0,20400,RENT,1.0,VENTURE,A,3500,6.99,0,0.17,N,2,2022,0,0,0
22.0,35500,MORTGAGE,0.0,EDUCATION,C,4000,12.53,0,0.11,N,2,2022,0,0,0
22.0,21600,RENT,2.0,MEDICAL,D,3500,10.99,1,0.16,N,2,2022,1,0,1
21.0,21600,RENT,2.0,DEBTCONSOLIDATION,A,3500,7.51,0,0.16,N,2,2022,0,0,0
23.0,35808,MORTGAGE,3.0,EDUCATION,A,8700,7.51,0,0.24,N,2,2022,0,0,0
22.0,36000,MORTGAGE,0.0,EDUCATION,C,11625,13.49,0,0.32,N,2,2022,0,0,0
22.0,28800,RENT,0.0,VENTURE,A,3500,10.99,0,0.12,N,2,2022,0,0,1
23.0,36000,MORTGAGE,7.0,EDUCATION,B,11300,12.69,0,0.31,N,2,2022,0,0,0
21.0,30000,RENT,5.0,PERSONAL,A,3500,7.9,0,0.12,N,2,2022,0,0,0
24.0,30000,RENT,0.0,MEDICAL,A,3500,5.99,0,0.12,N,2,2022,0,0,0
26.0,30000,RENT,2.0,VENTURE,B,3500,10.99,0,0.12,N,2,2022,0,0,1
26.0,33000,RENT,1.0,VENTURE,B,3500,10.25,0,0.11,N,2,2022,0,0,0
22.0,36000,MORTGAGE,4.0,MEDICAL,B,12000,11.71,0,0.33,N,2,2022,0,0,0
24.0,35000,RENT,7.0,EDUCATION,A,3500,6.99,0,0.1,N,2,2022,0,0,0
21.0,35000,RENT,0.0,MEDICAL,B,3500,9.62,0,0.1,N,2,2022,0,0,0
24.0,36000,MORTGAGE,5.0,VENTURE,A,5600,7.9,0,0.16,N,2,2022,0,0,0
21.0,35100,RENT,1.0,EDUCATION,A,3500,5.79,0,0.1,N,2,2022,0,0,0
21.0,36000,MORTGAGE,5.0,MEDICAL,B,1000,12.42,0,0.03,N,2,2022,0,0,0
23.0,30000,RENT,0.0,MEDICAL,B,3500,11.49,1,0.12,N,2,2022,1,1,0
22.0,39336,RENT,6.0,VENTURE,A,3500,5.42,0,0.09,N,2,2022,0,0,0
23.0,40000,RENT,4.0,PERSONAL,C,3500,13.23,0,0.09,Y,2,2022,0,0,0
24.0,40000,RENT,0.0,VENTURE,B,3500,10.99,0,0.09,N,2,2022,0,0,1
24.0,36000,MORTGAGE,8.0,PERSONAL,D,3600,16.77,0,0.1,Y,2,2022,0,0,0
24.0,36000,OWN,5.0,PERSONAL,B,8000,10.65,0,0.22,N,2,2022,0,0,0
24.0,44000,RENT,3.0,EDUCATION,B,3500,12.69,0,0.08,N,2,2022,0,0,0
24.0,30000,MORTGAGE,4.0,MEDICAL,D,10000,15.99,1,0.33,Y,2,2022,1,0,0
26.0,36000,MORTGAGE,2.0,PERSONAL,A,7000,7.49,0,0.19,N,2,2022,0,0,0
23.0,36000,MORTGAGE,7.0,EDUCATION,B,2000,11.49,0,0.06,N,2,2022,0,0,0
23.0,48562,RENT,4.0,VENTURE,A,3500,8.0,0,0.07,N,2,2022,0,0,0
22.0,51996,RENT,4.0,PERSONAL,B,3500,9.62,0,0.07,N,2,2022,0,0,0
24.0,45996,RENT,9.0,PERSONAL,B,3500,12.21,1,0.08,N,2,2022,1,0,0
24.0,52000,RENT,4.0,DEBTCONSOLIDATION,A,3500,7.68,0,0.07,N,2,2022,0,0,0
25.0,54084,RENT,5.0,HOMEIMPROVEMENT,B,3500,9.25,0,0.06,N,2,2022,0,0,0
21.0,36000,MORTGAGE,5.0,PERSONAL,A,2800,6.99,0,0.08,N,2,2022,0,0,0
22.0,57000,RENT,1.0,EDUCATION,C,3500,12.61,0,0.06,Y,2,2022,0,0,0
26.0,58000,RENT,0.0,HOMEIMPROVEMENT,A,3500,8.59,0,0.06,N,2,2022,0,0,0
22.0,60000,RENT,5.0,VENTURE,A,3500,5.42,0,0.06,N,2,2022,0,0,0
24.0,36000,OWN,0.0,EDUCATION,A,6500,5.42,0,0.18,N,2,2022,0,1,0
23.0,36000,MORTGAGE,7.0,PERSONAL,A,7200,5.42,0,0.2,N,2,2022,0,0,0
22.0,36000,MORTGAGE,1.0,MEDICAL,A,3500,10.99,0,0.1,N,2,2022,0,0,1
25.0,59000,RENT,3.0,MEDICAL,D,3500,15.65,1,0.06,N,2,2022,1,0,0
23.0,36000,MORTGAGE,4.0,PERSONAL,C,5000,14.79,0,0.14,N,2,2022,0,0,0
23.0,64000,RENT,7.0,DEBTCONSOLIDATION,C,3500,14.72,1,0.05,Y,2,2022,1,0,0
22.0,75000,RENT,3.0,EDUCATION,A,3500,7.29,0,0.05,N,2,2022,0,0,0
25.0,83500,RENT,9.0,HOMEIMPROVEMENT,C,3500,10.99,0,0.04,N,2,2022,0,0,1
26.0,45000,RENT,6.0,MEDICAL,A,3575,10.99,0,0.08,N,2,2022,0,0,1
25.0,12000,RENT,0.0,DEBTCONSOLIDATION,B,3600,9.62,1,0.3,N,2,2022,1,1,0
21.0,12120,RENT,0.0,DEBTCONSOLIDATION,A,3600,8.32,1,0.3,N,2,2022,1,0,0
22.0,36000,OWN,6.0,EDUCATION,B,7500,9.63,0,0.21,N,2,2022,0,0,0
21.0,15000,RENT,0.0,PERSONAL,D,3600,15.95,1,0.24,N,2,2022,1,0,0
23.0,36000,MORTGAGE,7.0,VENTURE,C,4800,13.06,0,0.13,Y,2,2022,0,0,0
23.0,30000,RENT,3.0,PERSONAL,A,3600,5.99,0,0.12,N,2,2022,0,0,0
23.0,30000,RENT,0.0,VENTURE,A,3600,6.17,0,0.12,N,2,2022,0,0,0
25.0,31200,RENT,0.0,DEBTCONSOLIDATION,A,3600,8.9,0,0.12,N,2,2022,0,0,0
23.0,36000,OWN,1.0,MEDICAL,C,14600,12.61,0,0.41,Y,2,2022,0,0,0
23.0,36000,OWN,7.0,EDUCATION,B,6000,8.88,0,0.17,N,2,2022,0,0,0
22.0,36000,RENT,2.0,EDUCATION,C,3600,12.99,0,0.1,N,2,2022,0,0,0
22.0,36000,RENT,3.0,PERSONAL,A,3600,5.99,0,0.1,N,2,2022,0,0,0
24.0,36000,RENT,1.0,DEBTCONSOLIDATION,A,3600,7.29,0,0.1,N,2,2022,0,0,0
26.0,36000,MORTGAGE,2.0,PERSONAL,B,10000,10.75,0,0.28,N,2,2022,0,0,0
23.0,36000,OWN,0.0,VENTURE,A,18000,7.88,0,0.44000000000000006,N,2,2022,0,1,0
24.0,36000,MORTGAGE,8.0,VENTURE,A,3250,6.39,0,0.09,N,2,2022,0,0,0
24.0,36000,MORTGAGE,3.0,MEDICAL,C,8000,13.61,0,0.22,N,2,2022,0,0,0
25.0,33772,RENT,3.0,HOMEIMPROVEMENT,D,3600,16.02,1,0.11,Y,2,2022,1,0,0
22.0,36000,MORTGAGE,0.0,MEDICAL,A,4500,7.51,0,0.13,N,2,2022,0,0,0
24.0,40000,RENT,0.0,EDUCATION,B,3600,10.59,0,0.09,N,2,2022,0,0,0
22.0,40000,RENT,0.0,PERSONAL,A,3600,6.17,0,0.09,N,2,2022,0,0,0
23.0,37440,RENT,0.0,VENTURE,B,11000,10.99,0,0.29,N,2,2022,0,0,1
24.0,37950,RENT,8.0,EDUCATION,B,11000,11.86,0,0.29,N,2,2022,0,0,0
24.0,36000,MORTGAGE,4.0,VENTURE,D,2000,14.96,0,0.06,N,2,2022,0,0,0
26.0,36000,OWN,0.0,PERSONAL,B,15000,10.25,0,0.42,N,2,2022,0,1,0
22.0,39500,RENT,3.0,DEBTCONSOLIDATION,C,11000,12.68,0,0.28,Y,2,2022,0,0,0
23.0,39500,RENT,7.0,MEDICAL,A,11000,10.99,0,0.28,N,2,2022,0,0,1
23.0,39520,RENT,8.0,PERSONAL,A,11000,5.42,0,0.28,N,2,2022,0,0,0
22.0,39996,RENT,3.0,PERSONAL,A,11000,5.79,0,0.28,N,2,2022,0,0,0
25.0,36000,MORTGAGE,3.0,DEBTCONSOLIDATION,C,7000,12.73,0,0.19,Y,2,2022,0,0,0
22.0,42000,RENT,3.0,PERSONAL,B,11000,11.71,0,0.26,N,2,2022,0,0,0
21.0,36000,OWN,5.0,EDUCATION,C,8800,13.85,0,0.24,N,2,2022,0,0,0
26.0,45000,RENT,3.0,DEBTCONSOLIDATION,A,11000,6.99,0,0.24,N,2,2022,0,0,0
25.0,45000,RENT,2.0,DEBTCONSOLIDATION,B,11000,9.25,0,0.24,N,2,2022,0,0,0
22.0,45000,RENT,6.0,MEDICAL,B,11000,9.88,0,0.24,N,2,2022,0,0,0
26.0,45000,RENT,10.0,PERSONAL,D,11000,14.61,0,0.24,N,2,2022,0,0,0
22.0,36000,OWN,4.0,EDUCATION,D,5000,14.61,0,0.14,N,2,2022,0,0,0
22.0,45504,RENT,2.0,DEBTCONSOLIDATION,B,11000,10.99,0,0.24,N,2,2022,0,0,0
23.0,30000,MORTGAGE,4.0,VENTURE,D,9500,15.31,1,0.32,N,2,2022,1,0,0
25.0,48996,RENT,9.0,EDUCATION,A,11000,7.88,0,0.22,N,2,2022,0,0,0
24.0,49278,RENT,4.0,VENTURE,C,11000,13.22,0,0.22,N,2,2022,0,0,0
22.0,50000,RENT,1.0,MEDICAL,A,11000,10.99,0,0.22,N,2,2022,0,0,1
25.0,50000,RENT,0.0,EDUCATION,B,11000,12.53,0,0.22,N,2,2022,0,0,0
26.0,44000,RENT,4.0,DEBTCONSOLIDATION,D,11000,15.31,1,0.25,N,2,2022,1,0,0
22.0,50985,RENT,4.0,EDUCATION,C,11000,13.11,0,0.22,N,2,2022,0,0,0
22.0,36000,MORTGAGE,3.0,MEDICAL,B,6000,12.53,0,0.17,N,2,2022,0,0,0
23.0,30000,MORTGAGE,7.0,MEDICAL,C,10000,13.79,1,0.33,N,2,2022,1,0,0
23.0,54996,RENT,2.0,MEDICAL,C,11000,10.99,0,0.2,N,2,2022,0,0,1
26.0,58195,RENT,3.0,PERSONAL,B,11000,9.91,0,0.19,N,2,2022,0,0,0
22.0,59000,RENT,2.0,EDUCATION,B,11000,10.74,0,0.19,N,2,2022,0,0,0
26.0,36000,MORTGAGE,10.0,PERSONAL,B,18000,10.39,0,0.44000000000000006,N,2,2022,0,0,0
22.0,71200,RENT,2.0,VENTURE,B,11000,12.42,0,0.15,N,2,2022,0,0,0
24.0,85000,RENT,1.0,MEDICAL,A,11000,6.91,0,0.13,N,2,2022,0,0,0
21.0,87000,RENT,5.0,MEDICAL,B,11000,11.58,0,0.13,N,2,2022,0,0,0
23.0,116000,RENT,7.0,VENTURE,A,11000,8.94,0,0.09,N,2,2022,0,0,0
25.0,36300,MORTGAGE,5.0,VENTURE,A,9000,6.99,0,0.25,N,2,2022,0,0,0
25.0,30300,MORTGAGE,4.0,MEDICAL,B,5000,10.0,1,0.17,N,2,2022,1,0,0
24.0,47230,RENT,8.0,VENTURE,A,10950,6.91,0,0.23,N,2,2022,0,0,0
22.0,60000,RENT,5.0,PERSONAL,D,10900,15.65,0,0.18,N,2,2022,0,0,0
24.0,43680,RENT,1.0,VENTURE,A,10800,5.42,0,0.25,N,2,2022,0,0,0
23.0,30500,MORTGAGE,6.0,MEDICAL,D,3000,14.96,1,0.1,Y,2,2022,1,0,0
26.0,42000,RENT,2.0,PERSONAL,C,10800,13.99,1,0.26,N,2,2022,1,0,0
26.0,30576,MORTGAGE,10.0,MEDICAL,D,3000,14.46,1,0.1,Y,2,2022,1,0,0
26.0,36636,MORTGAGE,0.0,MEDICAL,A,5000,6.03,0,0.14,N,2,2022,0,1,0
21.0,36648,MORTGAGE,0.0,DEBTCONSOLIDATION,B,7125,9.91,0,0.19,N,2,2022,0,1,0
23.0,55000,RENT,2.0,MEDICAL,B,10800,8.88,0,0.2,N,2,2022,0,0,0
25.0,55000,RENT,2.0,VENTURE,C,10800,13.57,0,0.2,N,2,2022,0,0,0
25.0,68000,RENT,9.0,VENTURE,B,10800,10.74,0,0.16,N,2,2022,0,0,0
23.0,72000,RENT,3.0,MEDICAL,A,10800,7.88,0,0.15,N,2,2022,0,0,0
22.0,20796,RENT,1.0,DEBTCONSOLIDATION,D,10775,15.37,1,0.44000000000000006,Y,2,2022,1,0,0
24.0,24000,RENT,0.0,HOMEIMPROVEMENT,D,10750,15.2,1,0.44000000000000006,Y,2,2022,1,0,0
25.0,54000,RENT,7.0,HOMEIMPROVEMENT,C,10700,10.99,1,0.2,Y,2,2022,1,0,1
22.0,37000,MORTGAGE,7.0,MEDICAL,B,3600,11.71,0,0.1,N,2,2022,0,0,0
22.0,37000,MORTGAGE,1.0,VENTURE,C,2000,14.27,0,0.05,Y,2,2022,0,0,0
25.0,24000,RENT,2.0,MEDICAL,A,10625,6.03,1,0.44,N,2,2022,1,0,0
22.0,37000,MORTGAGE,0.0,MEDICAL,A,15000,8.49,0,0.41,N,2,2022,0,0,0
23.0,30000,RENT,8.0,EDUCATION,A,10625,6.92,1,0.35,N,2,2022,1,0,0
24.0,62467,RENT,0.0,HOMEIMPROVEMENT,A,10625,8.49,0,0.17,N,2,2022,0,0,0
22.0,31200,RENT,0.0,MEDICAL,C,10600,12.99,1,0.34,N,2,2022,1,0,0
25.0,30000,RENT,3.0,VENTURE,D,10500,16.29,1,0.35,N,2,2022,1,0,0
22.0,36000,RENT,6.0,DEBTCONSOLIDATION,B,10500,10.74,0,0.29,N,2,2022,0,0,0
24.0,37000,RENT,8.0,MEDICAL,D,10500,10.99,0,0.28,N,2,2022,0,0,1
22.0,41900,RENT,3.0,EDUCATION,A,10500,8.49,0,0.25,N,2,2022,0,0,0
24.0,44640,RENT,0.0,VENTURE,B,10500,10.36,0,0.24,N,2,2022,0,0,0
22.0,45000,RENT,0.0,PERSONAL,A,10500,6.99,0,0.23,N,2,2022,0,0,0
22.0,49000,RENT,1.0,HOMEIMPROVEMENT,A,10500,9.38,1,0.21,N,2,2022,1,0,0
26.0,58000,RENT,9.0,PERSONAL,B,10500,11.48,0,0.18,N,2,2022,0,0,0
23.0,43500,RENT,0.0,MEDICAL,C,10450,13.57,0,0.24,N,2,2022,0,0,0
24.0,35004,RENT,9.0,PERSONAL,E,10400,10.99,0,0.3,N,2,2022,0,0,1
22.0,32400,RENT,2.0,MEDICAL,D,10400,14.84,1,0.32,N,2,2022,1,0,0
22.0,37000,MORTGAGE,6.0,EDUCATION,B,7500,10.95,0,0.2,N,2,2022,0,0,0
24.0,37000,MORTGAGE,4.0,MEDICAL,B,23750,10.08,0,0.44000000000000006,N,2,2022,0,0,0
23.0,51000,RENT,4.0,DEBTCONSOLIDATION,A,10400,10.99,0,0.2,N,2,2022,0,0,1
23.0,64000,RENT,7.0,EDUCATION,D,10325,12.92,1,0.16,Y,2,2022,1,0,0
21.0,45000,RENT,3.0,EDUCATION,B,10300,10.59,0,0.23,N,2,2022,0,0,0
26.0,54996,RENT,1.0,HOMEIMPROVEMENT,A,10250,7.29,0,0.19,N,2,2022,0,0,0
24.0,37200,MORTGAGE,5.0,PERSONAL,A,13000,6.91,0,0.35,N,2,2022,0,0,0
26.0,37200,MORTGAGE,1.0,PERSONAL,B,6000,10.36,0,0.16,N,2,2022,0,0,0
23.0,37344,MORTGAGE,0.0,EDUCATION,C,3200,12.68,0,0.09,Y,2,2022,0,0,0
23.0,48000,RENT,8.0,VENTURE,D,3600,16.02,0,0.07,N,2,2022,0,0,0
22.0,44000,RENT,3.0,HOMEIMPROVEMENT,C,3600,13.43,1,0.08,Y,2,2022,1,0,0
21.0,37459,MORTGAGE,6.0,EDUCATION,A,5600,6.92,0,0.15,N,2,2022,0,0,0
23.0,60000,RENT,4.0,VENTURE,A,3600,7.9,0,0.06,N,2,2022,0,0,0
21.0,37500,MORTGAGE,5.0,PERSONAL,A,12000,5.79,0,0.32,N,2,2022,0,0,0
22.0,60000,RENT,0.0,EDUCATION,C,3600,15.27,0,0.06,Y,2,2022,0,1,0
23.0,60000,RENT,8.0,EDUCATION,B,3600,9.99,0,0.06,N,2,2022,0,0,0
23.0,65000,RENT,2.0,DEBTCONSOLIDATION,B,3600,11.49,0,0.06,N,2,2022,0,0,0
24.0,65000,RENT,0.0,EDUCATION,B,3600,10.59,0,0.06,N,2,2022,0,0,0
25.0,51850,RENT,2.0,MEDICAL,C,3600,13.99,1,0.06,N,2,2022,1,0,0
26.0,84996,RENT,4.0,EDUCATION,B,3600,11.99,0,0.04,N,2,2022,0,0,0
23.0,31785,MORTGAGE,7.0,MEDICAL,D,6000,14.96,1,0.19,N,2,2022,1,0,0
22.0,37800,MORTGAGE,7.0,EDUCATION,B,7200,10.99,0,0.19,N,2,2022,0,0,0
25.0,19800,RENT,9.0,MEDICAL,D,3625,16.29,1,0.18,N,2,2022,1,0,0
23.0,52000,RENT,2.0,PERSONAL,B,3625,10.59,1,0.07,N,2,2022,1,0,0
25.0,37980,MORTGAGE,7.0,PERSONAL,A,3500,6.03,0,0.09,N,2,2022,0,0,0
26.0,38000,MORTGAGE,1.0,HOMEIMPROVEMENT,A,8875,7.51,0,0.23,N,2,2022,0,0,0
23.0,36000,RENT,4.0,DEBTCONSOLIDATION,B,3700,9.25,0,0.1,N,2,2022,0,0,0
23.0,75000,RENT,2.0,DEBTCONSOLIDATION,A,3700,6.03,0,0.05,N,2,2022,0,0,0
23.0,33000,RENT,0.0,DEBTCONSOLIDATION,A,3725,6.54,0,0.11,N,2,2022,0,0,0
23.0,120000,RENT,3.0,VENTURE,A,3725,8.49,0,0.03,N,2,2022,0,0,0
23.0,21000,RENT,3.0,DEBTCONSOLIDATION,D,3750,15.65,1,0.18,N,2,2022,1,0,0
24.0,38000,OWN,2.0,EDUCATION,A,9600,10.99,0,0.25,N,2,2022,0,0,1
25.0,38000,MORTGAGE,9.0,HOMEIMPROVEMENT,A,5400,8.9,0,0.14,N,2,2022,0,0,0
22.0,38000,MORTGAGE,4.0,MEDICAL,A,18000,8.9,0,0.44000000000000006,N,2,2022,0,0,0
21.0,25000,RENT,0.0,DEBTCONSOLIDATION,A,3800,8.59,0,0.15,N,2,2022,0,0,0
25.0,30004,RENT,3.0,DEBTCONSOLIDATION,D,3800,14.84,1,0.13,N,2,2022,1,0,0
26.0,38000,MORTGAGE,5.0,HOMEIMPROVEMENT,B,5000,10.99,0,0.13,N,2,2022,0,0,1
24.0,14400,RENT,0.0,MEDICAL,D,3825,10.99,1,0.27,N,2,2022,1,1,1
22.0,38000,MORTGAGE,6.0,DEBTCONSOLIDATION,A,8500,5.42,0,0.22,N,2,2022,0,0,0
23.0,32000,MORTGAGE,0.0,EDUCATION,B,1000,10.59,1,0.03,N,2,2022,1,1,0
22.0,38000,MORTGAGE,6.0,EDUCATION,A,4500,5.79,0,0.12,N,2,2022,0,0,0
25.0,38000,MORTGAGE,4.0,PERSONAL,A,6000,5.42,0,0.16,N,2,2022,0,0,0
25.0,44500,RENT,0.0,VENTURE,B,3900,10.99,0,0.09,N,2,2022,0,0,0
22.0,38000,MORTGAGE,5.0,EDUCATION,B,4200,9.25,0,0.11,N,2,2022,0,0,0
25.0,32000,MORTGAGE,4.0,DEBTCONSOLIDATION,B,8000,10.36,1,0.25,N,2,2022,1,0,0
24.0,13000,RENT,4.0,PERSONAL,B,4000,9.88,1,0.31,N,2,2022,1,0,0
22.0,38000,MORTGAGE,6.0,MEDICAL,A,4000,6.76,0,0.11,N,2,2022,0,0,0
24.0,38000,OWN,0.0,VENTURE,C,8500,13.11,0,0.22,N,2,2022,0,0,0
22.0,14400,RENT,0.0,VENTURE,D,4000,14.61,1,0.28,N,2,2022,1,0,0
22.0,14400,RENT,0.0,DEBTCONSOLIDATION,C,4000,10.91,1,0.28,Y,2,2022,1,0,0
22.0,15000,RENT,3.0,EDUCATION,B,4000,10.08,1,0.27,N,2,2022,1,0,0
24.0,15600,RENT,3.0,MEDICAL,E,4000,16.32,1,0.26,N,2,2022,1,0,0
22.0,15996,RENT,3.0,EDUCATION,C,4000,13.35,1,0.25,Y,2,2022,1,0,0
23.0,18000,RENT,5.0,PERSONAL,B,4000,10.99,1,0.22,N,2,2022,1,0,0
21.0,38000,OWN,1.0,MEDICAL,A,5000,8.94,0,0.13,N,2,2022,0,0,0
22.0,38000,MORTGAGE,4.0,VENTURE,D,4000,14.42,0,0.11,Y,2,2022,0,0,0
23.0,20000,RENT,6.0,PERSONAL,C,4000,12.23,0,0.2,Y,2,2022,0,0,0
24.0,21000,RENT,0.0,EDUCATION,C,4000,13.43,0,0.19,N,2,2022,0,0,0
21.0,21000,RENT,2.0,DEBTCONSOLIDATION,B,4000,11.86,0,0.19,N,2,2022,0,0,0
26.0,21000,RENT,0.0,MEDICAL,B,4000,11.36,0,0.19,N,2,2022,0,0,0
26.0,38004,MORTGAGE,3.0,VENTURE,C,10000,13.35,0,0.26,N,2,2022,0,0,0
25.0,23920,RENT,0.0,MEDICAL,C,4000,14.35,0,0.17,N,2,2022,0,0,0
21.0,24000,RENT,2.0,MEDICAL,D,4000,14.84,1,0.17,Y,2,2022,1,0,0
24.0,24000,RENT,0.0,VENTURE,B,4000,12.21,0,0.17,N,2,2022,0,0,0
22.0,25000,RENT,0.0,DEBTCONSOLIDATION,B,4000,10.36,0,0.16,N,2,2022,0,0,0
22.0,25200,RENT,1.0,MEDICAL,B,4000,10.99,0,0.16,N,2,2022,0,0,1
25.0,25200,RENT,0.0,EDUCATION,B,4000,10.25,0,0.16,N,2,2022,0,1,0
26.0,26400,RENT,0.0,EDUCATION,A,4000,7.9,0,0.15,N,2,2022,0,0,0
23.0,26400,RENT,8.0,EDUCATION,C,4000,14.17,1,0.15,N,2,2022,1,0,0
24.0,26400,RENT,4.0,MEDICAL,C,4000,13.72,0,0.15,N,2,2022,0,0,0
22.0,27000,RENT,0.0,PERSONAL,A,4000,5.79,0,0.15,N,2,2022,0,0,0
22.0,27000,RENT,6.0,EDUCATION,A,4000,7.14,0,0.15,N,2,2022,0,0,0
21.0,27000,RENT,5.0,MEDICAL,D,4000,15.58,1,0.15,Y,2,2022,1,0,0
25.0,38400,OWN,9.0,EDUCATION,A,1000,6.62,0,0.03,N,2,2022,0,0,0
25.0,27993,RENT,2.0,MEDICAL,C,4000,12.99,0,0.14,N,2,2022,0,0,0
21.0,28000,RENT,2.0,EDUCATION,C,4000,15.23,0,0.14,N,2,2022,0,0,0
24.0,28000,RENT,8.0,MEDICAL,A,4000,10.99,0,0.14,N,2,2022,0,0,1
23.0,38400,MORTGAGE,7.0,VENTURE,A,2000,10.99,0,0.05,N,2,2022,0,0,1
25.0,28008,RENT,5.0,MEDICAL,B,4000,10.0,0,0.14,N,2,2022,0,0,0
22.0,38400,OWN,5.0,EDUCATION,C,10000,13.99,0,0.26,N,2,2022,0,0,0
23.0,28800,RENT,0.0,EDUCATION,A,4000,5.42,0,0.14,N,2,2022,0,0,0
22.0,28800,RENT,2.0,DEBTCONSOLIDATION,C,4000,13.48,0,0.14,N,2,2022,0,0,0
26.0,38400,OWN,2.0,EDUCATION,B,5550,9.99,0,0.14,N,2,2022,0,0,0
24.0,38400,MORTGAGE,7.0,MEDICAL,C,15000,15.23,0,0.39,N,2,2022,0,0,0
22.0,38400,MORTGAGE,0.0,EDUCATION,B,5000,11.49,0,0.13,N,2,2022,0,1,0
21.0,38400,MORTGAGE,0.0,EDUCATION,A,4200,10.99,0,0.11,N,2,2022,0,0,1
24.0,30000,RENT,2.0,VENTURE,A,4000,5.99,0,0.13,N,2,2022,0,0,0
24.0,38400,MORTGAGE,8.0,HOMEIMPROVEMENT,B,10000,10.99,0,0.26,N,2,2022,0,0,0
25.0,38400,OWN,4.0,VENTURE,C,12500,13.06,0,0.33,Y,2,2022,0,0,0
22.0,38400,MORTGAGE,4.0,DEBTCONSOLIDATION,A,10000,5.42,0,0.26,N,2,2022,0,0,0
25.0,38400,MORTGAGE,2.0,DEBTCONSOLIDATION,A,10000,7.29,0,0.26,N,2,2022,0,0,0
22.0,30000,RENT,0.0,VENTURE,D,4000,15.21,1,0.13,N,2,2022,1,0,0
22.0,38400,MORTGAGE,0.0,PERSONAL,A,1000,5.79,0,0.03,N,2,2022,0,1,0
25.0,38400,MORTGAGE,5.0,MEDICAL,A,5700,6.17,0,0.15,N,2,2022,0,0,0
24.0,38400,MORTGAGE,7.0,EDUCATION,C,10000,14.72,0,0.26,N,2,2022,0,0,0
26.0,32400,RENT,9.0,MEDICAL,C,4000,14.27,0,0.12,N,2,2022,0,0,0
25.0,32400,RENT,6.0,MEDICAL,B,4000,10.08,0,0.12,N,2,2022,0,0,0
23.0,32535,RENT,6.0,PERSONAL,B,4000,10.99,0,0.12,N,2,2022,0,0,1
24.0,38400,OTHER,0.0,VENTURE,E,8000,16.0,0,0.21,Y,2,2022,0,0,0
21.0,38400,OWN,0.0,VENTURE,C,12200,10.99,0,0.32,N,2,2022,0,0,1
23.0,34000,RENT,4.0,MEDICAL,B,4000,12.69,0,0.12,N,2,2022,0,0,0
23.0,38500,MORTGAGE,2.0,DEBTCONSOLIDATION,A,3000,10.99,0,0.08,N,2,2022,0,0,1
25.0,34200,RENT,1.0,EDUCATION,B,4000,10.99,0,0.12,N,2,2022,0,0,1
25.0,35000,RENT,4.0,VENTURE,D,4000,16.29,0,0.11,Y,2,2022,0,0,0
26.0,38904,MORTGAGE,1.0,HOMEIMPROVEMENT,B,10000,12.21,0,0.26,N,2,2022,0,0,0
24.0,39000,MORTGAGE,8.0,VENTURE,A,1200,10.99,0,0.03,N,2,2022,0,0,1
26.0,30000,RENT,3.0,MEDICAL,C,4000,14.27,1,0.13,Y,2,2022,1,0,0
22.0,36000,RENT,3.0,EDUCATION,A,4000,5.42,0,0.11,N,2,2022,0,0,0
22.0,30000,RENT,1.0,EDUCATION,D,4000,14.96,1,0.13,Y,2,2022,1,0,0
26.0,36000,RENT,0.0,PERSONAL,B,4000,10.14,0,0.11,N,2,2022,0,0,0
23.0,36300,RENT,0.0,VENTURE,A,4000,7.68,0,0.11,N,2,2022,0,0,0
22.0,37000,RENT,2.0,EDUCATION,B,4000,10.95,0,0.11,N,2,2022,0,0,0
22.0,39000,MORTGAGE,4.0,PERSONAL,B,3250,10.99,0,0.08,N,2,2022,0,0,0
23.0,38400,RENT,7.0,PERSONAL,B,4000,10.59,0,0.1,N,2,2022,0,0,0
22.0,38400,RENT,4.0,EDUCATION,C,4000,12.99,0,0.1,N,2,2022,0,0,0
22.0,32400,RENT,4.0,VENTURE,D,4000,10.99,1,0.12,Y,2,2022,1,0,1
23.0,38850,RENT,0.0,EDUCATION,C,4000,12.72,0,0.1,Y,2,2022,0,0,0
26.0,33000,MORTGAGE,0.0,HOMEIMPROVEMENT,C,9000,13.72,1,0.27,N,2,2022,1,0,0
25.0,39000,MORTGAGE,6.0,DEBTCONSOLIDATION,A,6000,7.51,0,0.15,N,2,2022,0,0,0
24.0,40000,RENT,3.0,DEBTCONSOLIDATION,A,4000,5.42,0,0.1,N,2,2022,0,0,0
25.0,34000,RENT,0.0,HOMEIMPROVEMENT,A,4000,10.99,1,0.12,N,2,2022,1,1,1
23.0,39000,MORTGAGE,8.0,EDUCATION,A,10000,7.51,0,0.26,N,2,2022,0,0,0
22.0,40000,RENT,2.0,EDUCATION,A,4000,10.99,0,0.1,N,2,2022,0,0,1
21.0,40000,RENT,3.0,EDUCATION,A,4000,7.51,0,0.1,N,2,2022,0,0,0
23.0,42000,RENT,0.0,VENTURE,B,4000,10.59,0,0.1,N,2,2022,0,0,0
26.0,36000,RENT,2.0,PERSONAL,D,4000,14.54,1,0.11,N,2,2022,1,0,0
24.0,43000,RENT,8.0,VENTURE,B,4000,12.69,0,0.09,N,2,2022,0,0,0
24.0,39456,OWN,8.0,PERSONAL,A,1325,6.62,0,0.03,N,2,2022,0,0,0
23.0,39500,MORTGAGE,3.0,DEBTCONSOLIDATION,C,10000,14.22,0,0.25,Y,2,2022,0,0,0
26.0,48000,RENT,3.0,VENTURE,A,4000,5.79,0,0.08,N,2,2022,0,0,0
24.0,42000,RENT,8.0,HOMEIMPROVEMENT,B,4000,11.86,1,0.1,N,2,2022,1,0,0
23.0,39600,MORTGAGE,8.0,EDUCATION,A,8250,9.32,0,0.21,N,2,2022,0,0,0
26.0,33660,MORTGAGE,0.0,DEBTCONSOLIDATION,A,4500,5.99,1,0.13,N,2,2022,1,0,0
24.0,44000,RENT,1.0,DEBTCONSOLIDATION,D,4000,17.58,1,0.09,N,2,2022,1,0,0
24.0,50000,RENT,1.0,HOMEIMPROVEMENT,A,4000,5.42,0,0.08,N,2,2022,0,0,0
23.0,39689,OWN,1.0,VENTURE,C,13000,13.57,0,0.33,Y,2,2022,0,0,0
25.0,50000,RENT,2.0,DEBTCONSOLIDATION,B,4000,10.37,0,0.08,N,2,2022,0,0,0
23.0,50000,RENT,1.0,MEDICAL,A,4000,5.42,0,0.08,N,2,2022,0,0,0
23.0,50000,RENT,3.0,EDUCATION,C,4000,12.61,0,0.08,Y,2,2022,0,0,0
22.0,50000,RENT,7.0,MEDICAL,A,4000,7.4,0,0.08,N,2,2022,0,0,0
25.0,50000,RENT,3.0,EDUCATION,D,4000,14.61,0,0.08,N,2,2022,0,0,0
22.0,50004,RENT,2.0,DEBTCONSOLIDATION,A,4000,6.92,0,0.08,N,2,2022,0,0,0
24.0,50004,RENT,5.0,EDUCATION,A,4000,7.88,0,0.08,N,2,2022,0,0,0
26.0,39990,MORTGAGE,3.0,HOMEIMPROVEMENT,C,2400,14.27,0,0.06,Y,2,2022,0,0,0
23.0,51996,RENT,7.0,DEBTCONSOLIDATION,C,4000,13.98,0,0.08,Y,2,2022,0,0,0
24.0,52000,RENT,3.0,MEDICAL,B,4000,9.88,0,0.08,N,2,2022,0,0,0
24.0,53636,RENT,8.0,EDUCATION,B,4000,10.62,0,0.07,N,2,2022,0,0,0
25.0,54000,RENT,2.0,EDUCATION,B,4000,11.89,0,0.07,N,2,2022,0,0,0
22.0,39996,OWN,5.0,EDUCATION,C,3500,10.99,0,0.09,N,2,2022,0,0,1
23.0,55000,RENT,8.0,MEDICAL,B,4000,10.99,0,0.07,N,2,2022,0,0,0
21.0,55000,RENT,5.0,DEBTCONSOLIDATION,C,4000,13.35,0,0.07,Y,2,2022,0,0,0
23.0,55000,RENT,4.0,MEDICAL,B,4000,12.53,0,0.07,N,2,2022,0,0,0
22.0,57000,RENT,6.0,VENTURE,B,4000,10.99,0,0.07,N,2,2022,0,0,1
23.0,57500,RENT,1.0,VENTURE,B,4000,8.88,0,0.07,N,2,2022,0,0,0
21.0,39996,MORTGAGE,6.0,EDUCATION,C,13000,13.48,0,0.33,N,2,2022,0,0,0
23.0,57600,RENT,1.0,DEBTCONSOLIDATION,A,4000,7.75,0,0.07,N,2,2022,0,0,0
23.0,58000,RENT,1.0,VENTURE,B,4000,10.74,0,0.07,N,2,2022,0,0,0
23.0,58320,RENT,4.0,MEDICAL,B,4000,10.37,0,0.07,N,2,2022,0,0,0
23.0,60000,RENT,7.0,EDUCATION,D,4000,15.33,0,0.07,Y,2,2022,0,0,0
26.0,54000,RENT,0.0,MEDICAL,C,4000,13.47,1,0.07,N,2,2022,1,0,0
26.0,62000,RENT,1.0,EDUCATION,C,4000,13.06,0,0.06,Y,2,2022,0,0,0
24.0,56400,RENT,0.0,EDUCATION,E,4000,14.75,1,0.07,Y,2,2022,1,0,0
25.0,65000,RENT,3.0,PERSONAL,A,4000,6.62,0,0.06,N,2,2022,0,0,0
26.0,40000,MORTGAGE,10.0,HOMEIMPROVEMENT,C,12000,13.49,0,0.3,N,2,2022,0,0,0
24.0,65000,RENT,1.0,MEDICAL,A,4000,5.42,0,0.06,N,2,2022,0,0,0
23.0,40000,MORTGAGE,5.0,EDUCATION,B,18000,9.91,0,0.44000000000000006,N,2,2022,0,0,0
24.0,67200,RENT,5.0,HOMEIMPROVEMENT,D,4000,10.99,0,0.06,Y,2,2022,0,0,1
22.0,40000,MORTGAGE,5.0,DEBTCONSOLIDATION,C,12000,13.49,0,0.3,N,2,2022,0,0,0
25.0,68000,RENT,0.0,VENTURE,A,4000,6.76,0,0.06,N,2,2022,0,0,0
22.0,63000,RENT,6.0,HOMEIMPROVEMENT,B,4000,11.12,1,0.06,N,2,2022,1,0,0
23.0,63996,RENT,2.0,HOMEIMPROVEMENT,D,4000,10.99,1,0.06,Y,2,2022,1,0,1
21.0,70000,RENT,5.0,EDUCATION,A,4000,7.9,0,0.06,N,2,2022,0,0,0
25.0,40000,MORTGAGE,9.0,DEBTCONSOLIDATION,C,7100,10.99,0,0.18,N,2,2022,0,0,1
25.0,75000,RENT,4.0,PERSONAL,B,4000,11.49,0,0.05,N,2,2022,0,0,0
22.0,40000,MORTGAGE,6.0,MEDICAL,A,5000,6.03,0,0.13,N,2,2022,0,0,0
22.0,34000,MORTGAGE,6.0,MEDICAL,B,4500,11.71,1,0.13,N,2,2022,1,0,0
25.0,40000,MORTGAGE,7.0,EDUCATION,A,2100,6.03,0,0.05,N,2,2022,0,0,0
23.0,40000,MORTGAGE,4.0,PERSONAL,B,6000,10.99,0,0.15,N,2,2022,0,0,1
22.0,78972,RENT,5.0,MEDICAL,C,4000,10.99,0,0.05,Y,2,2022,0,0,1
26.0,82000,RENT,2.0,EDUCATION,C,4000,13.48,0,0.05,N,2,2022,0,0,0
23.0,92000,RENT,2.0,EDUCATION,A,4000,5.42,0,0.04,N,2,2022,0,0,0
24.0,93000,RENT,8.0,MEDICAL,A,4000,5.42,0,0.04,N,2,2022,0,0,0
26.0,98000,RENT,3.0,VENTURE,A,4000,9.32,0,0.04,N,2,2022,0,0,0
22.0,40000,MORTGAGE,3.0,DEBTCONSOLIDATION,A,2000,7.9,0,0.05,N,2,2022,0,0,0
21.0,40000,OWN,0.0,EDUCATION,C,2500,14.27,0,0.06,N,2,2022,0,0,0
21.0,40000,MORTGAGE,5.0,PERSONAL,A,5000,6.62,0,0.13,N,2,2022,0,0,0
24.0,15000,RENT,8.0,DEBTCONSOLIDATION,C,4200,13.11,1,0.28,Y,2,2022,1,0,0
21.0,19000,RENT,2.0,HOMEIMPROVEMENT,C,4200,10.99,1,0.22,Y,2,2022,1,0,1
23.0,40000,MORTGAGE,7.0,MEDICAL,A,4000,7.51,0,0.1,N,2,2022,0,0,0
25.0,24996,RENT,1.0,PERSONAL,C,4200,14.26,0,0.17,Y,2,2022,0,0,0
24.0,26000,RENT,0.0,PERSONAL,E,4200,16.0,1,0.16,N,2,2022,1,0,0
23.0,40000,OWN,0.0,VENTURE,A,7500,5.42,0,0.19,N,2,2022,0,1,0
24.0,14400,RENT,0.0,DEBTCONSOLIDATION,B,4375,10.99,1,0.3,N,2,2022,1,0,1
26.0,40000,MORTGAGE,6.0,HOMEIMPROVEMENT,B,6000,11.99,0,0.15,N,2,2022,0,0,0
24.0,16800,RENT,0.0,DEBTCONSOLIDATION,B,4375,9.99,1,0.26,N,2,2022,1,1,0
23.0,50000,RENT,5.0,DEBTCONSOLIDATION,A,4375,8.49,0,0.09,N,2,2022,0,0,0
22.0,19200,RENT,6.0,PERSONAL,B,4400,11.49,1,0.23,N,2,2022,1,0,0
23.0,40000,MORTGAGE,7.0,EDUCATION,C,6000,14.79,0,0.15,N,2,2022,0,0,0
26.0,40000,MORTGAGE,5.0,EDUCATION,A,7200,7.49,0,0.18,N,2,2022,0,0,0
22.0,34000,MORTGAGE,6.0,VENTURE,D,15000,15.99,1,0.44,Y,2,2022,1,0,0
23.0,38000,RENT,5.0,VENTURE,B,4400,11.71,0,0.12,N,2,2022,0,0,0
22.0,40000,MORTGAGE,6.0,DEBTCONSOLIDATION,C,5000,12.99,0,0.13,Y,2,2022,0,0,0
24.0,80000,RENT,7.0,EDUCATION,E,4400,19.03,0,0.06,Y,2,2022,0,0,0
22.0,40000,MORTGAGE,5.0,PERSONAL,A,5400,7.42,0,0.14,N,2,2022,0,0,0
24.0,40000,MORTGAGE,3.0,VENTURE,B,3200,10.99,0,0.08,N,2,2022,0,0,0
25.0,17600,RENT,0.0,PERSONAL,C,4500,13.99,1,0.26,N,2,2022,1,1,0
25.0,40000,OWN,0.0,MEDICAL,A,11000,8.49,0,0.28,N,2,2022,0,0,0
24.0,40000,MORTGAGE,5.0,HOMEIMPROVEMENT,A,15000,7.49,0,0.38,N,2,2022,0,0,0
21.0,18000,RENT,2.0,PERSONAL,B,4500,10.38,1,0.25,N,2,2022,1,0,0
24.0,40000,MORTGAGE,2.0,HOMEIMPROVEMENT,B,2500,9.99,0,0.06,N,2,2022,0,0,0
24.0,18200,RENT,8.0,EDUCATION,A,4500,8.94,1,0.25,N,2,2022,1,0,0
25.0,18204,RENT,0.0,EDUCATION,C,4500,13.61,1,0.25,N,2,2022,1,0,0
26.0,40000,OWN,0.0,MEDICAL,B,4300,10.74,0,0.11,N,2,2022,0,0,0
21.0,20000,RENT,5.0,PERSONAL,C,4500,13.49,0,0.23,N,2,2022,0,0,0
21.0,20004,RENT,4.0,MEDICAL,A,4500,8.0,0,0.22,N,2,2022,0,0,0
21.0,20400,RENT,2.0,PERSONAL,B,4500,10.99,0,0.22,N,2,2022,0,0,0
23.0,21600,RENT,1.0,EDUCATION,D,4500,15.65,1,0.21,N,2,2022,1,0,0
23.0,34000,MORTGAGE,0.0,EDUCATION,C,4000,14.17,1,0.12,N,2,2022,1,0,0
23.0,40000,MORTGAGE,6.0,PERSONAL,B,7200,11.11,0,0.18,N,2,2022,0,0,0
24.0,40000,MORTGAGE,6.0,DEBTCONSOLIDATION,B,5000,11.11,0,0.13,N,2,2022,0,0,0
22.0,24000,RENT,0.0,EDUCATION,B,4500,11.49,0,0.19,N,2,2022,0,0,0
25.0,40000,MORTGAGE,1.0,HOMEIMPROVEMENT,A,4000,7.29,0,0.1,N,2,2022,0,0,0
22.0,24500,RENT,3.0,DEBTCONSOLIDATION,A,4500,8.94,0,0.18,N,2,2022,0,0,0
23.0,26000,RENT,3.0,MEDICAL,A,4500,8.49,1,0.17,N,2,2022,1,0,0
22.0,40000,MORTGAGE,1.0,EDUCATION,A,4800,5.42,0,0.12,N,2,2022,0,0,0
22.0,35000,RENT,2.0,VENTURE,C,4500,14.27,0,0.13,Y,2,2022,0,0,0
23.0,35000,RENT,5.0,PERSONAL,B,4500,10.59,0,0.13,N,2,2022,0,0,0
21.0,36000,RENT,0.0,EDUCATION,A,4500,6.62,0,0.13,N,2,2022,0,0,0
22.0,37342,RENT,3.0,VENTURE,C,4500,11.03,0,0.12,Y,2,2022,0,0,0
22.0,32000,RENT,5.0,MEDICAL,A,4500,9.63,1,0.14,N,2,2022,1,0,0
24.0,38000,RENT,8.0,MEDICAL,B,4500,10.83,0,0.12,N,2,2022,0,0,0
23.0,38004,RENT,2.0,EDUCATION,A,4500,7.88,0,0.12,N,2,2022,0,0,0
24.0,34000,MORTGAGE,1.0,DEBTCONSOLIDATION,D,7000,14.09,1,0.21,N,2,2022,1,0,0
26.0,40000,RENT,0.0,MEDICAL,A,4500,7.74,0,0.11,N,2,2022,0,0,0
21.0,36000,RENT,1.0,VENTURE,D,4500,17.27,1,0.13,N,2,2022,1,0,0
24.0,40000,MORTGAGE,4.0,MEDICAL,B,3500,8.88,0,0.09,N,2,2022,0,0,0
26.0,40000,MORTGAGE,10.0,HOMEIMPROVEMENT,A,5300,5.42,0,0.13,N,2,2022,0,0,0
26.0,42000,RENT,3.0,PERSONAL,A,4500,7.66,0,0.11,N,2,2022,0,0,0
25.0,43500,RENT,0.0,MEDICAL,A,4500,6.76,0,0.1,N,2,2022,0,0,0
22.0,40000,MORTGAGE,6.0,PERSONAL,A,4800,10.99,0,0.12,N,2,2022,0,0,1
22.0,44000,RENT,0.0,PERSONAL,D,4500,14.46,1,0.1,Y,2,2022,1,1,0
22.0,48300,RENT,0.0,HOMEIMPROVEMENT,B,4500,9.76,1,0.09,N,2,2022,1,0,0
22.0,34000,MORTGAGE,4.0,PERSONAL,D,7750,15.21,1,0.23,N,2,2022,1,0,0
24.0,40000,OWN,4.0,PERSONAL,C,2000,14.35,0,0.05,N,2,2022,0,0,0
24.0,55000,RENT,2.0,DEBTCONSOLIDATION,A,4500,7.9,0,0.08,N,2,2022,0,0,0
24.0,40000,MORTGAGE,2.0,VENTURE,C,15250,13.98,0,0.38,Y,2,2022,0,0,0
26.0,58947,RENT,10.0,MEDICAL,A,4500,6.03,0,0.08,N,2,2022,0,0,0
23.0,54000,RENT,5.0,HOMEIMPROVEMENT,A,4500,8.49,1,0.08,N,2,2022,1,0,0
23.0,54000,RENT,7.0,EDUCATION,B,4500,10.99,1,0.08,N,2,2022,1,0,1
23.0,62000,RENT,7.0,VENTURE,B,4500,12.42,0,0.07,N,2,2022,0,0,0
25.0,60000,RENT,9.0,HOMEIMPROVEMENT,B,4500,10.99,1,0.07,N,2,2022,1,0,0
25.0,78996,RENT,9.0,EDUCATION,A,4500,8.63,0,0.06,N,2,2022,0,0,0
25.0,80000,RENT,8.0,VENTURE,C,4500,13.06,0,0.06,N,2,2022,0,0,0
25.0,84000,RENT,0.0,HOMEIMPROVEMENT,B,4500,12.18,0,0.05,N,2,2022,0,0,0
24.0,40000,MORTGAGE,8.0,PERSONAL,B,10000,9.88,0,0.25,N,2,2022,0,0,0
21.0,34000,MORTGAGE,5.0,EDUCATION,B,10000,10.62,1,0.29,N,2,2022,1,0,0
26.0,130000,RENT,0.0,HOMEIMPROVEMENT,C,4550,13.57,0,0.04,Y,2,2022,0,0,0
21.0,24000,RENT,0.0,EDUCATION,C,4600,13.99,0,0.19,Y,2,2022,0,0,0
21.0,28416,RENT,6.0,PERSONAL,A,4600,10.99,0,0.16,N,2,2022,0,0,1
24.0,30000,RENT,0.0,MEDICAL,C,4600,10.99,0,0.15,Y,2,2022,0,0,1
22.0,40000,MORTGAGE,6.0,VENTURE,A,4750,10.99,0,0.12,N,2,2022,0,0,1
21.0,51996,RENT,5.0,PERSONAL,A,4600,8.59,0,0.09,N,2,2022,0,0,0
23.0,52000,RENT,5.0,PERSONAL,D,4600,14.96,1,0.09,N,2,2022,1,0,0
23.0,40000,MORTGAGE,3.0,EDUCATION,B,12000,9.88,0,0.3,N,2,2022,0,0,0
22.0,40000,MORTGAGE,0.0,EDUCATION,C,4000,12.73,0,0.1,Y,2,2022,0,0,0
24.0,73000,RENT,2.0,MEDICAL,B,4600,9.99,0,0.06,N,2,2022,0,0,0
24.0,100000,RENT,1.0,EDUCATION,A,4600,8.49,0,0.05,N,2,2022,0,0,0
22.0,40000,OWN,0.0,VENTURE,C,6400,14.22,0,0.16,Y,2,2022,0,0,0
24.0,40000,MORTGAGE,8.0,DEBTCONSOLIDATION,B,15000,9.88,0,0.38,N,2,2022,0,0,0
21.0,31970,RENT,2.0,VENTURE,A,4650,9.32,0,0.15,N,2,2022,0,0,0
23.0,41000,RENT,7.0,PERSONAL,A,4700,7.9,0,0.11,N,2,2022,0,0,0
24.0,45000,RENT,2.0,DEBTCONSOLIDATION,B,4700,10.96,0,0.1,N,2,2022,0,0,0
26.0,27600,RENT,0.0,MEDICAL,A,4725,6.54,0,0.17,N,2,2022,0,0,0
26.0,14040,RENT,1.0,DEBTCONSOLIDATION,B,4750,10.25,1,0.34,N,2,2022,1,0,0
23.0,14400,RENT,1.0,EDUCATION,B,4750,11.11,1,0.33,N,2,2022,1,0,0
22.0,20400,RENT,1.0,DEBTCONSOLIDATION,B,4750,11.49,0,0.23,N,2,2022,0,0,0
22.0,21000,RENT,4.0,EDUCATION,D,4750,10.99,0,0.23,N,2,2022,0,0,1
24.0,34000,MORTGAGE,3.0,PERSONAL,D,10000,15.31,1,0.29,Y,2,2022,1,0,0
24.0,40000,MORTGAGE,8.0,EDUCATION,D,3000,15.65,0,0.07,N,2,2022,0,0,0
22.0,19800,RENT,0.0,DEBTCONSOLIDATION,B,4800,10.99,1,0.24,N,2,2022,1,1,0
26.0,20000,RENT,0.0,DEBTCONSOLIDATION,A,4800,7.49,0,0.24,N,2,2022,0,0,0
23.0,20400,RENT,0.0,PERSONAL,A,4800,10.99,0,0.24,N,2,2022,0,0,1
21.0,22000,RENT,1.0,MEDICAL,A,4800,7.88,0,0.22,N,2,2022,0,0,0
21.0,34000,OTHER,3.0,VENTURE,E,9600,15.68,1,0.28,Y,2,2022,1,0,0
23.0,23136,RENT,0.0,EDUCATION,A,4800,6.17,0,0.21,N,2,2022,0,1,0
22.0,24000,RENT,6.0,EDUCATION,A,4800,7.49,0,0.2,N,2,2022,0,0,0
22.0,24500,RENT,3.0,MEDICAL,B,4800,10.65,0,0.2,N,2,2022,0,0,0
21.0,27000,RENT,1.0,EDUCATION,A,4800,7.51,0,0.18,N,2,2022,0,0,0
23.0,40000,MORTGAGE,1.0,VENTURE,B,1200,10.83,0,0.03,N,2,2022,0,0,0
24.0,30000,RENT,8.0,VENTURE,B,4800,11.49,0,0.16,N,2,2022,0,0,0
24.0,40000,OWN,4.0,MEDICAL,A,1000,7.37,0,0.03,N,2,2022,0,0,0
24.0,32000,RENT,6.0,MEDICAL,B,4800,10.59,0,0.15,N,2,2022,0,0,0
22.0,32000,RENT,3.0,DEBTCONSOLIDATION,D,4800,16.49,1,0.15,Y,2,2022,1,0,0
23.0,32640,RENT,5.0,VENTURE,B,4800,11.99,0,0.15,N,2,2022,0,0,0
24.0,33600,RENT,0.0,MEDICAL,B,4800,11.86,0,0.14,N,2,2022,0,0,0
26.0,35000,RENT,0.0,DEBTCONSOLIDATION,A,4800,8.9,0,0.14,N,2,2022,0,0,0
22.0,40058,MORTGAGE,5.0,VENTURE,B,6000,9.91,0,0.15,N,2,2022,0,0,0
25.0,35000,RENT,9.0,VENTURE,B,4800,11.14,0,0.14,N,2,2022,0,0,0
25.0,35000,RENT,1.0,MEDICAL,C,4800,10.28,0,0.14,N,2,2022,0,0,0
23.0,40104,OTHER,7.0,EDUCATION,C,10000,12.72,0,0.25,Y,2,2022,0,0,0
24.0,40113,MORTGAGE,6.0,HOMEIMPROVEMENT,A,5000,7.14,0,0.12,N,2,2022,0,0,0
21.0,40200,MORTGAGE,5.0,MEDICAL,A,7200,7.88,0,0.18,N,2,2022,0,0,0
25.0,30000,RENT,0.0,HOMEIMPROVEMENT,E,4800,15.95,1,0.16,Y,2,2022,1,0,0
26.0,40224,MORTGAGE,0.0,PERSONAL,A,7000,7.4,0,0.17,N,2,2022,0,0,0
22.0,32400,RENT,7.0,PERSONAL,C,4800,13.98,1,0.15,Y,2,2022,1,0,0
22.0,40542,MORTGAGE,6.0,VENTURE,A,6250,10.99,0,0.15,N,2,2022,0,0,1
26.0,44600,RENT,0.0,EDUCATION,C,4800,14.65,0,0.11,N,2,2022,0,0,0
26.0,45000,RENT,1.0,MEDICAL,A,4800,5.42,0,0.11,N,2,2022,0,0,0
22.0,40800,MORTGAGE,7.0,EDUCATION,C,17050,10.99,0,0.42,Y,2,2022,0,0,1
23.0,45000,RENT,4.0,PERSONAL,C,4800,13.98,0,0.11,Y,2,2022,0,0,0
26.0,45243,RENT,3.0,VENTURE,B,4800,9.25,0,0.11,N,2,2022,0,0,0
24.0,45840,RENT,2.0,DEBTCONSOLIDATION,A,4800,7.49,0,0.1,N,2,2022,0,0,0
24.0,46000,RENT,0.0,PERSONAL,A,4800,8.9,0,0.1,N,2,2022,0,0,0
21.0,47664,RENT,5.0,DEBTCONSOLIDATION,A,4800,7.9,0,0.1,N,2,2022,0,0,0
23.0,40800,MORTGAGE,4.0,MEDICAL,B,10400,10.0,0,0.25,N,2,2022,0,0,0
26.0,42000,RENT,2.0,VENTURE,C,4800,14.27,1,0.11,N,2,2022,1,0,0
24.0,42000,RENT,2.0,EDUCATION,C,4800,15.23,1,0.11,Y,2,2022,1,0,0
22.0,40800,OWN,6.0,VENTURE,C,10000,12.61,0,0.25,Y,2,2022,0,0,0
25.0,40800,MORTGAGE,0.0,HOMEIMPROVEMENT,A,8000,5.79,0,0.2,N,2,2022,0,1,0
22.0,48000,RENT,0.0,DEBTCONSOLIDATION,C,4800,12.98,0,0.1,Y,2,2022,0,0,0
24.0,40800,OWN,0.0,VENTURE,C,14400,14.35,0,0.35,N,2,2022,0,0,0
26.0,40800,MORTGAGE,3.0,PERSONAL,A,7500,7.88,0,0.18,N,2,2022,0,0,0
23.0,40800,MORTGAGE,3.0,MEDICAL,A,10000,7.14,0,0.25,N,2,2022,0,0,0
25.0,50000,RENT,8.0,EDUCATION,C,4800,15.96,0,0.1,N,2,2022,0,0,0
26.0,52000,RENT,2.0,EDUCATION,B,4800,9.99,0,0.09,N,2,2022,0,0,0
23.0,52000,RENT,3.0,EDUCATION,B,4800,9.88,0,0.09,N,2,2022,0,0,0
25.0,49000,RENT,3.0,MEDICAL,D,4800,14.96,1,0.1,Y,2,2022,1,0,0
22.0,41000,MORTGAGE,6.0,EDUCATION,A,12000,6.03,0,0.29,N,2,2022,0,0,0
22.0,41000,OWN,0.0,PERSONAL,A,1000,6.99,0,0.02,N,2,2022,0,0,0
26.0,65000,RENT,0.0,HOMEIMPROVEMENT,C,4800,13.72,0,0.07,N,2,2022,0,0,0
24.0,41000,MORTGAGE,3.0,VENTURE,A,2500,7.29,0,0.06,N,2,2022,0,0,0
22.0,41000,MORTGAGE,0.0,EDUCATION,B,6000,11.86,0,0.15,N,2,2022,0,0,0
23.0,69000,RENT,7.0,MEDICAL,B,4800,10.75,0,0.07,N,2,2022,0,0,0
23.0,70000,RENT,2.0,PERSONAL,C,4800,10.99,0,0.07,N,2,2022,0,0,1
24.0,72096,RENT,2.0,HOMEIMPROVEMENT,A,4800,7.14,0,0.07,N,2,2022,0,0,0
22.0,67200,RENT,6.0,DEBTCONSOLIDATION,E,4800,16.7,1,0.07,Y,2,2022,1,0,0
22.0,75000,RENT,0.0,DEBTCONSOLIDATION,B,4800,12.21,0,0.06,N,2,2022,0,0,0
24.0,41000,MORTGAGE,3.0,DEBTCONSOLIDATION,B,9000,9.88,0,0.22,N,2,2022,0,0,0
23.0,41000,MORTGAGE,7.0,VENTURE,D,10000,14.96,0,0.24,Y,2,2022,0,0,0
26.0,89000,RENT,0.0,EDUCATION,A,4800,5.99,0,0.05,N,2,2022,0,1,0
24.0,103641,RENT,8.0,VENTURE,B,4800,10.74,0,0.05,N,2,2022,0,0,0
24.0,105000,RENT,5.0,HOMEIMPROVEMENT,C,4800,10.99,0,0.05,Y,2,2022,0,0,1
22.0,115000,RENT,4.0,MEDICAL,A,4800,7.88,0,0.04,N,2,2022,0,0,0
24.0,40000,RENT,0.0,EDUCATION,A,4850,6.62,0,0.12,N,2,2022,0,0,0
24.0,54000,RENT,0.0,HOMEIMPROVEMENT,A,4850,8.49,0,0.09,N,2,2022,0,0,0
23.0,41000,MORTGAGE,4.0,MEDICAL,B,7500,10.71,0,0.18,N,2,2022,0,0,0
25.0,21600,RENT,0.0,EDUCATION,C,4900,13.72,0,0.23,Y,2,2022,0,0,0
21.0,41004,MORTGAGE,5.0,VENTURE,B,23750,10.75,0,0.44000000000000006,N,2,2022,0,0,0
25.0,41004,OWN,1.0,PERSONAL,B,12000,10.99,0,0.29,N,2,2022,0,0,1
24.0,41100,OWN,2.0,VENTURE,B,9200,12.42,0,0.22,N,2,2022,0,0,0
23.0,41196,MORTGAGE,7.0,EDUCATION,B,16000,11.83,0,0.39,N,2,2022,0,0,0
26.0,99000,RENT,5.0,PERSONAL,A,10000,7.29,0,0.1,N,2,2022,0,0,0
24.0,87996,RENT,8.0,DEBTCONSOLIDATION,D,10000,14.84,1,0.11,Y,2,2022,1,0,0
24.0,100000,RENT,4.0,HOMEIMPROVEMENT,E,10000,16.4,0,0.1,Y,2,2022,0,0,0
23.0,100000,RENT,0.0,PERSONAL,B,10000,11.46,0,0.1,N,2,2022,0,0,0
23.0,41496,OWN,4.0,VENTURE,E,7200,10.99,0,0.17,N,2,2022,0,0,1
26.0,102000,RENT,5.0,MEDICAL,A,10000,8.59,0,0.1,N,2,2022,0,0,0
23.0,107500,RENT,7.0,MEDICAL,A,10000,7.66,0,0.09,N,2,2022,0,0,0
26.0,96000,RENT,2.0,EDUCATION,D,10000,15.28,1,0.1,Y,2,2022,1,0,0
23.0,98000,RENT,0.0,EDUCATION,E,10000,16.4,1,0.1,N,2,2022,1,0,0
25.0,41520,OWN,9.0,MEDICAL,A,4400,7.29,0,0.11,N,2,2022,0,0,0
23.0,110000,RENT,5.0,DEBTCONSOLIDATION,A,10000,7.88,0,0.09,N,2,2022,0,0,0
22.0,41600,OWN,4.0,EDUCATION,B,12000,12.42,0,0.29,N,2,2022,0,0,0
24.0,41600,MORTGAGE,0.0,HOMEIMPROVEMENT,A,10000,8.94,0,0.24,N,2,2022,0,0,0
25.0,41664,MORTGAGE,6.0,HOMEIMPROVEMENT,A,4000,5.99,0,0.1,N,2,2022,0,0,0
25.0,41718,OWN,3.0,VENTURE,A,5000,7.51,0,0.12,N,2,2022,0,0,0
25.0,115000,RENT,3.0,MEDICAL,B,10000,10.37,0,0.09,N,2,2022,0,0,0
22.0,41784,MORTGAGE,6.0,DEBTCONSOLIDATION,A,5000,6.03,0,0.12,N,2,2022,0,0,0
26.0,120000,RENT,11.0,HOMEIMPROVEMENT,C,10000,12.68,0,0.08,N,2,2022,0,0,0
23.0,35941,MORTGAGE,7.0,HOMEIMPROVEMENT,C,3500,13.35,1,0.1,N,2,2022,1,0,0
24.0,120000,RENT,3.0,MEDICAL,A,10000,7.88,0,0.08,N,2,2022,0,0,0
25.0,120000,RENT,3.0,DEBTCONSOLIDATION,A,10000,9.32,0,0.08,N,2,2022,0,0,0
23.0,120000,RENT,0.0,DEBTCONSOLIDATION,C,10000,11.66,0,0.08,N,2,2022,0,0,0
24.0,42000,MORTGAGE,5.0,DEBTCONSOLIDATION,A,19200,7.9,0,0.44000000000000006,N,2,2022,0,0,0
22.0,42000,MORTGAGE,1.0,PERSONAL,C,10500,14.65,0,0.25,N,2,2022,0,0,0
26.0,125000,RENT,6.0,VENTURE,A,10000,7.49,0,0.08,N,2,2022,0,0,0
25.0,130000,RENT,7.0,HOMEIMPROVEMENT,A,10000,7.49,0,0.08,N,2,2022,0,0,0
21.0,36000,MORTGAGE,2.0,MEDICAL,C,5000,14.27,1,0.14,Y,2,2022,1,0,0
25.0,42000,MORTGAGE,9.0,HOMEIMPROVEMENT,B,12000,9.91,0,0.29,N,2,2022,0,0,0
22.0,140000,RENT,0.0,EDUCATION,B,10000,9.99,0,0.07,N,2,2022,0,0,0
24.0,140000,RENT,0.0,HOMEIMPROVEMENT,B,10000,11.14,0,0.07,N,2,2022,0,0,0
22.0,42000,MORTGAGE,0.0,VENTURE,B,3500,9.91,0,0.08,N,2,2022,0,1,0
23.0,141500,RENT,1.0,EDUCATION,B,10000,12.69,0,0.06,N,2,2022,0,0,0
25.0,42000,OWN,6.0,EDUCATION,A,18000,10.99,0,0.43,N,2,2022,0,0,1
24.0,141500,RENT,2.0,VENTURE,D,10000,13.67,1,0.04,N,2,2022,1,0,0
22.0,42000,MORTGAGE,7.0,DEBTCONSOLIDATION,B,9350,12.69,0,0.22,N,2,2022,0,0,0
22.0,29004,RENT,0.0,EDUCATION,B,9975,10.99,1,0.34,N,2,2022,1,1,1
22.0,42000,MORTGAGE,6.0,MEDICAL,A,3000,6.03,0,0.07,N,2,2022,0,0,0
23.0,65000,RENT,0.0,VENTURE,A,9975,7.51,0,0.15,N,2,2022,0,0,0
23.0,42000,OWN,5.0,VENTURE,A,6500,6.03,0,0.15,N,2,2022,0,0,0
22.0,42000,OWN,6.0,PERSONAL,A,10000,6.03,0,0.24,N,2,2022,0,0,0
21.0,42000,OWN,5.0,EDUCATION,D,5000,17.49,0,0.12,N,2,2022,0,0,0
22.0,33000,RENT,0.0,DEBTCONSOLIDATION,C,9800,10.99,1,0.3,N,2,2022,1,1,1
23.0,44000,RENT,7.0,EDUCATION,A,9800,7.51,1,0.22,N,2,2022,1,0,0
23.0,44000,RENT,7.0,MEDICAL,C,9800,13.11,1,0.22,N,2,2022,1,0,0
23.0,60000,RENT,4.0,EDUCATION,C,9800,13.49,0,0.16,N,2,2022,0,0,0
23.0,66300,RENT,7.0,MEDICAL,D,9800,15.7,1,0.13,Y,2,2022,1,0,0
25.0,42000,MORTGAGE,2.0,EDUCATION,C,7200,14.79,0,0.17,Y,2,2022,0,0,0
23.0,36000,MORTGAGE,7.0,HOMEIMPROVEMENT,B,6725,11.49,1,0.19,N,2,2022,1,0,0
23.0,36504,RENT,0.0,EDUCATION,C,4900,12.68,0,0.13,N,2,2022,0,0,0
25.0,32400,RENT,2.0,MEDICAL,B,4900,11.49,1,0.15,N,2,2022,1,0,0
22.0,42000,MORTGAGE,6.0,EDUCATION,C,6000,12.99,0,0.14,Y,2,2022,0,0,0
26.0,36000,MORTGAGE,1.0,HOMEIMPROVEMENT,B,4500,10.59,1,0.13,N,2,2022,1,0,0
21.0,50000,RENT,5.0,EDUCATION,A,4900,8.94,0,0.1,N,2,2022,0,0,0
23.0,54096,RENT,2.0,PERSONAL,B,4900,10.99,0,0.09,N,2,2022,0,0,1
24.0,69600,RENT,8.0,PERSONAL,B,4900,9.99,0,0.07,N,2,2022,0,0,0
23.0,107000,RENT,2.0,DEBTCONSOLIDATION,A,4900,8.94,0,0.05,N,2,2022,0,0,0
22.0,34000,RENT,3.0,DEBTCONSOLIDATION,A,4975,7.51,1,0.15,N,2,2022,1,0,0
23.0,42000,OWN,0.0,PERSONAL,A,6000,5.42,0,0.14,N,2,2022,0,0,0
24.0,42000,MORTGAGE,8.0,HOMEIMPROVEMENT,D,2500,15.28,0,0.06,N,2,2022,0,0,0
25.0,28800,RENT,0.0,EDUCATION,A,5000,8.9,0,0.17,N,2,2022,0,0,0
22.0,28800,RENT,6.0,EDUCATION,A,5000,6.91,0,0.17,N,2,2022,0,0,0
23.0,28800,RENT,0.0,EDUCATION,B,5000,11.49,0,0.17,N,2,2022,0,0,0
23.0,42000,MORTGAGE,8.0,MEDICAL,B,7600,6.0,0,0.18,N,2,2022,0,0,0
23.0,29100,RENT,3.0,EDUCATION,D,5000,14.84,0,0.17,N,2,2022,0,0,0
26.0,30000,RENT,2.0,EDUCATION,B,5000,12.42,1,0.17,N,2,2022,1,0,0
26.0,30000,RENT,4.0,PERSONAL,C,5000,10.99,0,0.17,Y,2,2022,0,0,1
22.0,30000,RENT,2.0,EDUCATION,C,5000,10.99,0,0.17,Y,2,2022,0,0,1
23.0,30000,RENT,0.0,HOMEIMPROVEMENT,C,5000,12.99,1,0.17,Y,2,2022,1,1,0
22.0,42000,OWN,2.0,VENTURE,A,9000,7.66,0,0.21,N,2,2022,0,0,0
26.0,30000,RENT,11.0,MEDICAL,B,5000,10.99,0,0.17,N,2,2022,0,0,1
25.0,30000,RENT,4.0,EDUCATION,B,5000,11.86,0,0.17,N,2,2022,0,0,0
22.0,30000,RENT,0.0,EDUCATION,B,5000,11.49,0,0.17,N,2,2022,0,0,0
23.0,30000,RENT,0.0,PERSONAL,B,5000,11.86,0,0.17,N,2,2022,0,0,0
21.0,30000,RENT,0.0,VENTURE,A,5000,8.59,0,0.17,N,2,2022,0,0,0
21.0,30000,RENT,2.0,PERSONAL,D,5000,14.96,1,0.17,N,2,2022,1,0,0
24.0,30000,RENT,0.0,EDUCATION,B,5000,11.14,0,0.17,N,2,2022,0,0,0
23.0,30159,RENT,0.0,EDUCATION,B,5000,11.12,0,0.17,N,2,2022,0,0,0
25.0,42000,MORTGAGE,3.0,HOMEIMPROVEMENT,A,10000,5.42,0,0.24,N,2,2022,0,0,0
22.0,30900,RENT,3.0,VENTURE,B,5000,10.0,0,0.16,N,2,2022,0,0,0
25.0,31000,RENT,0.0,PERSONAL,A,5000,8.94,0,0.16,N,2,2022,0,0,0
26.0,31200,RENT,8.0,EDUCATION,A,5000,8.63,0,0.16,N,2,2022,0,0,0
25.0,42000,MORTGAGE,0.0,VENTURE,B,3500,10.36,0,0.08,N,2,2022,0,1,0
26.0,32000,RENT,3.0,VENTURE,A,5000,6.03,0,0.16,N,2,2022,0,0,0
23.0,32000,RENT,3.0,DEBTCONSOLIDATION,C,5000,14.79,0,0.16,N,2,2022,0,0,0
26.0,32000,RENT,3.0,DEBTCONSOLIDATION,A,5000,7.49,0,0.16,N,2,2022,0,0,0
24.0,32004,RENT,3.0,DEBTCONSOLIDATION,C,5000,13.23,0,0.16,N,2,2022,0,0,0
23.0,32400,RENT,0.0,MEDICAL,B,5000,10.99,0,0.15,N,2,2022,0,0,1
24.0,42000,MORTGAGE,7.0,MEDICAL,C,4200,13.23,0,0.1,N,2,2022,0,0,0
26.0,36000,MORTGAGE,2.0,HOMEIMPROVEMENT,B,6000,11.49,1,0.17,N,2,2022,1,0,0
23.0,33000,RENT,5.0,PERSONAL,B,5000,10.62,0,0.15,N,2,2022,0,0,0
23.0,42000,MORTGAGE,0.0,DEBTCONSOLIDATION,A,11000,7.88,0,0.26,N,2,2022,0,0,0
21.0,33000,RENT,5.0,EDUCATION,C,5000,12.84,0,0.15,N,2,2022,0,0,0
24.0,42000,OWN,7.0,MEDICAL,A,3000,7.51,0,0.07,N,2,2022,0,0,0
25.0,34000,RENT,6.0,VENTURE,A,5000,10.99,0,0.15,N,2,2022,0,0,1
21.0,42000,MORTGAGE,6.0,EDUCATION,A,3500,7.51,0,0.08,N,2,2022,0,0,0
23.0,34800,RENT,1.0,HOMEIMPROVEMENT,B,5000,10.99,1,0.14,N,2,2022,1,0,0
23.0,42000,MORTGAGE,7.0,EDUCATION,D,10000,14.59,0,0.24,Y,2,2022,0,0,0
25.0,35000,RENT,0.0,MEDICAL,B,5000,11.71,0,0.14,N,2,2022,0,0,0
22.0,35000,RENT,2.0,MEDICAL,B,5000,11.71,0,0.14,N,2,2022,0,0,0
23.0,35000,RENT,5.0,PERSONAL,A,5000,6.99,0,0.14,N,2,2022,0,0,0
26.0,29000,RENT,6.0,MEDICAL,C,5000,12.99,1,0.17,Y,2,2022,1,0,0
25.0,36000,MORTGAGE,6.0,MEDICAL,D,10000,10.99,1,0.28,N,2,2022,1,0,1
23.0,35000,RENT,3.0,MEDICAL,B,5000,10.99,0,0.14,N,2,2022,0,0,1
22.0,35000,RENT,4.0,PERSONAL,C,5000,13.23,0,0.14,N,2,2022,0,0,0
22.0,42000,MORTGAGE,6.0,MEDICAL,A,5000,8.94,0,0.12,N,2,2022,0,0,0
25.0,42000,MORTGAGE,2.0,PERSONAL,A,6000,8.94,0,0.14,N,2,2022,0,0,0
24.0,42000,MORTGAGE,2.0,HOMEIMPROVEMENT,A,7000,8.59,0,0.17,N,2,2022,0,0,0
25.0,35004,RENT,3.0,PERSONAL,A,5000,8.94,0,0.14,N,2,2022,0,0,0
22.0,30000,RENT,3.0,MEDICAL,D,5000,18.25,1,0.17,N,2,2022,1,0,0
23.0,36000,RENT,1.0,EDUCATION,C,5000,14.79,0,0.14,N,2,2022,0,0,0
23.0,36000,RENT,0.0,DEBTCONSOLIDATION,A,5000,6.17,0,0.14,N,2,2022,0,1,0
22.0,30000,RENT,6.0,MEDICAL,E,5000,17.43,1,0.17,N,2,2022,1,0,0
25.0,42000,OWN,9.0,HOMEIMPROVEMENT,A,8000,9.63,0,0.19,N,2,2022,0,0,0
25.0,36480,RENT,4.0,DEBTCONSOLIDATION,A,5000,6.54,0,0.14,N,2,2022,0,0,0
22.0,36996,RENT,0.0,MEDICAL,A,5000,5.42,0,0.14,N,2,2022,0,0,0
24.0,42000,MORTGAGE,2.0,PERSONAL,C,2000,11.28,0,0.05,N,2,2022,0,0,0
26.0,42000,MORTGAGE,11.0,EDUCATION,D,15075,12.92,0,0.36,N,2,2022,0,0,0
23.0,42000,OWN,1.0,PERSONAL,B,5400,10.99,0,0.13,N,2,2022,0,0,1
23.0,38004,RENT,5.0,VENTURE,A,5000,6.91,0,0.13,N,2,2022,0,0,0
24.0,42252,MORTGAGE,3.0,PERSONAL,C,8000,12.84,0,0.19,N,2,2022,0,0,0
25.0,42348,MORTGAGE,9.0,DEBTCONSOLIDATION,A,8000,10.99,0,0.19,N,2,2022,0,0,1
24.0,38400,RENT,3.0,MEDICAL,B,5000,10.99,0,0.13,N,2,2022,0,0,0
22.0,39000,RENT,4.0,MEDICAL,A,5000,6.99,0,0.13,N,2,2022,0,0,0
24.0,33000,RENT,1.0,MEDICAL,F,5000,21.36,1,0.15,N,2,2022,1,0,0
24.0,42500,MORTGAGE,5.0,PERSONAL,A,4800,7.51,0,0.11,N,2,2022,0,0,0
24.0,42500,MORTGAGE,8.0,DEBTCONSOLIDATION,C,10000,13.8,0,0.24,N,2,2022,0,0,0
25.0,39996,RENT,2.0,DEBTCONSOLIDATION,C,5000,13.72,0,0.13,N,2,2022,0,0,0
23.0,33996,RENT,0.0,PERSONAL,D,5000,14.84,1,0.15,Y,2,2022,1,0,0
24.0,33996,RENT,2.0,HOMEIMPROVEMENT,D,5000,14.96,1,0.15,N,2,2022,1,0,0
25.0,39996,RENT,0.0,VENTURE,C,5000,12.87,0,0.13,Y,2,2022,0,0,0
23.0,39996,RENT,6.0,PERSONAL,B,5000,10.2,0,0.13,N,2,2022,0,0,0
21.0,42500,OTHER,0.0,EDUCATION,D,7000,14.61,0,0.16,Y,2,2022,0,0,0
22.0,40000,RENT,0.0,EDUCATION,A,5000,8.9,0,0.13,N,2,2022,0,1,0
25.0,42504,MORTGAGE,9.0,MEDICAL,A,10000,7.29,0,0.24,N,2,2022,0,0,0
21.0,40000,RENT,4.0,VENTURE,A,5000,5.79,0,0.13,N,2,2022,0,0,0
21.0,36588,MORTGAGE,5.0,DEBTCONSOLIDATION,D,1000,14.61,1,0.03,N,2,2022,1,0,0
24.0,34000,RENT,2.0,EDUCATION,C,5000,12.23,1,0.15,N,2,2022,1,0,0
22.0,40000,RENT,0.0,EDUCATION,A,5000,6.17,0,0.13,N,2,2022,0,1,0
23.0,42806,MORTGAGE,7.0,EDUCATION,A,1000,7.51,0,0.02,N,2,2022,0,0,0
26.0,40000,RENT,1.0,MEDICAL,C,5000,14.26,0,0.13,Y,2,2022,0,0,0
22.0,34800,RENT,0.0,MEDICAL,D,5000,15.21,1,0.14,Y,2,2022,1,0,0
23.0,40992,RENT,7.0,EDUCATION,B,5000,10.99,0,0.12,N,2,2022,0,0,0
25.0,41000,RENT,9.0,MEDICAL,B,5000,11.71,0,0.12,N,2,2022,0,0,0
21.0,35000,RENT,6.0,PERSONAL,C,5000,14.79,1,0.14,N,2,2022,1,0,0
23.0,41000,RENT,2.0,EDUCATION,A,5000,7.51,0,0.12,N,2,2022,0,0,0
22.0,41000,RENT,6.0,VENTURE,A,5000,10.99,0,0.12,N,2,2022,0,0,1
23.0,41017,RENT,6.0,DEBTCONSOLIDATION,A,5000,10.99,0,0.12,N,2,2022,0,0,1
24.0,43000,MORTGAGE,8.0,DEBTCONSOLIDATION,A,9500,6.62,0,0.22,N,2,2022,0,0,0
22.0,43000,MORTGAGE,4.0,PERSONAL,C,6600,14.27,0,0.15,Y,2,2022,0,0,0
24.0,42000,RENT,8.0,MEDICAL,A,5000,5.42,0,0.12,N,2,2022,0,0,0
22.0,43000,OWN,2.0,VENTURE,B,22800,12.69,0,0.44000000000000006,N,2,2022,0,0,0
26.0,43000,MORTGAGE,6.0,MEDICAL,B,15000,11.99,0,0.35,N,2,2022,0,0,0
24.0,36000,RENT,2.0,DEBTCONSOLIDATION,D,5000,14.59,1,0.14,N,2,2022,1,0,0
24.0,37000,MORTGAGE,8.0,HOMEIMPROVEMENT,B,10000,10.99,1,0.27,N,2,2022,1,0,1
25.0,42288,RENT,2.0,EDUCATION,B,5000,10.99,0,0.12,N,2,2022,0,0,0
25.0,42996,RENT,6.0,DEBTCONSOLIDATION,B,5000,10.38,0,0.12,N,2,2022,0,0,0
22.0,43000,OWN,6.0,EDUCATION,A,7750,7.66,0,0.18,N,2,2022,0,0,0
22.0,43200,RENT,6.0,EDUCATION,B,5000,12.69,0,0.12,N,2,2022,0,0,0
22.0,37900,RENT,2.0,MEDICAL,B,5000,12.18,1,0.13,N,2,2022,1,0,0
24.0,38500,RENT,0.0,MEDICAL,D,5000,14.84,1,0.13,N,2,2022,1,0,0
22.0,43000,MORTGAGE,0.0,EDUCATION,A,5000,7.14,0,0.12,N,2,2022,0,0,0
22.0,45000,RENT,3.0,VENTURE,B,5000,12.42,0,0.11,N,2,2022,0,0,0
24.0,43000,MORTGAGE,3.0,PERSONAL,A,11500,7.88,0,0.27,N,2,2022,0,0,0
24.0,43000,MORTGAGE,6.0,DEBTCONSOLIDATION,C,9250,13.11,0,0.22,N,2,2022,0,0,0
23.0,43000,MORTGAGE,3.0,DEBTCONSOLIDATION,A,9800,8.59,0,0.23,N,2,2022,0,0,0
24.0,45000,RENT,0.0,MEDICAL,C,5000,13.79,0,0.11,Y,2,2022,0,0,0
25.0,45600,RENT,6.0,DEBTCONSOLIDATION,C,5000,10.99,0,0.11,N,2,2022,0,0,1
23.0,39600,RENT,4.0,MEDICAL,D,5000,14.84,1,0.13,Y,2,2022,1,0,0
26.0,40000,RENT,0.0,PERSONAL,D,5000,15.99,1,0.13,Y,2,2022,1,0,0
22.0,46000,RENT,4.0,EDUCATION,A,5000,7.88,0,0.11,N,2,2022,0,0,0
23.0,43000,MORTGAGE,1.0,PERSONAL,A,9000,9.63,0,0.21,N,2,2022,0,0,0
24.0,37000,MORTGAGE,0.0,MEDICAL,C,8500,12.53,1,0.23,Y,2,2022,1,0,0
23.0,47000,RENT,0.0,VENTURE,A,5000,8.9,0,0.11,N,2,2022,0,0,0
26.0,43200,OWN,1.0,EDUCATION,C,17000,13.49,0,0.39,Y,2,2022,0,0,0
23.0,47184,RENT,0.0,DEBTCONSOLIDATION,B,5000,10.25,0,0.11,N,2,2022,0,0,0
25.0,43200,MORTGAGE,6.0,EDUCATION,C,3600,14.79,0,0.08,Y,2,2022,0,0,0
22.0,48000,RENT,7.0,VENTURE,A,5000,6.99,0,0.1,N,2,2022,0,0,0
23.0,37200,MORTGAGE,7.0,HOMEIMPROVEMENT,B,7000,10.59,1,0.19,N,2,2022,1,0,0
22.0,43200,MORTGAGE,0.0,VENTURE,A,7975,7.49,0,0.18,N,2,2022,0,1,0
23.0,37200,MORTGAGE,7.0,DEBTCONSOLIDATION,A,4000,7.66,1,0.11,N,2,2022,1,0,0
23.0,48000,RENT,5.0,DEBTCONSOLIDATION,B,5000,9.25,0,0.1,N,2,2022,0,0,0
22.0,48000,RENT,7.0,PERSONAL,B,5000,11.12,0,0.1,N,2,2022,0,0,0
23.0,42000,RENT,0.0,DEBTCONSOLIDATION,C,5000,10.99,1,0.12,Y,2,2022,1,0,1
21.0,37200,MORTGAGE,3.0,MEDICAL,A,16800,6.17,1,0.44000000000000006,N,2,2022,1,0,0
22.0,43200,MORTGAGE,7.0,PERSONAL,A,11000,5.42,0,0.25,N,2,2022,0,0,0
24.0,43200,MORTGAGE,3.0,HOMEIMPROVEMENT,C,16000,10.99,0,0.37,Y,2,2022,0,0,1
22.0,48000,RENT,6.0,VENTURE,B,5000,10.99,0,0.1,N,2,2022,0,0,1
23.0,43200,OWN,6.0,VENTURE,E,13000,15.95,0,0.3,N,2,2022,0,0,0
24.0,48000,RENT,3.0,EDUCATION,B,5000,11.89,0,0.1,N,2,2022,0,0,0
26.0,37200,MORTGAGE,10.0,DEBTCONSOLIDATION,C,16000,13.11,1,0.43,N,2,2022,1,0,0
24.0,48200,RENT,3.0,MEDICAL,B,5000,10.38,0,0.1,N,2,2022,0,0,0
25.0,43200,OWN,9.0,VENTURE,B,13800,11.48,0,0.32,N,2,2022,0,0,0
23.0,43236,OWN,1.0,VENTURE,C,18000,12.87,0,0.42,N,2,2022,0,0,0
22.0,49000,RENT,6.0,VENTURE,B,5000,11.86,0,0.1,N,2,2022,0,0,0
24.0,43300,MORTGAGE,2.0,DEBTCONSOLIDATION,B,23750,10.62,0,0.44000000000000006,N,2,2022,0,0,0
23.0,44000,RENT,6.0,HOMEIMPROVEMENT,D,5000,16.77,1,0.11,N,2,2022,1,0,0
24.0,44000,RENT,2.0,EDUCATION,C,5000,15.23,1,0.11,N,2,2022,1,0,0
23.0,50000,RENT,7.0,EDUCATION,B,5000,10.59,0,0.1,N,2,2022,0,0,0
24.0,50000,RENT,1.0,HOMEIMPROVEMENT,A,5000,7.49,0,0.1,N,2,2022,0,0,0
23.0,49029,RENT,1.0,MEDICAL,A,9000,10.99,1,0.18,N,2,2022,1,0,1
24.0,56000,RENT,8.0,HOMEIMPROVEMENT,D,9000,10.99,0,0.16,Y,2,2022,0,0,1
24.0,56000,RENT,6.0,PERSONAL,A,9000,7.29,0,0.16,N,2,2022,0,0,0
23.0,57000,RENT,1.0,PERSONAL,A,9000,7.14,0,0.16,N,2,2022,0,0,0
25.0,37700,MORTGAGE,7.0,EDUCATION,B,9000,11.58,1,0.24,N,2,2022,1,0,0
23.0,57500,RENT,5.0,EDUCATION,A,9000,6.91,0,0.16,N,2,2022,0,0,0
24.0,58800,RENT,4.0,EDUCATION,A,9000,10.99,0,0.15,N,2,2022,0,0,1
22.0,44000,MORTGAGE,4.0,EDUCATION,B,10000,12.69,0,0.23,N,2,2022,0,0,0
23.0,60000,RENT,2.0,MEDICAL,A,9000,6.17,0,0.15,N,2,2022,0,0,0
23.0,44000,MORTGAGE,2.0,VENTURE,C,4000,15.27,0,0.09,N,2,2022,0,0,0
21.0,44000,MORTGAGE,2.0,DEBTCONSOLIDATION,A,12000,10.99,0,0.27,N,2,2022,0,0,1
22.0,60000,RENT,0.0,DEBTCONSOLIDATION,C,9000,10.99,0,0.15,N,2,2022,0,0,1
22.0,44000,MORTGAGE,2.0,PERSONAL,A,3500,5.99,0,0.08,N,2,2022,0,0,0
23.0,61041,RENT,7.0,PERSONAL,B,9000,11.36,0,0.15,N,2,2022,0,0,0
26.0,64000,RENT,3.0,DEBTCONSOLIDATION,A,9000,6.03,0,0.14,N,2,2022,0,0,0
25.0,44000,MORTGAGE,2.0,VENTURE,D,12000,14.54,0,0.27,N,2,2022,0,0,0
24.0,44000,OWN,8.0,VENTURE,A,14500,7.29,0,0.33,N,2,2022,0,0,0
23.0,69000,RENT,7.0,PERSONAL,B,9000,11.49,0,0.13,N,2,2022,0,0,0
24.0,44000,MORTGAGE,0.0,MEDICAL,A,3600,5.79,0,0.08,N,2,2022,0,1,0
22.0,70000,RENT,3.0,VENTURE,C,9000,13.49,0,0.13,Y,2,2022,0,0,0
22.0,70000,RENT,4.0,EDUCATION,B,9000,10.99,0,0.13,N,2,2022,0,0,1
23.0,44000,OWN,7.0,VENTURE,C,5000,13.23,0,0.11,N,2,2022,0,0,0
26.0,44000,OWN,10.0,VENTURE,C,5000,10.99,0,0.11,N,2,2022,0,0,1
26.0,72000,RENT,0.0,DEBTCONSOLIDATION,B,9000,10.74,0,0.13,N,2,2022,0,0,0
24.0,38000,MORTGAGE,0.0,PERSONAL,D,2500,15.7,1,0.07,N,2,2022,1,0,0
25.0,72500,RENT,2.0,HOMEIMPROVEMENT,B,9000,10.59,0,0.12,N,2,2022,0,0,0
25.0,44000,MORTGAGE,1.0,VENTURE,C,10000,12.87,0,0.23,Y,2,2022,0,0,0
24.0,44000,OWN,8.0,PERSONAL,D,9000,15.31,0,0.2,Y,2,2022,0,0,0
25.0,44000,MORTGAGE,3.0,VENTURE,A,3600,9.32,0,0.08,N,2,2022,0,0,0
26.0,80000,RENT,3.0,VENTURE,A,9000,8.9,0,0.11,N,2,2022,0,0,0
26.0,80000,RENT,0.0,VENTURE,C,9000,13.16,0,0.11,Y,2,2022,0,0,0
25.0,80000,RENT,0.0,EDUCATION,C,9000,10.99,0,0.11,N,2,2022,0,0,1
23.0,80400,RENT,4.0,PERSONAL,A,9000,7.51,0,0.11,N,2,2022,0,0,0
22.0,44000,MORTGAGE,1.0,DEBTCONSOLIDATION,B,18900,10.14,0,0.43,N,2,2022,0,0,0
25.0,84000,RENT,5.0,DEBTCONSOLIDATION,B,9000,11.36,0,0.11,N,2,2022,0,0,0
23.0,44004,OWN,7.0,MEDICAL,A,17000,6.62,0,0.39,N,2,2022,0,0,0
26.0,84996,RENT,0.0,MEDICAL,B,9000,11.26,0,0.11,N,2,2022,0,0,0
24.0,86250,RENT,1.0,HOMEIMPROVEMENT,B,9000,12.69,0,0.1,N,2,2022,0,0,0
23.0,88000,RENT,5.0,MEDICAL,B,9000,10.99,0,0.1,N,2,2022,0,0,1
23.0,92000,RENT,7.0,EDUCATION,A,9000,6.92,0,0.1,N,2,2022,0,0,0
23.0,44390,OWN,3.0,EDUCATION,B,14300,10.99,0,0.32,N,2,2022,0,0,0
25.0,44400,MORTGAGE,9.0,DEBTCONSOLIDATION,A,6000,6.03,0,0.14,N,2,2022,0,0,0
25.0,44400,MORTGAGE,6.0,VENTURE,C,14125,12.99,0,0.32,N,2,2022,0,0,0
26.0,44400,MORTGAGE,0.0,VENTURE,C,6500,14.35,0,0.15,N,2,2022,0,1,0
24.0,24000,RENT,5.0,MEDICAL,B,8975,11.83,1,0.37,N,2,2022,1,0,0
26.0,44470,MORTGAGE,2.0,DEBTCONSOLIDATION,A,4000,6.76,0,0.09,N,2,2022,0,0,0
26.0,52800,RENT,4.0,VENTURE,B,8975,10.99,0,0.17,N,2,2022,0,0,0
26.0,21312,RENT,0.0,PERSONAL,B,8875,10.59,1,0.42,N,2,2022,1,0,0
23.0,23000,RENT,2.0,EDUCATION,A,8875,8.9,1,0.39,N,2,2022,1,0,0
24.0,44582,MORTGAGE,8.0,PERSONAL,A,5600,7.49,0,0.13,N,2,2022,0,0,0
26.0,24500,RENT,4.0,PERSONAL,B,8875,10.0,1,0.36,N,2,2022,1,0,0
24.0,28800,RENT,2.0,PERSONAL,B,8875,10.99,1,0.31,N,2,2022,1,0,1
22.0,44720,MORTGAGE,6.0,PERSONAL,A,6000,7.9,0,0.13,N,2,2022,0,0,0
26.0,44959,MORTGAGE,2.0,PERSONAL,B,10000,11.71,0,0.22,N,2,2022,0,0,0
23.0,45000,MORTGAGE,4.0,EDUCATION,C,8650,14.27,0,0.19,N,2,2022,0,0,0
25.0,80000,RENT,0.0,DEBTCONSOLIDATION,A,8800,7.51,0,0.11,N,2,2022,0,1,0
25.0,45000,MORTGAGE,4.0,VENTURE,C,10400,14.27,0,0.23,Y,2,2022,0,0,0
23.0,44000,RENT,1.0,MEDICAL,C,5000,13.99,1,0.11,Y,2,2022,1,0,0
23.0,44000,RENT,3.0,MEDICAL,D,5000,14.91,1,0.11,Y,2,2022,1,0,0
24.0,50000,RENT,6.0,MEDICAL,A,5000,6.54,0,0.1,N,2,2022,0,0,0
25.0,45000,MORTGAGE,1.0,VENTURE,A,3000,6.62,0,0.07,N,2,2022,0,0,0
23.0,50000,RENT,0.0,DEBTCONSOLIDATION,B,5000,10.25,0,0.1,N,2,2022,0,0,0
23.0,50000,RENT,7.0,DEBTCONSOLIDATION,A,5000,7.4,0,0.1,N,2,2022,0,0,0
25.0,50000,RENT,0.0,PERSONAL,A,5000,10.99,0,0.1,N,2,2022,0,0,1
24.0,50000,RENT,2.0,EDUCATION,C,5000,11.03,0,0.1,Y,2,2022,0,0,0
21.0,50252,RENT,4.0,DEBTCONSOLIDATION,B,5000,11.46,0,0.1,N,2,2022,0,0,0
23.0,50400,RENT,3.0,VENTURE,B,5000,10.38,0,0.1,N,2,2022,0,0,0
24.0,39000,MORTGAGE,3.0,DEBTCONSOLIDATION,D,4150,17.58,1,0.11,Y,2,2022,1,0,0
21.0,45000,OWN,2.0,VENTURE,A,6000,10.99,0,0.13,N,2,2022,0,0,1
25.0,45000,MORTGAGE,5.0,PERSONAL,B,3800,10.65,0,0.08,N,2,2022,0,0,0
26.0,25000,RENT,3.0,MEDICAL,B,8500,11.71,1,0.34,N,2,2022,1,0,0
25.0,25000,RENT,0.0,MEDICAL,C,8500,12.53,1,0.34,Y,2,2022,1,0,0
24.0,25000,RENT,0.0,HOMEIMPROVEMENT,B,8500,12.21,1,0.34,N,2,2022,1,0,0
25.0,25000,RENT,4.0,DEBTCONSOLIDATION,B,8500,11.26,1,0.34,N,2,2022,1,0,0
21.0,25200,RENT,3.0,MEDICAL,C,8500,13.61,1,0.34,Y,2,2022,1,0,0
25.0,45000,MORTGAGE,9.0,HOMEIMPROVEMENT,A,6800,6.03,0,0.15,N,2,2022,0,0,0
26.0,45000,MORTGAGE,10.0,HOMEIMPROVEMENT,A,8000,6.99,0,0.18,N,2,2022,0,0,0
22.0,27000,RENT,2.0,EDUCATION,B,8500,12.21,1,0.31,N,2,2022,1,0,0
21.0,27120,RENT,0.0,EDUCATION,A,8500,8.9,1,0.31,N,2,2022,1,0,0
24.0,28800,RENT,1.0,DEBTCONSOLIDATION,A,8500,10.99,0,0.3,N,2,2022,0,0,1
25.0,45000,MORTGAGE,4.0,MEDICAL,A,5800,6.99,0,0.13,N,2,2022,0,0,0
23.0,29520,RENT,7.0,EDUCATION,D,8500,15.37,0,0.29,Y,2,2022,0,0,0
21.0,29760,RENT,1.0,DEBTCONSOLIDATION,B,8500,10.62,0,0.29,N,2,2022,0,0,0
23.0,30000,RENT,6.0,EDUCATION,C,8500,13.49,0,0.28,N,2,2022,0,0,0
22.0,45000,MORTGAGE,2.0,EDUCATION,D,8000,16.49,0,0.18,N,2,2022,0,0,0
23.0,45000,MORTGAGE,7.0,EDUCATION,B,14000,11.49,0,0.31,N,2,2022,0,0,0
23.0,45000,MORTGAGE,4.0,VENTURE,B,4725,11.99,0,0.1,N,2,2022,0,0,0
25.0,38400,RENT,9.0,VENTURE,B,8500,10.99,0,0.22,N,2,2022,0,0,0
22.0,40000,RENT,1.0,PERSONAL,C,8500,14.35,0,0.21,Y,2,2022,0,0,0
26.0,45000,MORTGAGE,10.0,HOMEIMPROVEMENT,C,14125,13.99,0,0.31,Y,2,2022,0,0,0
26.0,40500,RENT,0.0,DEBTCONSOLIDATION,A,8500,7.88,0,0.21,N,2,2022,0,1,0
23.0,45000,MORTGAGE,8.0,VENTURE,B,13000,10.99,0,0.29,N,2,2022,0,0,0
26.0,42996,RENT,10.0,MEDICAL,B,8500,10.2,0,0.2,N,2,2022,0,0,0
21.0,43000,RENT,5.0,VENTURE,D,8500,15.58,0,0.2,N,2,2022,0,0,0
26.0,45000,MORTGAGE,6.0,VENTURE,A,5000,6.99,0,0.11,N,2,2022,0,0,0
21.0,50000,RENT,5.0,VENTURE,B,8500,10.65,0,0.17,N,2,2022,0,0,0
21.0,44000,RENT,5.0,DEBTCONSOLIDATION,B,8500,11.49,1,0.19,N,2,2022,1,0,0
26.0,45000,MORTGAGE,5.0,PERSONAL,A,14650,7.49,0,0.33,N,2,2022,0,0,0
24.0,52582,RENT,5.0,MEDICAL,B,8500,10.62,0,0.16,N,2,2022,0,0,0
24.0,45000,MORTGAGE,8.0,PERSONAL,A,4000,10.99,0,0.09,N,2,2022,0,0,1
24.0,45000,OWN,4.0,VENTURE,A,11000,7.49,0,0.24,N,2,2022,0,0,0
24.0,55000,RENT,5.0,DEBTCONSOLIDATION,B,8500,9.88,0,0.15,N,2,2022,0,0,0
25.0,55000,RENT,7.0,MEDICAL,C,8500,14.22,0,0.15,N,2,2022,0,0,0
21.0,60996,RENT,2.0,VENTURE,B,8500,10.99,0,0.14,N,2,2022,0,0,1
23.0,65000,RENT,6.0,DEBTCONSOLIDATION,C,8500,13.35,0,0.13,Y,2,2022,0,0,0
23.0,65000,RENT,3.0,MEDICAL,B,8500,12.21,0,0.13,N,2,2022,0,0,0
23.0,66200,RENT,5.0,PERSONAL,A,8500,10.99,0,0.13,N,2,2022,0,0,1
24.0,45000,MORTGAGE,8.0,EDUCATION,A,5000,5.79,0,0.11,N,2,2022,0,0,0
22.0,100000,RENT,2.0,EDUCATION,C,8450,12.99,0,0.08,Y,2,2022,0,0,0
22.0,25000,RENT,2.0,EDUCATION,A,8400,6.62,1,0.34,N,2,2022,1,0,0
22.0,53000,RENT,6.0,EDUCATION,B,5000,9.91,0,0.09,N,2,2022,0,0,0
23.0,45000,MORTGAGE,0.0,DEBTCONSOLIDATION,A,1450,10.99,0,0.03,N,2,2022,0,0,1
26.0,54000,RENT,10.0,EDUCATION,B,5000,10.0,0,0.09,N,2,2022,0,0,0
22.0,45000,MORTGAGE,5.0,DEBTCONSOLIDATION,C,5000,12.61,0,0.11,Y,2,2022,0,0,0
26.0,54996,RENT,3.0,HOMEIMPROVEMENT,B,5000,11.86,0,0.09,N,2,2022,0,0,0
24.0,54996,RENT,0.0,HOMEIMPROVEMENT,B,5000,10.39,0,0.09,N,2,2022,0,0,0
22.0,55000,RENT,6.0,EDUCATION,A,5000,6.91,0,0.09,N,2,2022,0,0,0
26.0,56000,RENT,7.0,PERSONAL,A,5000,7.91,0,0.09,N,2,2022,0,0,0
22.0,45000,OWN,6.0,EDUCATION,A,4750,6.39,0,0.11,N,2,2022,0,0,0
22.0,45000,OWN,7.0,EDUCATION,A,6000,6.76,0,0.13,N,2,2022,0,0,0
24.0,51000,RENT,2.0,DEBTCONSOLIDATION,D,5000,14.74,1,0.1,Y,2,2022,1,0,0
26.0,51600,RENT,1.0,HOMEIMPROVEMENT,A,5000,8.94,1,0.1,N,2,2022,1,0,0
24.0,58000,RENT,5.0,MEDICAL,A,5000,7.49,0,0.09,N,2,2022,0,0,0
22.0,58000,RENT,4.0,PERSONAL,C,5000,13.85,0,0.09,N,2,2022,0,0,0
23.0,45000,MORTGAGE,1.0,MEDICAL,B,7200,11.86,0,0.16,N,2,2022,0,0,0
21.0,45000,MORTGAGE,3.0,MEDICAL,A,4500,7.14,0,0.1,N,2,2022,0,0,0
26.0,45000,MORTGAGE,3.0,EDUCATION,C,4000,14.35,0,0.09,Y,2,2022,0,0,0
25.0,58800,RENT,4.0,EDUCATION,D,5000,14.84,0,0.09,N,2,2022,0,0,0
26.0,53000,RENT,4.0,DEBTCONSOLIDATION,D,5000,15.95,1,0.09,Y,2,2022,1,0,0
24.0,45000,MORTGAGE,4.0,MEDICAL,A,1500,10.99,0,0.03,N,2,2022,0,0,1
22.0,45000,MORTGAGE,3.0,EDUCATION,B,15000,11.36,0,0.33,N,2,2022,0,0,0
23.0,60000,RENT,7.0,EDUCATION,C,5000,13.49,0,0.08,N,2,2022,0,0,0
22.0,54000,RENT,6.0,DEBTCONSOLIDATION,D,5000,17.27,1,0.09,Y,2,2022,1,0,0
23.0,60000,RENT,5.0,VENTURE,D,5000,16.49,0,0.08,Y,2,2022,0,0,0
24.0,60000,RENT,2.0,MEDICAL,C,5000,13.99,0,0.08,Y,2,2022,0,0,0
24.0,45000,MORTGAGE,8.0,HOMEIMPROVEMENT,A,4200,7.14,0,0.09,N,2,2022,0,0,0
26.0,60000,RENT,10.0,VENTURE,B,5000,10.99,0,0.08,N,2,2022,0,0,0
21.0,45000,MORTGAGE,5.0,PERSONAL,A,10000,7.51,0,0.22,N,2,2022,0,0,0
26.0,60000,RENT,0.0,PERSONAL,A,5000,7.14,0,0.08,N,2,2022,0,0,0
23.0,60000,RENT,4.0,PERSONAL,C,5000,13.98,0,0.08,Y,2,2022,0,0,0
23.0,45000,MORTGAGE,4.0,EDUCATION,C,14500,13.48,0,0.32,Y,2,2022,0,0,0
23.0,54000,RENT,7.0,EDUCATION,C,5000,12.84,1,0.09,Y,2,2022,1,0,0
24.0,60996,RENT,8.0,HOMEIMPROVEMENT,A,5000,10.99,0,0.08,N,2,2022,0,0,1
22.0,61000,RENT,3.0,MEDICAL,B,5000,9.99,0,0.08,N,2,2022,0,0,0
24.0,45000,MORTGAGE,2.0,HOMEIMPROVEMENT,B,13000,10.62,0,0.29,N,2,2022,0,0,0
25.0,62000,RENT,9.0,DEBTCONSOLIDATION,A,5000,10.99,0,0.08,N,2,2022,0,0,1
25.0,62400,RENT,5.0,VENTURE,A,5000,7.51,0,0.08,N,2,2022,0,0,0
23.0,45000,MORTGAGE,5.0,EDUCATION,B,14500,11.48,0,0.32,N,2,2022,0,0,0
25.0,45000,MORTGAGE,3.0,EDUCATION,B,6000,11.83,0,0.13,N,2,2022,0,0,0
24.0,64151,RENT,0.0,VENTURE,B,5000,11.86,0,0.08,N,2,2022,0,0,0
26.0,45000,MORTGAGE,0.0,HOMEIMPROVEMENT,C,4000,13.92,0,0.09,N,2,2022,0,0,0
25.0,45000,OWN,1.0,PERSONAL,C,10000,12.87,0,0.22,Y,2,2022,0,0,0
25.0,45000,MORTGAGE,0.0,MEDICAL,A,5950,7.74,0,0.13,N,2,2022,0,0,0
23.0,65000,RENT,2.0,VENTURE,A,5000,5.42,0,0.08,N,2,2022,0,0,0
23.0,65000,RENT,3.0,MEDICAL,C,5000,13.98,0,0.08,Y,2,2022,0,0,0
26.0,45000,MORTGAGE,1.0,DEBTCONSOLIDATION,A,1500,7.05,0,0.03,N,2,2022,0,0,0
23.0,45000,MORTGAGE,4.0,EDUCATION,B,9925,11.48,0,0.22,N,2,2022,0,0,0
24.0,65000,RENT,1.0,HOMEIMPROVEMENT,B,5000,10.25,0,0.08,N,2,2022,0,0,0
23.0,65000,RENT,3.0,EDUCATION,C,5000,13.47,0,0.08,Y,2,2022,0,0,0
23.0,45000,OWN,0.0,VENTURE,C,8000,12.84,0,0.18,Y,2,2022,0,0,0
23.0,45000,MORTGAGE,1.0,MEDICAL,B,10000,12.21,0,0.22,N,2,2022,0,0,0
24.0,39000,MORTGAGE,1.0,EDUCATION,D,12000,14.11,1,0.31,N,2,2022,1,0,0
25.0,45000,MORTGAGE,0.0,VENTURE,B,17000,11.89,0,0.38,N,2,2022,0,0,0
24.0,45000,MORTGAGE,0.0,VENTURE,A,3600,10.99,0,0.08,N,2,2022,0,0,1
24.0,68648,RENT,1.0,VENTURE,B,5000,10.99,0,0.07,N,2,2022,0,0,0
23.0,63900,RENT,7.0,DEBTCONSOLIDATION,D,5000,15.99,1,0.08,N,2,2022,1,0,0
26.0,70000,RENT,3.0,EDUCATION,E,5000,17.39,0,0.07,N,2,2022,0,0,0
23.0,55488,RENT,4.0,MEDICAL,D,5000,15.21,1,0.08,N,2,2022,1,0,0
24.0,73000,RENT,1.0,DEBTCONSOLIDATION,B,5000,9.01,0,0.07,N,2,2022,0,0,0
26.0,74500,RENT,8.0,VENTURE,B,5000,11.36,0,0.07,N,2,2022,0,0,0
23.0,69000,RENT,4.0,PERSONAL,A,5000,7.49,1,0.07,N,2,2022,1,0,0
22.0,75000,RENT,2.0,VENTURE,B,5000,10.99,0,0.07,N,2,2022,0,0,0
22.0,75000,RENT,2.0,DEBTCONSOLIDATION,A,5000,5.79,0,0.07,N,2,2022,0,0,0
25.0,45000,OWN,1.0,HOMEIMPROVEMENT,C,9000,11.03,0,0.2,N,2,2022,0,0,0
24.0,75000,RENT,8.0,PERSONAL,C,5000,11.78,0,0.07,Y,2,2022,0,0,0
25.0,45000,OWN,0.0,EDUCATION,C,6500,10.28,0,0.14,Y,2,2022,0,0,0
25.0,76000,RENT,0.0,DEBTCONSOLIDATION,A,5000,8.9,0,0.07,N,2,2022,0,0,0
25.0,76344,RENT,2.0,HOMEIMPROVEMENT,A,5000,9.63,0,0.07,N,2,2022,0,0,0
21.0,45192,MORTGAGE,0.0,PERSONAL,B,11700,10.74,0,0.26,N,2,2022,0,0,0
23.0,45288,MORTGAGE,7.0,DEBTCONSOLIDATION,B,20500,9.25,0,0.44000000000000006,N,2,2022,0,0,0
23.0,80000,RENT,6.0,PERSONAL,A,5000,5.42,0,0.06,N,2,2022,0,0,0
24.0,45336,MORTGAGE,8.0,MEDICAL,A,10000,5.99,0,0.22,N,2,2022,0,0,0
23.0,45378,MORTGAGE,7.0,PERSONAL,A,6000,5.79,0,0.13,N,2,2022,0,0,0
26.0,73000,RENT,0.0,EDUCATION,D,5000,15.31,1,0.07,Y,2,2022,1,0,0
23.0,45500,OWN,5.0,EDUCATION,C,14000,14.72,0,0.31,Y,2,2022,0,0,0
23.0,45600,MORTGAGE,3.0,VENTURE,C,12000,14.65,0,0.26,Y,2,2022,0,0,0
24.0,90000,RENT,0.0,DEBTCONSOLIDATION,B,5000,10.59,0,0.06,N,2,2022,0,0,0
25.0,45600,MORTGAGE,6.0,HOMEIMPROVEMENT,A,15000,5.79,0,0.33,N,2,2022,0,0,0
21.0,39600,MORTGAGE,5.0,MEDICAL,A,6400,6.91,1,0.16,N,2,2022,1,0,0
22.0,45600,MORTGAGE,5.0,VENTURE,B,2000,10.36,0,0.04,N,2,2022,0,0,0
22.0,45600,MORTGAGE,5.0,VENTURE,B,9500,10.38,0,0.21,N,2,2022,0,0,0
22.0,45600,MORTGAGE,3.0,VENTURE,A,1600,7.88,0,0.04,N,2,2022,0,0,0
23.0,86004,RENT,0.0,PERSONAL,D,5000,14.84,1,0.06,N,2,2022,1,0,0
26.0,45608,OWN,8.0,HOMEIMPROVEMENT,A,11000,6.62,0,0.24,N,2,2022,0,0,0
22.0,45691,MORTGAGE,5.0,VENTURE,A,7000,7.14,0,0.15,N,2,2022,0,0,0
23.0,100000,RENT,5.0,EDUCATION,A,5000,6.03,0,0.05,N,2,2022,0,0,0
23.0,106000,RENT,7.0,EDUCATION,A,5000,7.88,0,0.05,N,2,2022,0,0,0
25.0,45996,OWN,0.0,HOMEIMPROVEMENT,A,3850,10.99,0,0.08,N,2,2022,0,0,1
26.0,45996,OWN,5.0,HOMEIMPROVEMENT,A,9225,10.99,0,0.2,N,2,2022,0,0,1
26.0,120000,RENT,3.0,HOMEIMPROVEMENT,A,5000,7.68,0,0.04,N,2,2022,0,0,0
24.0,46000,MORTGAGE,2.0,DEBTCONSOLIDATION,B,10075,12.42,0,0.22,N,2,2022,0,0,0
23.0,141500,RENT,3.0,VENTURE,B,5000,10.65,0,0.03,N,2,2022,0,0,0
26.0,46000,MORTGAGE,3.0,HOMEIMPROVEMENT,B,11000,12.69,0,0.24,N,2,2022,0,0,0
22.0,24000,RENT,0.0,DEBTCONSOLIDATION,C,5200,13.49,0,0.22,Y,2,2022,0,0,0
25.0,46000,MORTGAGE,4.0,EDUCATION,C,2125,12.99,0,0.05,Y,2,2022,0,0,0
21.0,26000,RENT,5.0,MEDICAL,B,5200,12.53,0,0.2,N,2,2022,0,0,0
23.0,35000,RENT,0.0,DEBTCONSOLIDATION,C,5200,13.92,0,0.15,N,2,2022,0,0,0
24.0,46000,MORTGAGE,8.0,MEDICAL,A,2000,7.66,0,0.04,N,2,2022,0,0,0
22.0,46000,MORTGAGE,6.0,PERSONAL,B,4000,10.37,0,0.09,N,2,2022,0,0,0
23.0,45000,RENT,3.0,MEDICAL,B,5275,10.39,0,0.12,N,2,2022,0,0,0
24.0,57600,RENT,3.0,PERSONAL,C,5275,13.49,0,0.09,Y,2,2022,0,0,0
24.0,46000,MORTGAGE,5.0,EDUCATION,B,10000,9.99,0,0.22,N,2,2022,0,0,0
21.0,47000,RENT,1.0,MEDICAL,A,5300,7.66,0,0.11,N,2,2022,0,0,0
22.0,50004,RENT,5.0,PERSONAL,D,5300,14.42,0,0.11,Y,2,2022,0,0,0
25.0,40000,MORTGAGE,5.0,HOMEIMPROVEMENT,B,15000,11.36,1,0.38,N,2,2022,1,0,0
25.0,46000,MORTGAGE,1.0,HOMEIMPROVEMENT,C,8600,10.99,0,0.19,N,2,2022,0,0,1
22.0,46000,MORTGAGE,3.0,DEBTCONSOLIDATION,A,6000,7.68,0,0.13,N,2,2022,0,0,0
26.0,25300,RENT,2.0,HOMEIMPROVEMENT,D,5400,16.02,1,0.21,Y,2,2022,1,0,0
23.0,26400,RENT,7.0,EDUCATION,B,5400,10.38,0,0.2,N,2,2022,0,0,0
22.0,32000,RENT,1.0,PERSONAL,D,5400,16.29,1,0.17,N,2,2022,1,0,0
23.0,35000,RENT,7.0,PERSONAL,B,5400,10.59,0,0.15,N,2,2022,0,0,0
25.0,46144,MORTGAGE,9.0,EDUCATION,A,1500,7.49,0,0.03,N,2,2022,0,0,0
26.0,36000,RENT,0.0,VENTURE,A,5400,8.9,0,0.15,N,2,2022,0,1,0
22.0,45000,RENT,4.0,EDUCATION,A,5400,7.29,0,0.12,N,2,2022,0,0,0
23.0,55000,RENT,3.0,VENTURE,B,5400,11.99,0,0.1,N,2,2022,0,0,0
23.0,46394,MORTGAGE,7.0,MEDICAL,C,15000,13.47,0,0.32,N,2,2022,0,0,0
23.0,63000,RENT,3.0,VENTURE,D,5400,14.54,0,0.09,N,2,2022,0,0,0
23.0,46450,MORTGAGE,6.0,EDUCATION,A,10000,5.42,0,0.22,N,2,2022,0,0,0
22.0,58617,RENT,6.0,MEDICAL,D,5400,15.21,1,0.09,N,2,2022,1,0,0
22.0,69108,RENT,2.0,PERSONAL,E,5400,15.95,1,0.08,Y,2,2022,1,0,0
22.0,22718,RENT,3.0,EDUCATION,B,5425,11.99,0,0.24,N,2,2022,0,0,0
23.0,46500,OWN,2.0,DEBTCONSOLIDATION,D,6000,10.99,0,0.13,Y,2,2022,0,0,1
21.0,46500,MORTGAGE,5.0,EDUCATION,D,1300,14.96,0,0.03,N,2,2022,0,0,0
25.0,18000,RENT,1.0,PERSONAL,B,5500,11.71,1,0.31,N,2,2022,1,0,0
26.0,46800,MORTGAGE,3.0,HOMEIMPROVEMENT,B,12725,12.42,0,0.27,N,2,2022,0,0,0
23.0,46800,MORTGAGE,0.0,PERSONAL,A,5000,6.99,0,0.11,N,2,2022,0,1,0
23.0,20400,RENT,5.0,VENTURE,D,5500,10.99,0,0.27,Y,2,2022,0,0,1
24.0,46800,MORTGAGE,6.0,DEBTCONSOLIDATION,A,12000,6.99,0,0.26,N,2,2022,0,0,0
26.0,46800,MORTGAGE,0.0,HOMEIMPROVEMENT,D,6000,14.91,0,0.13,N,2,2022,0,1,0
21.0,21700,RENT,2.0,HOMEIMPROVEMENT,D,5500,14.91,1,0.25,N,2,2022,1,0,0
23.0,46800,MORTGAGE,4.0,PERSONAL,A,13000,8.59,0,0.28,N,2,2022,0,0,0
23.0,25200,RENT,1.0,EDUCATION,A,5500,7.9,0,0.22,N,2,2022,0,0,0
22.0,26400,RENT,0.0,EDUCATION,C,5500,13.72,0,0.21,Y,2,2022,0,0,0
22.0,46976,OWN,5.0,PERSONAL,C,11000,14.26,0,0.23,Y,2,2022,0,0,0
23.0,27996,RENT,3.0,MEDICAL,C,5500,12.53,0,0.2,N,2,2022,0,0,0
24.0,47000,MORTGAGE,9.0,VENTURE,C,9600,15.96,0,0.2,N,2,2022,0,0,0
26.0,47000,MORTGAGE,5.0,MEDICAL,A,6600,7.9,0,0.14,N,2,2022,0,0,0
24.0,33900,RENT,3.0,EDUCATION,D,5500,17.58,0,0.16,N,2,2022,0,0,0
23.0,33996,RENT,1.0,EDUCATION,C,5500,13.47,0,0.16,Y,2,2022,0,0,0
26.0,34000,RENT,3.0,PERSONAL,D,5500,16.89,0,0.16,Y,2,2022,0,0,0
26.0,47000,OWN,8.0,VENTURE,A,12500,8.49,0,0.27,N,2,2022,0,0,0
25.0,47000,MORTGAGE,5.0,EDUCATION,B,10400,11.49,0,0.22,N,2,2022,0,0,0
26.0,36000,RENT,2.0,PERSONAL,B,5500,10.65,0,0.15,N,2,2022,0,0,0
21.0,36500,RENT,2.0,VENTURE,A,5500,7.51,0,0.15,N,2,2022,0,0,0
24.0,37000,RENT,3.0,PERSONAL,B,5500,9.2,0,0.15,N,2,2022,0,0,0
23.0,47000,MORTGAGE,1.0,VENTURE,A,6000,5.99,0,0.13,N,2,2022,0,0,0
22.0,38500,RENT,0.0,PERSONAL,A,5500,7.74,0,0.14,N,2,2022,0,0,0
24.0,47000,MORTGAGE,7.0,MEDICAL,B,15000,10.74,0,0.32,N,2,2022,0,0,0
26.0,47000,MORTGAGE,0.0,PERSONAL,A,3000,5.79,0,0.06,N,2,2022,0,0,0
23.0,37000,RENT,5.0,DEBTCONSOLIDATION,D,5500,15.31,1,0.15,Y,2,2022,1,0,0
22.0,47000,MORTGAGE,3.0,MEDICAL,A,15000,7.66,0,0.32,N,2,2022,0,0,0
22.0,45000,RENT,3.0,EDUCATION,B,5500,10.38,0,0.12,N,2,2022,0,0,0
22.0,44052,RENT,3.0,DEBTCONSOLIDATION,D,5500,10.99,1,0.12,Y,2,2022,1,0,1
24.0,54000,RENT,6.0,DEBTCONSOLIDATION,A,5500,8.07,0,0.1,N,2,2022,0,0,0
26.0,51000,RENT,3.0,HOMEIMPROVEMENT,C,5500,13.49,1,0.11,Y,2,2022,1,0,0
21.0,59000,RENT,1.0,EDUCATION,A,5500,5.42,0,0.09,N,2,2022,0,0,0
22.0,60000,RENT,0.0,MEDICAL,A,5500,7.88,0,0.09,N,2,2022,0,0,0
24.0,41000,MORTGAGE,1.0,MEDICAL,B,6600,10.71,1,0.16,N,2,2022,1,0,0
24.0,62472,RENT,2.0,EDUCATION,C,5500,12.73,0,0.09,N,2,2022,0,0,0
22.0,14400,RENT,1.0,VENTURE,D,5600,14.59,1,0.39,Y,2,2022,1,0,0
24.0,47300,MORTGAGE,5.0,PERSONAL,A,9500,8.49,0,0.2,N,2,2022,0,0,0
24.0,19200,RENT,0.0,DEBTCONSOLIDATION,A,5600,8.9,1,0.29,N,2,2022,1,0,0
25.0,47412,MORTGAGE,0.0,EDUCATION,A,6500,8.59,0,0.14,N,2,2022,0,0,0
21.0,25000,RENT,5.0,VENTURE,A,5600,7.29,0,0.22,N,2,2022,0,0,0
22.0,26000,RENT,0.0,DEBTCONSOLIDATION,A,5600,8.0,0,0.22,N,2,2022,0,0,0
24.0,28000,RENT,0.0,PERSONAL,D,5600,14.12,1,0.2,Y,2,2022,1,0,0
21.0,30000,RENT,1.0,PERSONAL,D,5600,14.46,1,0.19,N,2,2022,1,0,0
21.0,30000,RENT,3.0,EDUCATION,C,5600,13.61,0,0.19,Y,2,2022,0,0,0
24.0,30996,RENT,2.0,MEDICAL,A,5600,7.49,0,0.18,N,2,2022,0,0,0
22.0,47540,MORTGAGE,4.0,MEDICAL,B,12250,10.62,0,0.26,N,2,2022,0,0,0
22.0,47580,MORTGAGE,6.0,MEDICAL,A,4000,6.62,0,0.08,N,2,2022,0,0,0
21.0,47580,MORTGAGE,5.0,EDUCATION,A,14000,6.03,0,0.29,N,2,2022,0,0,0
21.0,47760,MORTGAGE,2.0,PERSONAL,A,15000,6.03,0,0.31,N,2,2022,0,0,0
25.0,42000,RENT,6.0,MEDICAL,A,5600,7.49,0,0.13,N,2,2022,0,0,0
26.0,43860,RENT,6.0,VENTURE,B,5600,9.63,0,0.13,N,2,2022,0,0,0
21.0,48000,MORTGAGE,5.0,VENTURE,B,7350,10.65,0,0.15,N,2,2022,0,0,0
24.0,47700,RENT,0.0,MEDICAL,B,5600,9.99,0,0.12,N,2,2022,0,0,0
24.0,48000,RENT,7.0,PERSONAL,B,5600,10.62,0,0.12,N,2,2022,0,0,0
26.0,51000,RENT,5.0,PERSONAL,A,5600,7.49,0,0.11,N,2,2022,0,0,0
24.0,52000,RENT,2.0,MEDICAL,A,5600,7.29,0,0.11,N,2,2022,0,0,0
22.0,54000,RENT,4.0,VENTURE,B,5600,9.63,0,0.1,N,2,2022,0,0,0
21.0,55692,RENT,5.0,PERSONAL,A,5600,6.62,0,0.1,N,2,2022,0,0,0
22.0,56000,RENT,6.0,MEDICAL,A,5600,8.32,0,0.1,N,2,2022,0,0,0
23.0,56880,RENT,7.0,EDUCATION,B,5600,10.99,0,0.1,N,2,2022,0,0,1
23.0,60000,RENT,1.0,PERSONAL,A,5600,7.29,0,0.09,N,2,2022,0,0,0
23.0,69996,RENT,7.0,VENTURE,C,5600,13.11,0,0.08,Y,2,2022,0,0,0
26.0,48000,MORTGAGE,10.0,VENTURE,C,13800,13.49,0,0.29,Y,2,2022,0,0,0
23.0,72000,RENT,7.0,VENTURE,B,5600,11.12,0,0.08,N,2,2022,0,0,0
23.0,48000,MORTGAGE,8.0,VENTURE,A,10500,7.51,0,0.22,N,2,2022,0,0,0
25.0,48000,OWN,0.0,PERSONAL,B,6000,10.65,0,0.13,N,2,2022,0,0,0
21.0,48000,OWN,5.0,VENTURE,B,15000,10.99,0,0.31,N,2,2022,0,0,1
26.0,48000,MORTGAGE,10.0,PERSONAL,B,2000,10.99,0,0.04,N,2,2022,0,0,0
23.0,67200,RENT,7.0,EDUCATION,C,5650,13.47,0,0.08,N,2,2022,0,0,0
23.0,66500,RENT,0.0,VENTURE,A,5675,10.99,0,0.09,N,2,2022,0,0,1
26.0,52500,RENT,0.0,DEBTCONSOLIDATION,B,5700,11.12,0,0.11,N,2,2022,0,0,0
21.0,17000,RENT,3.0,MEDICAL,A,5750,8.9,1,0.34,N,2,2022,1,0,0
21.0,42000,MORTGAGE,5.0,DEBTCONSOLIDATION,B,8325,10.99,1,0.2,N,2,2022,1,0,1
24.0,120000,RENT,0.0,VENTURE,A,5775,6.17,0,0.05,N,2,2022,0,0,0
25.0,48000,MORTGAGE,6.0,VENTURE,A,3200,6.99,0,0.07,N,2,2022,0,0,0
23.0,48000,MORTGAGE,5.0,EDUCATION,C,5000,13.99,0,0.1,Y,2,2022,0,0,0
26.0,48000,MORTGAGE,10.0,HOMEIMPROVEMENT,A,4000,5.42,0,0.08,N,2,2022,0,0,0
24.0,48000,MORTGAGE,4.0,EDUCATION,A,5000,5.99,0,0.1,N,2,2022,0,0,0
22.0,25000,RENT,4.0,MEDICAL,C,5825,14.27,0,0.23,N,2,2022,0,0,0
23.0,42000,MORTGAGE,7.0,EDUCATION,A,10500,7.66,1,0.25,N,2,2022,1,0,0
23.0,50000,RENT,8.0,MEDICAL,B,5825,10.65,0,0.12,N,2,2022,0,0,0
22.0,48000,MORTGAGE,1.0,PERSONAL,B,4000,9.63,0,0.08,N,2,2022,0,0,0
26.0,40000,RENT,4.0,VENTURE,B,5875,12.69,0,0.15,N,2,2022,0,0,0
23.0,56000,RENT,3.0,EDUCATION,D,5875,14.54,0,0.1,N,2,2022,0,0,0
23.0,30000,RENT,5.0,EDUCATION,A,5900,7.88,0,0.2,N,2,2022,0,0,0
23.0,29376,RENT,3.0,VENTURE,A,5950,7.66,0,0.2,N,2,2022,0,0,0
23.0,48000,MORTGAGE,7.0,VENTURE,A,14125,10.99,0,0.29,N,2,2022,0,0,1
25.0,48000,MORTGAGE,0.0,HOMEIMPROVEMENT,A,4500,5.42,0,0.09,N,2,2022,0,1,0
24.0,46000,RENT,0.0,EDUCATION,D,5975,14.46,1,0.13,Y,2,2022,1,0,0
24.0,48000,MORTGAGE,3.0,DEBTCONSOLIDATION,B,4800,9.99,0,0.1,N,2,2022,0,0,0
22.0,18000,RENT,2.0,VENTURE,A,6000,6.62,1,0.33,N,2,2022,1,0,0
24.0,18000,RENT,8.0,PERSONAL,B,6000,12.21,1,0.33,N,2,2022,1,0,0
23.0,42000,MORTGAGE,5.0,EDUCATION,D,2000,15.2,1,0.05,Y,2,2022,1,0,0
23.0,19000,RENT,2.0,EDUCATION,C,6000,10.59,1,0.32,N,2,2022,1,0,0
22.0,48000,MORTGAGE,6.0,MEDICAL,B,3800,10.99,0,0.08,N,2,2022,0,0,1
21.0,19200,RENT,0.0,PERSONAL,B,6000,9.88,1,0.31,N,2,2022,1,0,0
25.0,19200,RENT,2.0,HOMEIMPROVEMENT,C,6000,13.11,1,0.31,Y,2,2022,1,0,0
22.0,48000,MORTGAGE,4.0,PERSONAL,A,6500,6.17,0,0.14,N,2,2022,0,0,0
24.0,20000,RENT,8.0,VENTURE,A,6000,7.14,0,0.3,N,2,2022,0,0,0
26.0,20400,RENT,0.0,VENTURE,B,6000,9.99,0,0.29,N,2,2022,0,0,0
25.0,21812,RENT,7.0,EDUCATION,C,6000,14.72,0,0.28,Y,2,2022,0,0,0
22.0,48000,MORTGAGE,2.0,MEDICAL,B,9600,11.86,0,0.2,N,2,2022,0,0,0
21.0,23000,RENT,5.0,EDUCATION,B,6000,10.95,0,0.26,N,2,2022,0,0,0
22.0,48000,MORTGAGE,4.0,PERSONAL,B,4000,11.86,0,0.08,N,2,2022,0,0,0
21.0,23040,RENT,0.0,HOMEIMPROVEMENT,A,6000,7.9,1,0.26,N,2,2022,1,0,0
25.0,48000,MORTGAGE,4.0,PERSONAL,B,7350,11.12,0,0.15,N,2,2022,0,0,0
23.0,48000,MORTGAGE,0.0,EDUCATION,A,3200,7.51,0,0.07,N,2,2022,0,0,0
23.0,24000,RENT,0.0,DEBTCONSOLIDATION,B,6000,10.99,0,0.25,N,2,2022,0,0,1
22.0,48000,MORTGAGE,6.0,EDUCATION,A,5000,7.88,0,0.1,N,2,2022,0,0,0
21.0,24996,RENT,6.0,DEBTCONSOLIDATION,C,6000,13.61,0,0.24,N,2,2022,0,0,0
23.0,25000,RENT,7.0,VENTURE,A,6000,7.51,0,0.24,N,2,2022,0,0,0
25.0,25000,RENT,2.0,PERSONAL,B,6000,10.99,0,0.24,N,2,2022,0,0,1
25.0,25000,RENT,1.0,DEBTCONSOLIDATION,E,6000,16.4,1,0.24,N,2,2022,1,0,0
26.0,25000,RENT,5.0,EDUCATION,A,6000,8.0,0,0.24,N,2,2022,0,0,0
22.0,48000,MORTGAGE,4.0,MEDICAL,B,15000,9.88,0,0.31,N,2,2022,0,0,0
24.0,25200,RENT,6.0,MEDICAL,A,6000,7.49,0,0.24,N,2,2022,0,0,0
26.0,48000,MORTGAGE,1.0,VENTURE,B,4200,10.62,0,0.09,N,2,2022,0,0,0
26.0,48000,MORTGAGE,10.0,VENTURE,A,4000,10.99,0,0.08,N,2,2022,0,0,1
21.0,26000,RENT,5.0,DEBTCONSOLIDATION,A,6000,7.49,0,0.23,N,2,2022,0,0,0
26.0,26400,RENT,6.0,PERSONAL,B,6000,10.65,0,0.23,N,2,2022,0,0,0
25.0,48000,MORTGAGE,5.0,HOMEIMPROVEMENT,A,7800,8.94,0,0.16,N,2,2022,0,0,0
22.0,48000,MORTGAGE,0.0,PERSONAL,B,2800,12.53,0,0.06,N,2,2022,0,0,0
25.0,27040,RENT,2.0,PERSONAL,A,6000,7.9,0,0.22,N,2,2022,0,0,0
24.0,48000,MORTGAGE,0.0,EDUCATION,B,4400,11.83,0,0.09,N,2,2022,0,0,0
23.0,48000,OWN,8.0,EDUCATION,C,6000,12.87,0,0.13,Y,2,2022,0,0,0
22.0,28000,RENT,3.0,EDUCATION,C,6000,12.98,0,0.21,Y,2,2022,0,0,0
26.0,48000,MORTGAGE,10.0,EDUCATION,A,10000,7.74,0,0.21,N,2,2022,0,0,0
21.0,48000,MORTGAGE,5.0,EDUCATION,C,10800,12.84,0,0.23,N,2,2022,0,0,0
24.0,29000,RENT,5.0,MEDICAL,C,6000,15.27,0,0.21,N,2,2022,0,0,0
22.0,29000,RENT,5.0,VENTURE,B,6000,10.25,0,0.21,N,2,2022,0,0,0
22.0,30000,RENT,1.0,EDUCATION,B,6000,10.65,0,0.2,N,2,2022,0,0,0
22.0,48000,MORTGAGE,6.0,EDUCATION,A,9925,9.63,0,0.21,N,2,2022,0,0,0
24.0,30000,RENT,0.0,MEDICAL,C,6000,13.49,0,0.2,N,2,2022,0,0,0
24.0,30000,RENT,0.0,VENTURE,B,6000,12.42,0,0.2,N,2,2022,0,0,0
25.0,48000,MORTGAGE,9.0,EDUCATION,C,7000,12.09,0,0.15,Y,2,2022,0,0,0
22.0,30000,RENT,4.0,PERSONAL,B,6000,10.99,1,0.2,N,2,2022,1,0,0
22.0,30000,RENT,3.0,PERSONAL,B,6000,10.37,0,0.2,N,2,2022,0,0,0
26.0,30000,RENT,2.0,MEDICAL,A,6000,6.54,0,0.2,N,2,2022,0,0,0
26.0,30000,RENT,0.0,DEBTCONSOLIDATION,D,6000,10.99,1,0.2,Y,2,2022,1,0,1
21.0,30000,RENT,3.0,MEDICAL,A,6000,8.94,0,0.2,N,2,2022,0,0,0
23.0,48152,MORTGAGE,7.0,MEDICAL,A,9500,7.29,0,0.2,N,2,2022,0,0,0
22.0,48156,MORTGAGE,6.0,DEBTCONSOLIDATION,A,3000,10.99,0,0.06,N,2,2022,0,0,1
23.0,48235,MORTGAGE,5.0,VENTURE,B,20000,12.18,0,0.41,N,2,2022,0,0,0
22.0,31200,RENT,4.0,EDUCATION,C,6000,13.22,0,0.19,N,2,2022,0,0,0
23.0,48500,MORTGAGE,8.0,PERSONAL,B,6000,10.25,0,0.12,N,2,2022,0,0,0
25.0,32000,RENT,2.0,MEDICAL,B,6000,10.62,1,0.19,N,2,2022,1,0,0
23.0,48600,OWN,2.0,MEDICAL,A,5000,7.49,0,0.1,N,2,2022,0,0,0
26.0,33000,RENT,1.0,VENTURE,D,6000,14.84,1,0.18,N,2,2022,1,0,0
24.0,48661,MORTGAGE,7.0,EDUCATION,D,8000,17.58,0,0.16,N,2,2022,0,0,0
21.0,33280,RENT,0.0,VENTURE,C,6000,13.23,0,0.18,Y,2,2022,0,0,0
24.0,48800,MORTGAGE,7.0,DEBTCONSOLIDATION,A,9000,7.49,0,0.18,N,2,2022,0,0,0
24.0,48852,MORTGAGE,4.0,VENTURE,A,10300,6.99,0,0.21,N,2,2022,0,0,0
22.0,34039,RENT,0.0,PERSONAL,A,6000,7.9,0,0.18,N,2,2022,0,1,0
23.0,48996,MORTGAGE,7.0,EDUCATION,C,10525,13.61,0,0.21,N,2,2022,0,0,0
22.0,35000,RENT,2.0,MEDICAL,A,6000,7.49,0,0.17,N,2,2022,0,0,0
22.0,35000,RENT,7.0,EDUCATION,B,6000,10.99,0,0.17,N,2,2022,0,0,1
23.0,35004,RENT,1.0,EDUCATION,B,6000,10.99,0,0.17,N,2,2022,0,0,1
23.0,49000,MORTGAGE,5.0,EDUCATION,A,3500,5.42,0,0.07,N,2,2022,0,0,0
24.0,43000,MORTGAGE,8.0,DEBTCONSOLIDATION,D,10000,16.89,1,0.23,Y,2,2022,1,0,0
22.0,29916,RENT,1.0,PERSONAL,D,6000,15.65,1,0.2,N,2,2022,1,0,0
26.0,49000,MORTGAGE,10.0,EDUCATION,B,20000,10.0,0,0.41,N,2,2022,0,0,0
26.0,30000,RENT,2.0,DEBTCONSOLIDATION,E,6000,16.77,1,0.2,N,2,2022,1,0,0
26.0,49000,MORTGAGE,10.0,EDUCATION,A,14000,7.88,0,0.29,N,2,2022,0,0,0
25.0,36000,RENT,9.0,DEBTCONSOLIDATION,C,6000,14.72,0,0.17,N,2,2022,0,0,0
22.0,49000,MORTGAGE,6.0,VENTURE,A,4000,8.94,0,0.08,N,2,2022,0,0,0
22.0,49000,MORTGAGE,2.0,DEBTCONSOLIDATION,B,8500,12.53,0,0.17,N,2,2022,0,0,0
22.0,49000,MORTGAGE,4.0,VENTURE,A,7000,9.32,0,0.14,N,2,2022,0,0,0
22.0,36000,RENT,1.0,DEBTCONSOLIDATION,A,6000,7.51,0,0.17,N,2,2022,0,0,0
22.0,49032,MORTGAGE,6.0,EDUCATION,B,2400,11.86,0,0.05,N,2,2022,0,0,0
22.0,49140,OWN,0.0,EDUCATION,C,3000,13.16,0,0.06,N,2,2022,0,0,0
25.0,49152,MORTGAGE,7.0,MEDICAL,B,3000,11.71,0,0.06,N,2,2022,0,0,0
24.0,36000,RENT,5.0,MEDICAL,D,6000,14.96,0,0.17,N,2,2022,0,0,0
25.0,49200,MORTGAGE,6.0,MEDICAL,A,5600,7.49,0,0.11,N,2,2022,0,0,0
25.0,49200,MORTGAGE,2.0,EDUCATION,B,6000,10.0,0,0.12,N,2,2022,0,0,0
23.0,36100,RENT,0.0,EDUCATION,B,6000,9.88,0,0.17,N,2,2022,0,0,0
25.0,36852,RENT,1.0,EDUCATION,B,6000,12.42,0,0.16,N,2,2022,0,0,0
23.0,31000,RENT,1.0,DEBTCONSOLIDATION,B,6000,11.71,1,0.19,N,2,2022,1,0,0
24.0,37000,RENT,1.0,DEBTCONSOLIDATION,A,6000,7.66,0,0.16,N,2,2022,0,0,0
22.0,37500,RENT,6.0,MEDICAL,B,6000,12.42,0,0.16,N,2,2022,0,0,0
25.0,32000,RENT,9.0,DEBTCONSOLIDATION,C,6000,12.99,1,0.19,Y,2,2022,1,0,0
25.0,49500,MORTGAGE,2.0,DEBTCONSOLIDATION,A,2400,7.51,0,0.05,N,2,2022,0,0,0
25.0,49500,MORTGAGE,3.0,DEBTCONSOLIDATION,C,9250,13.79,0,0.19,Y,2,2022,0,0,0
24.0,38000,RENT,0.0,DEBTCONSOLIDATION,B,6000,10.39,0,0.16,N,2,2022,0,0,0
23.0,38000,RENT,5.0,EDUCATION,B,6000,10.46,0,0.16,N,2,2022,0,0,0
22.0,49536,MORTGAGE,6.0,DEBTCONSOLIDATION,A,5200,6.62,0,0.1,N,2,2022,0,0,0
25.0,38004,RENT,0.0,DEBTCONSOLIDATION,B,6000,11.89,0,0.16,N,2,2022,0,0,0
24.0,49600,MORTGAGE,8.0,HOMEIMPROVEMENT,A,2500,7.4,0,0.05,N,2,2022,0,0,0
24.0,33000,RENT,3.0,DEBTCONSOLIDATION,D,6000,15.62,1,0.18,N,2,2022,1,0,0
25.0,49713,MORTGAGE,7.0,DEBTCONSOLIDATION,B,12000,11.86,0,0.24,N,2,2022,0,0,0
25.0,49716,MORTGAGE,6.0,MEDICAL,A,8000,9.32,0,0.16,N,2,2022,0,0,0
25.0,33600,RENT,9.0,DEBTCONSOLIDATION,D,6000,15.58,1,0.18,Y,2,2022,1,0,0
26.0,49992,MORTGAGE,10.0,DEBTCONSOLIDATION,B,6000,10.99,0,0.12,N,2,2022,0,0,0
26.0,40000,RENT,4.0,EDUCATION,B,6000,10.99,0,0.15,N,2,2022,0,0,1
22.0,50000,MORTGAGE,2.0,EDUCATION,B,22000,9.91,0,0.44,N,2,2022,0,0,0
22.0,40000,RENT,0.0,VENTURE,A,6000,7.66,0,0.15,N,2,2022,0,0,0
22.0,34000,RENT,4.0,PERSONAL,A,6000,10.99,1,0.18,N,2,2022,1,0,1
23.0,40000,RENT,1.0,PERSONAL,A,6000,7.68,0,0.15,N,2,2022,0,0,0
23.0,41000,RENT,3.0,MEDICAL,B,6000,10.99,0,0.15,N,2,2022,0,0,0
26.0,44000,MORTGAGE,10.0,PERSONAL,D,20000,17.27,1,0.44000000000000006,Y,2,2022,1,0,0
25.0,42000,RENT,5.0,MEDICAL,B,6000,12.42,0,0.14,N,2,2022,0,0,0
22.0,42000,RENT,6.0,DEBTCONSOLIDATION,B,6000,10.65,0,0.14,N,2,2022,0,0,0
26.0,42000,RENT,3.0,EDUCATION,A,6000,7.29,0,0.14,N,2,2022,0,0,0
23.0,42996,RENT,2.0,EDUCATION,C,6000,12.84,0,0.14,Y,2,2022,0,0,0
25.0,50000,MORTGAGE,3.0,DEBTCONSOLIDATION,A,17000,6.03,0,0.34,N,2,2022,0,0,0
25.0,44000,MORTGAGE,9.0,DEBTCONSOLIDATION,D,15000,10.99,1,0.34,Y,2,2022,1,0,1
25.0,50000,MORTGAGE,0.0,VENTURE,E,8000,19.42,0,0.16,N,2,2022,0,0,0
24.0,44000,RENT,1.0,MEDICAL,A,6000,8.0,0,0.14,N,2,2022,0,0,0
25.0,50000,MORTGAGE,2.0,VENTURE,A,10000,7.9,0,0.2,N,2,2022,0,0,0
26.0,45000,RENT,1.0,EDUCATION,B,6000,9.91,0,0.13,N,2,2022,0,0,0
24.0,50000,OWN,7.0,HOMEIMPROVEMENT,B,20000,12.69,0,0.4,N,2,2022,0,0,0
26.0,45000,RENT,1.0,VENTURE,B,6000,11.71,0,0.13,N,2,2022,0,0,0
25.0,39000,RENT,0.0,VENTURE,C,6000,13.49,1,0.15,Y,2,2022,1,0,0
26.0,45000,RENT,3.0,MEDICAL,A,6000,7.49,0,0.13,N,2,2022,0,0,0
26.0,45000,RENT,3.0,EDUCATION,A,6000,5.79,0,0.13,N,2,2022,0,0,0
23.0,45000,RENT,7.0,VENTURE,B,6000,11.49,0,0.13,N,2,2022,0,0,0
26.0,50000,MORTGAGE,10.0,DEBTCONSOLIDATION,A,5400,8.9,0,0.11,N,2,2022,0,0,0
22.0,39000,RENT,6.0,HOMEIMPROVEMENT,C,6000,13.22,1,0.15,Y,2,2022,1,0,0
23.0,45000,RENT,8.0,DEBTCONSOLIDATION,C,6000,12.53,0,0.13,N,2,2022,0,0,0
26.0,50000,OWN,6.0,EDUCATION,B,3000,9.91,0,0.06,N,2,2022,0,0,0
26.0,50000,MORTGAGE,7.0,VENTURE,A,7200,6.62,0,0.14,N,2,2022,0,0,0
24.0,50000,MORTGAGE,3.0,VENTURE,A,15000,8.9,0,0.3,N,2,2022,0,0,0
22.0,50000,OWN,6.0,EDUCATION,B,1000,9.91,0,0.02,N,2,2022,0,0,0
24.0,50000,MORTGAGE,5.0,PERSONAL,D,22800,17.27,0,0.44000000000000006,N,2,2022,0,0,0
25.0,50000,MORTGAGE,4.0,DEBTCONSOLIDATION,A,9000,6.03,0,0.18,N,2,2022,0,0,0
25.0,46500,RENT,1.0,EDUCATION,B,6000,8.88,0,0.13,N,2,2022,0,0,0
25.0,47000,RENT,6.0,VENTURE,B,6000,11.71,0,0.13,N,2,2022,0,0,0
24.0,47000,RENT,3.0,PERSONAL,A,6000,7.66,0,0.13,N,2,2022,0,0,0
23.0,41500,RENT,3.0,EDUCATION,E,6000,16.7,1,0.14,N,2,2022,1,0,0
24.0,41628,RENT,6.0,DEBTCONSOLIDATION,C,6000,11.28,1,0.14,Y,2,2022,1,0,0
24.0,47928,RENT,1.0,MEDICAL,B,6000,12.53,0,0.13,N,2,2022,0,0,0
23.0,44000,MORTGAGE,3.0,MEDICAL,B,5400,10.99,1,0.12,N,2,2022,1,0,0
23.0,50000,OWN,0.0,VENTURE,B,2800,10.59,0,0.06,N,2,2022,0,0,0
26.0,50000,MORTGAGE,8.0,VENTURE,B,8000,10.59,0,0.16,N,2,2022,0,0,0
23.0,50000,MORTGAGE,5.0,VENTURE,A,3600,5.99,0,0.07,N,2,2022,0,0,0
22.0,44000,MORTGAGE,6.0,VENTURE,D,6400,15.99,1,0.15,Y,2,2022,1,0,0
26.0,50000,OWN,10.0,PERSONAL,A,7500,5.99,0,0.15,N,2,2022,0,0,0
22.0,50000,MORTGAGE,7.0,DEBTCONSOLIDATION,A,9000,8.49,0,0.18,N,2,2022,0,0,0
23.0,50000,OWN,7.0,VENTURE,A,2050,7.49,0,0.04,N,2,2022,0,0,0
22.0,48996,RENT,6.0,PERSONAL,B,6000,10.99,0,0.12,N,2,2022,0,0,1
22.0,50000,OWN,1.0,MEDICAL,A,3600,10.99,0,0.07,N,2,2022,0,0,1
25.0,49000,RENT,8.0,EDUCATION,C,6000,10.99,0,0.12,Y,2,2022,0,0,1
22.0,50000,RENT,4.0,MEDICAL,B,6000,10.65,0,0.12,N,2,2022,0,0,0
22.0,50000,RENT,3.0,DEBTCONSOLIDATION,C,6000,13.49,0,0.12,Y,2,2022,0,0,0
24.0,50000,MORTGAGE,5.0,PERSONAL,B,3500,10.99,0,0.07,N,2,2022,0,0,0
23.0,50000,RENT,4.0,DEBTCONSOLIDATION,A,6000,5.79,0,0.12,N,2,2022,0,0,0
21.0,50000,RENT,5.0,MEDICAL,B,6000,10.75,0,0.12,N,2,2022,0,0,0
22.0,50000,RENT,6.0,PERSONAL,B,6000,11.89,0,0.12,N,2,2022,0,0,0
23.0,50000,MORTGAGE,3.0,PERSONAL,A,6000,6.92,0,0.12,N,2,2022,0,0,0
22.0,50650,RENT,4.0,DEBTCONSOLIDATION,B,6000,11.86,0,0.12,N,2,2022,0,0,0
24.0,50000,MORTGAGE,8.0,EDUCATION,A,3000,7.66,0,0.06,N,2,2022,0,0,0
25.0,50000,MORTGAGE,9.0,PERSONAL,A,10000,6.92,0,0.2,N,2,2022,0,0,0
25.0,50000,MORTGAGE,9.0,HOMEIMPROVEMENT,B,8000,10.0,0,0.16,N,2,2022,0,0,0
25.0,52000,RENT,4.0,VENTURE,D,6000,14.96,0,0.12,Y,2,2022,0,0,0
24.0,53000,RENT,0.0,EDUCATION,B,6000,11.49,0,0.11,N,2,2022,0,0,0
26.0,50000,MORTGAGE,1.0,VENTURE,B,15000,10.37,0,0.3,N,2,2022,0,0,0
25.0,50000,MORTGAGE,9.0,PERSONAL,A,12000,10.99,0,0.24,N,2,2022,0,0,1
25.0,55000,RENT,0.0,DEBTCONSOLIDATION,B,6000,10.65,0,0.11,N,2,2022,0,0,0
22.0,55000,RENT,6.0,EDUCATION,C,6000,14.27,0,0.11,Y,2,2022,0,0,0
23.0,50000,MORTGAGE,2.0,DEBTCONSOLIDATION,B,14400,10.0,0,0.29,N,2,2022,0,0,0
22.0,55000,RENT,6.0,EDUCATION,A,6000,6.62,0,0.11,N,2,2022,0,0,0
23.0,55000,RENT,7.0,EDUCATION,B,6000,10.99,0,0.11,N,2,2022,0,0,0
22.0,50000,MORTGAGE,4.0,DEBTCONSOLIDATION,B,5150,8.88,0,0.1,N,2,2022,0,0,0
24.0,50000,MORTGAGE,8.0,MEDICAL,A,12000,5.42,0,0.24,N,2,2022,0,0,0
26.0,49200,RENT,7.0,MEDICAL,D,6000,16.49,1,0.12,Y,2,2022,1,0,0
25.0,50000,MORTGAGE,5.0,EDUCATION,B,12000,10.99,0,0.24,N,2,2022,0,0,1
24.0,50000,MORTGAGE,5.0,PERSONAL,A,6000,6.17,0,0.12,N,2,2022,0,0,0
25.0,56000,RENT,1.0,HOMEIMPROVEMENT,B,6000,10.74,0,0.11,N,2,2022,0,0,0
25.0,50000,MORTGAGE,9.0,EDUCATION,A,5000,5.79,0,0.1,N,2,2022,0,0,0
22.0,50000,MORTGAGE,0.0,DEBTCONSOLIDATION,A,12800,5.79,0,0.26,N,2,2022,0,0,0
24.0,58000,RENT,3.0,VENTURE,C,6000,12.87,0,0.1,Y,2,2022,0,0,0
22.0,52800,RENT,6.0,EDUCATION,C,6000,11.97,1,0.11,N,2,2022,1,0,0
25.0,59366,RENT,4.0,MEDICAL,B,6000,11.11,0,0.1,N,2,2022,0,0,0
23.0,60000,RENT,1.0,DEBTCONSOLIDATION,A,6000,10.99,0,0.1,N,2,2022,0,0,1
22.0,50000,OWN,2.0,EDUCATION,B,5600,11.86,0,0.11,N,2,2022,0,0,0
24.0,50000,MORTGAGE,4.0,MEDICAL,A,4000,10.99,0,0.08,N,2,2022,0,0,1
24.0,54000,RENT,3.0,HOMEIMPROVEMENT,B,6000,10.99,1,0.11,N,2,2022,1,0,0
24.0,50000,MORTGAGE,8.0,HOMEIMPROVEMENT,A,9000,7.14,0,0.18,N,2,2022,0,0,0
25.0,50000,MORTGAGE,3.0,HOMEIMPROVEMENT,C,4800,13.61,0,0.1,Y,2,2022,0,0,0
23.0,50000,OWN,3.0,PERSONAL,B,1500,11.49,0,0.03,N,2,2022,0,0,0
23.0,50000,MORTGAGE,2.0,EDUCATION,C,8000,13.61,0,0.16,N,2,2022,0,0,0
23.0,54000,RENT,6.0,HOMEIMPROVEMENT,E,6000,16.45,1,0.11,N,2,2022,1,0,0
24.0,60000,RENT,0.0,HOMEIMPROVEMENT,B,6000,11.48,0,0.1,N,2,2022,0,0,0
22.0,50000,MORTGAGE,4.0,EDUCATION,A,5000,7.51,0,0.1,N,2,2022,0,0,0
26.0,50000,OWN,5.0,MEDICAL,A,3250,7.51,0,0.07,N,2,2022,0,0,0
25.0,50000,OWN,9.0,VENTURE,C,12000,13.98,0,0.24,N,2,2022,0,0,0
22.0,26124,RENT,2.0,EDUCATION,A,7125,5.79,0,0.27,N,2,2022,0,0,0
24.0,70000,RENT,8.0,VENTURE,A,7125,6.92,0,0.1,N,2,2022,0,0,0
23.0,25000,RENT,1.0,PERSONAL,A,7100,7.9,0,0.28,N,2,2022,0,0,0
25.0,50000,MORTGAGE,9.0,DEBTCONSOLIDATION,B,5000,11.36,0,0.1,N,2,2022,0,0,0
25.0,95000,RENT,3.0,DEBTCONSOLIDATION,A,7100,6.99,0,0.07,N,2,2022,0,0,0
22.0,10000,RENT,0.0,HOMEIMPROVEMENT,B,7000,12.21,1,0.44000000000000006,N,2,2022,1,0,0
25.0,50000,MORTGAGE,9.0,DEBTCONSOLIDATION,A,18000,7.88,0,0.36,N,2,2022,0,0,0
22.0,50000,OWN,2.0,VENTURE,C,6000,14.22,0,0.12,N,2,2022,0,0,0
21.0,15600,RENT,0.0,EDUCATION,A,7000,7.51,1,0.44000000000000006,N,2,2022,1,1,0
21.0,17000,RENT,0.0,DEBTCONSOLIDATION,B,7000,10.62,1,0.41,N,2,2022,1,1,0
22.0,18000,RENT,1.0,HOMEIMPROVEMENT,B,7000,10.65,1,0.39,N,2,2022,1,0,0
22.0,50000,MORTGAGE,0.0,PERSONAL,A,6250,7.88,0,0.13,N,2,2022,0,0,0
21.0,19200,RENT,5.0,HOMEIMPROVEMENT,C,7000,14.35,1,0.36,N,2,2022,1,0,0
23.0,21600,RENT,5.0,VENTURE,A,7000,6.62,1,0.32,N,2,2022,1,0,0
23.0,50000,MORTGAGE,3.0,VENTURE,C,7000,13.48,0,0.14,Y,2,2022,0,0,0
23.0,50000,MORTGAGE,5.0,PERSONAL,B,9000,11.14,0,0.18,N,2,2022,0,0,0
26.0,50000,MORTGAGE,0.0,EDUCATION,A,10000,7.74,0,0.2,N,2,2022,0,0,0
23.0,50000,MORTGAGE,1.0,PERSONAL,A,9000,10.99,0,0.18,N,2,2022,0,0,1
25.0,23460,RENT,5.0,MEDICAL,B,7000,10.99,0,0.3,N,2,2022,0,0,1
22.0,24000,RENT,6.0,VENTURE,B,7000,12.42,0,0.29,N,2,2022,0,0,0
24.0,24000,RENT,0.0,PERSONAL,D,7000,15.62,1,0.29,N,2,2022,1,0,0
22.0,50000,OWN,3.0,EDUCATION,A,6000,8.94,0,0.12,N,2,2022,0,0,0
26.0,50000,MORTGAGE,5.0,EDUCATION,A,5000,7.4,0,0.1,N,2,2022,0,0,0
24.0,44000,MORTGAGE,0.0,EDUCATION,D,15000,15.31,1,0.34,N,2,2022,1,0,0
25.0,24000,RENT,0.0,VENTURE,E,7000,16.45,1,0.29,Y,2,2022,1,0,0
22.0,24996,RENT,6.0,DEBTCONSOLIDATION,B,7000,11.86,0,0.28,N,2,2022,0,0,0
21.0,25000,RENT,1.0,EDUCATION,B,7000,12.69,0,0.28,N,2,2022,0,0,0
22.0,50000,MORTGAGE,6.0,VENTURE,C,10500,14.26,0,0.21,Y,2,2022,0,0,0
22.0,63000,RENT,6.0,PERSONAL,B,6000,11.49,0,0.1,N,2,2022,0,0,0
26.0,63000,RENT,3.0,HOMEIMPROVEMENT,C,6000,13.23,0,0.1,N,2,2022,0,0,0
25.0,57500,RENT,4.0,VENTURE,C,6000,11.28,1,0.1,N,2,2022,1,0,0
23.0,65000,RENT,2.0,EDUCATION,B,6000,11.99,0,0.09,N,2,2022,0,0,0
26.0,65000,RENT,7.0,EDUCATION,D,6000,16.49,0,0.09,Y,2,2022,0,0,0
24.0,65000,RENT,3.0,MEDICAL,A,6000,10.99,0,0.09,N,2,2022,0,0,1
22.0,50000,MORTGAGE,0.0,EDUCATION,B,20000,11.48,0,0.4,N,2,2022,0,0,0
24.0,50000,MORTGAGE,8.0,EDUCATION,C,3000,13.47,0,0.06,N,2,2022,0,0,0
24.0,50000,MORTGAGE,2.0,VENTURE,A,12500,9.32,0,0.25,N,2,2022,0,0,0
23.0,69000,RENT,7.0,MEDICAL,A,6000,7.88,0,0.09,N,2,2022,0,0,0
26.0,63400,RENT,2.0,PERSONAL,D,6000,15.21,1,0.09,Y,2,2022,1,0,0
24.0,69996,RENT,0.0,HOMEIMPROVEMENT,C,6000,13.06,0,0.09,N,2,2022,0,0,0
21.0,44000,MORTGAGE,2.0,DEBTCONSOLIDATION,E,15000,16.0,1,0.34,N,2,2022,1,0,0
23.0,70000,RENT,4.0,EDUCATION,A,6000,7.49,0,0.09,N,2,2022,0,0,0
22.0,50000,MORTGAGE,7.0,EDUCATION,A,6400,8.0,0,0.13,N,2,2022,0,0,0
24.0,50000,MORTGAGE,1.0,PERSONAL,C,11400,12.53,0,0.23,N,2,2022,0,0,0
22.0,70000,RENT,0.0,EDUCATION,B,6000,11.89,0,0.09,N,2,2022,0,0,0
26.0,50000,OWN,4.0,HOMEIMPROVEMENT,C,10000,13.47,0,0.2,Y,2,2022,0,0,0
24.0,44000,MORTGAGE,6.0,EDUCATION,F,7500,16.33,1,0.17,N,2,2022,1,0,0
26.0,66000,RENT,10.0,VENTURE,C,6000,13.49,1,0.09,Y,2,2022,1,0,0
23.0,50000,OWN,0.0,VENTURE,B,14000,10.33,0,0.28,N,2,2022,0,0,0
25.0,44000,MORTGAGE,7.0,PERSONAL,B,7500,10.08,1,0.17,N,2,2022,1,0,0
22.0,50000,OWN,6.0,MEDICAL,A,15000,8.63,0,0.3,N,2,2022,0,0,0
26.0,74970,RENT,5.0,MEDICAL,A,6000,7.88,0,0.08,N,2,2022,0,0,0
22.0,50004,MORTGAGE,0.0,PERSONAL,B,4950,10.99,0,0.1,N,2,2022,0,1,1
23.0,50004,MORTGAGE,7.0,EDUCATION,A,2700,5.99,0,0.05,N,2,2022,0,0,0
23.0,69000,RENT,7.0,DEBTCONSOLIDATION,D,6000,16.02,1,0.09,Y,2,2022,1,0,0
23.0,75000,RENT,4.0,PERSONAL,C,6000,13.98,0,0.08,Y,2,2022,0,0,0
23.0,75000,RENT,0.0,MEDICAL,B,6000,11.48,0,0.08,N,2,2022,0,0,0
24.0,50004,OWN,2.0,MEDICAL,B,10000,11.12,0,0.2,N,2,2022,0,0,0
23.0,78000,RENT,0.0,MEDICAL,B,6000,9.99,0,0.08,N,2,2022,0,0,0
22.0,50004,MORTGAGE,6.0,VENTURE,D,7200,10.99,0,0.14,Y,2,2022,0,0,1
23.0,50004,MORTGAGE,7.0,PERSONAL,B,16000,11.83,0,0.32,N,2,2022,0,0,0
22.0,80000,RENT,1.0,EDUCATION,A,6000,10.99,0,0.07,N,2,2022,0,0,1
26.0,50004,MORTGAGE,10.0,PERSONAL,A,5000,9.32,0,0.1,N,2,2022,0,0,0
22.0,50004,MORTGAGE,0.0,EDUCATION,A,12000,7.37,0,0.24,N,2,2022,0,0,0
23.0,80607,RENT,2.0,MEDICAL,B,6000,12.21,0,0.07,N,2,2022,0,0,0
22.0,50004,MORTGAGE,6.0,EDUCATION,C,2500,12.53,0,0.05,N,2,2022,0,0,0
26.0,50004,MORTGAGE,10.0,EDUCATION,A,5000,9.32,0,0.1,N,2,2022,0,0,0
25.0,82000,RENT,0.0,PERSONAL,B,6000,9.91,0,0.07,N,2,2022,0,0,0
23.0,50004,MORTGAGE,8.0,EDUCATION,C,2000,11.91,0,0.04,Y,2,2022,0,0,0
23.0,83954,RENT,7.0,EDUCATION,A,6000,10.99,0,0.07,N,2,2022,0,0,1
21.0,50031,MORTGAGE,5.0,PERSONAL,A,2000,5.99,0,0.04,N,2,2022,0,0,0
25.0,84000,RENT,2.0,VENTURE,A,6000,8.94,0,0.07,N,2,2022,0,0,0
24.0,50112,OWN,0.0,PERSONAL,A,1000,5.42,0,0.02,N,2,2022,0,1,0
23.0,50129,MORTGAGE,7.0,VENTURE,A,11400,7.29,0,0.23,N,2,2022,0,0,0
25.0,50280,MORTGAGE,0.0,HOMEIMPROVEMENT,A,10000,9.63,0,0.2,N,2,2022,0,0,0
23.0,50400,MORTGAGE,7.0,EDUCATION,A,8375,7.51,0,0.17,N,2,2022,0,0,0
22.0,75000,RENT,6.0,EDUCATION,B,6000,10.99,1,0.08,N,2,2022,1,0,1
26.0,78000,RENT,5.0,PERSONAL,C,6000,12.68,1,0.08,N,2,2022,1,0,0
23.0,50400,OWN,7.0,EDUCATION,D,7000,15.99,0,0.14,N,2,2022,0,0,0
26.0,81000,RENT,10.0,PERSONAL,A,6000,7.51,1,0.07,N,2,2022,1,0,0
22.0,50400,MORTGAGE,6.0,EDUCATION,D,12000,14.09,0,0.24,N,2,2022,0,0,0
26.0,95000,RENT,0.0,MEDICAL,B,6000,10.99,0,0.06,N,2,2022,0,0,0
25.0,50400,OWN,0.0,HOMEIMPROVEMENT,D,6000,14.59,0,0.12,N,2,2022,0,0,0
24.0,96500,RENT,0.0,DEBTCONSOLIDATION,A,6000,7.66,0,0.06,N,2,2022,0,0,0
22.0,100000,RENT,3.0,EDUCATION,C,6000,12.98,0,0.06,Y,2,2022,0,0,0
22.0,105000,RENT,4.0,VENTURE,B,6000,9.99,0,0.06,N,2,2022,0,0,0
22.0,50500,OWN,6.0,VENTURE,B,6000,11.83,0,0.12,N,2,2022,0,0,0
25.0,50600,OWN,3.0,PERSONAL,A,3000,7.51,0,0.06,N,2,2022,0,0,0
26.0,120000,RENT,10.0,VENTURE,B,6000,9.88,0,0.05,N,2,2022,0,0,0
26.0,125000,RENT,3.0,EDUCATION,B,6000,12.53,0,0.05,N,2,2022,0,0,0
25.0,141500,RENT,3.0,HOMEIMPROVEMENT,C,6000,13.48,0,0.04,N,2,2022,0,0,0
25.0,50000,RENT,9.0,HOMEIMPROVEMENT,B,6075,10.0,0,0.12,N,2,2022,0,0,0
24.0,45000,MORTGAGE,0.0,VENTURE,C,10625,14.27,1,0.24,Y,2,2022,1,0,0
23.0,51000,MORTGAGE,5.0,DEBTCONSOLIDATION,A,4000,6.03,0,0.08,N,2,2022,0,0,0
26.0,39996,RENT,2.0,DEBTCONSOLIDATION,C,6200,13.79,0,0.16,N,2,2022,0,0,0
23.0,42500,RENT,1.0,PERSONAL,C,6200,13.92,0,0.15,N,2,2022,0,0,0
25.0,51000,MORTGAGE,6.0,EDUCATION,C,3000,13.99,0,0.06,N,2,2022,0,0,0
23.0,56000,RENT,4.0,PERSONAL,A,6200,8.49,0,0.11,N,2,2022,0,0,0
25.0,51000,MORTGAGE,0.0,PERSONAL,A,4200,7.29,0,0.08,N,2,2022,0,0,0
23.0,45000,MORTGAGE,6.0,MEDICAL,B,5000,10.74,1,0.11,N,2,2022,1,0,0
23.0,65000,RENT,8.0,PERSONAL,A,6200,10.99,0,0.1,N,2,2022,0,0,1
24.0,65000,RENT,0.0,VENTURE,A,6200,8.9,0,0.1,N,2,2022,0,0,0
22.0,51000,MORTGAGE,6.0,MEDICAL,A,6000,5.79,0,0.12,N,2,2022,0,0,0
22.0,72000,RENT,4.0,PERSONAL,A,6200,5.99,0,0.09,N,2,2022,0,0,0
23.0,51000,MORTGAGE,7.0,MEDICAL,A,10000,7.14,0,0.2,N,2,2022,0,0,0
23.0,14898,RENT,0.0,VENTURE,C,6250,15.27,1,0.42,N,2,2022,1,1,0
22.0,16000,RENT,0.0,VENTURE,B,6250,9.91,1,0.39,N,2,2022,1,1,0
25.0,19200,RENT,4.0,EDUCATION,D,6250,15.31,1,0.33,Y,2,2022,1,0,0
24.0,51000,OWN,6.0,VENTURE,B,6000,10.75,0,0.12,N,2,2022,0,0,0
22.0,23000,RENT,6.0,MEDICAL,C,6250,12.73,0,0.27,N,2,2022,0,0,0
21.0,51000,MORTGAGE,5.0,PERSONAL,A,6000,7.88,0,0.12,N,2,2022,0,0,0
24.0,51000,MORTGAGE,5.0,HOMEIMPROVEMENT,A,3600,7.14,0,0.07,N,2,2022,0,0,0
24.0,51000,OWN,9.0,VENTURE,D,10000,15.31,0,0.2,Y,2,2022,0,0,0
22.0,56000,RENT,0.0,DEBTCONSOLIDATION,B,7000,11.36,0,0.13,N,2,2022,0,0,0
26.0,60000,RENT,9.0,DEBTCONSOLIDATION,C,7000,13.49,0,0.12,N,2,2022,0,0,0
22.0,60000,RENT,1.0,PERSONAL,C,7000,14.65,0,0.12,N,2,2022,0,0,0
24.0,51072,MORTGAGE,8.0,EDUCATION,B,13000,10.95,0,0.25,N,2,2022,0,0,0
25.0,60000,RENT,3.0,HOMEIMPROVEMENT,A,7000,6.92,0,0.12,N,2,2022,0,0,0
26.0,60000,RENT,3.0,MEDICAL,A,7000,6.91,0,0.12,N,2,2022,0,0,0
25.0,60000,RENT,0.0,MEDICAL,B,7000,9.25,0,0.12,N,2,2022,0,0,0
22.0,60000,RENT,3.0,EDUCATION,A,7000,6.91,0,0.12,N,2,2022,0,0,0
24.0,51480,MORTGAGE,7.0,MEDICAL,A,12000,7.88,0,0.23,N,2,2022,0,0,0
22.0,51480,MORTGAGE,4.0,MEDICAL,B,3000,11.83,0,0.06,N,2,2022,0,0,0
22.0,60500,RENT,3.0,DEBTCONSOLIDATION,C,7000,12.84,0,0.12,N,2,2022,0,0,0
26.0,51500,OWN,10.0,HOMEIMPROVEMENT,A,15000,6.92,0,0.29,N,2,2022,0,0,0
24.0,51500,MORTGAGE,6.0,MEDICAL,A,4000,7.51,0,0.08,N,2,2022,0,0,0
23.0,62100,RENT,3.0,MEDICAL,B,7000,10.99,0,0.11,N,2,2022,0,0,1
26.0,63000,RENT,4.0,VENTURE,D,7000,14.84,0,0.11,N,2,2022,0,0,0
25.0,64800,RENT,1.0,PERSONAL,C,7000,12.73,0,0.11,N,2,2022,0,0,0
22.0,51600,MORTGAGE,2.0,VENTURE,C,7000,12.98,0,0.14,Y,2,2022,0,0,0
22.0,65000,RENT,0.0,DEBTCONSOLIDATION,C,7000,12.99,0,0.11,N,2,2022,0,0,0
26.0,65000,RENT,3.0,EDUCATION,A,7000,10.99,0,0.11,N,2,2022,0,0,1
24.0,65000,RENT,0.0,DEBTCONSOLIDATION,B,7000,11.83,0,0.11,N,2,2022,0,0,0
23.0,51852,MORTGAGE,0.0,MEDICAL,A,10000,8.59,0,0.19,N,2,2022,0,0,0
23.0,65000,RENT,0.0,VENTURE,B,7000,10.71,0,0.11,N,2,2022,0,0,0
22.0,51900,MORTGAGE,5.0,VENTURE,B,14100,11.49,0,0.27,N,2,2022,0,0,0
21.0,51996,MORTGAGE,1.0,EDUCATION,A,18000,8.49,0,0.35,N,2,2022,0,0,0
25.0,45996,MORTGAGE,9.0,HOMEIMPROVEMENT,C,11000,12.68,1,0.24,N,2,2022,1,0,0
26.0,67550,RENT,3.0,MEDICAL,A,7000,8.9,0,0.1,N,2,2022,0,0,0
22.0,54400,RENT,2.0,MEDICAL,E,7000,10.99,1,0.11,Y,2,2022,1,0,1
22.0,51996,OWN,7.0,VENTURE,B,6000,10.75,0,0.12,N,2,2022,0,0,0
23.0,72000,RENT,0.0,MEDICAL,A,7000,7.9,0,0.1,N,2,2022,0,0,0
26.0,72000,RENT,8.0,PERSONAL,A,7000,9.32,0,0.1,N,2,2022,0,0,0
25.0,72700,RENT,4.0,HOMEIMPROVEMENT,D,7000,14.84,0,0.1,Y,2,2022,0,0,0
25.0,75000,RENT,4.0,MEDICAL,A,7000,7.49,0,0.09,N,2,2022,0,0,0
22.0,75000,RENT,5.0,EDUCATION,B,7000,10.99,0,0.09,N,2,2022,0,0,0
23.0,75800,RENT,0.0,PERSONAL,A,7000,6.54,0,0.09,N,2,2022,0,0,0
22.0,76000,RENT,6.0,EDUCATION,B,7000,11.12,0,0.09,N,2,2022,0,0,0
22.0,80000,RENT,4.0,PERSONAL,A,7000,7.51,0,0.09,N,2,2022,0,0,0
23.0,80000,RENT,1.0,VENTURE,A,7000,7.14,0,0.09,N,2,2022,0,0,0
26.0,80400,RENT,6.0,VENTURE,B,7000,10.65,0,0.09,N,2,2022,0,0,0
23.0,52000,MORTGAGE,5.0,EDUCATION,B,12800,10.65,0,0.25,N,2,2022,0,0,0
23.0,52000,MORTGAGE,7.0,EDUCATION,A,22000,7.51,0,0.42,N,2,2022,0,0,0
23.0,52000,MORTGAGE,7.0,EDUCATION,A,8400,8.9,0,0.16,N,2,2022,0,0,0
21.0,52000,OWN,1.0,EDUCATION,B,13200,12.42,0,0.25,N,2,2022,0,0,0
23.0,83236,RENT,6.0,EDUCATION,A,7000,6.92,0,0.08,N,2,2022,0,0,0
21.0,52000,MORTGAGE,5.0,DEBTCONSOLIDATION,A,13250,5.99,0,0.25,N,2,2022,0,0,0
26.0,52000,MORTGAGE,6.0,PERSONAL,B,3300,10.99,0,0.06,N,2,2022,0,0,0
24.0,29000,RENT,0.0,DEBTCONSOLIDATION,B,6250,10.99,0,0.22,N,2,2022,0,0,0
24.0,46000,MORTGAGE,8.0,PERSONAL,C,23750,12.99,1,0.44000000000000006,Y,2,2022,1,0,0
25.0,90000,RENT,3.0,PERSONAL,C,7000,13.16,0,0.08,N,2,2022,0,0,0
25.0,95000,RENT,1.0,DEBTCONSOLIDATION,A,7000,6.99,0,0.07,N,2,2022,0,0,0
24.0,96000,RENT,6.0,DEBTCONSOLIDATION,B,7000,9.91,0,0.07,N,2,2022,0,0,0
24.0,52000,MORTGAGE,6.0,VENTURE,A,9000,5.79,0,0.17,N,2,2022,0,0,0
24.0,110000,RENT,1.0,MEDICAL,A,7000,7.51,0,0.06,N,2,2022,0,0,0
24.0,52000,MORTGAGE,8.0,HOMEIMPROVEMENT,B,15000,10.0,0,0.29,N,2,2022,0,0,0
22.0,115200,RENT,0.0,DEBTCONSOLIDATION,A,7000,7.66,0,0.06,N,2,2022,0,0,0
24.0,118000,RENT,5.0,HOMEIMPROVEMENT,A,7000,8.49,0,0.06,N,2,2022,0,0,0
26.0,52000,MORTGAGE,7.0,VENTURE,B,6500,10.74,0,0.13,N,2,2022,0,0,0
23.0,120000,RENT,1.0,PERSONAL,B,7000,10.75,0,0.06,N,2,2022,0,0,0
25.0,52000,MORTGAGE,7.0,MEDICAL,A,6000,7.66,0,0.12,N,2,2022,0,0,0
26.0,52000,MORTGAGE,10.0,HOMEIMPROVEMENT,B,10750,9.62,0,0.21,N,2,2022,0,0,0
24.0,52000,MORTGAGE,0.0,EDUCATION,C,1200,13.98,0,0.02,Y,2,2022,0,0,0
22.0,52000,MORTGAGE,5.0,VENTURE,C,3000,14.35,0,0.06,N,2,2022,0,0,0
25.0,54503,RENT,9.0,EDUCATION,A,6300,7.51,0,0.12,N,2,2022,0,0,0
24.0,58650,RENT,6.0,MEDICAL,D,6300,14.91,1,0.09,Y,2,2022,1,0,0
26.0,32000,RENT,7.0,DEBTCONSOLIDATION,B,6375,10.74,0,0.2,N,2,2022,0,0,0
25.0,44000,RENT,4.0,EDUCATION,A,6375,10.99,0,0.14,N,2,2022,0,0,1
24.0,52000,MORTGAGE,2.0,MEDICAL,A,4800,10.99,0,0.09,N,2,2022,0,0,1
22.0,20000,RENT,1.0,DEBTCONSOLIDATION,B,6500,10.99,1,0.33,N,2,2022,1,0,0
24.0,52000,MORTGAGE,7.0,MEDICAL,C,5000,14.22,0,0.1,N,2,2022,0,0,0
24.0,24000,RENT,0.0,EDUCATION,B,6500,11.36,0,0.27,N,2,2022,0,0,0
21.0,24000,RENT,1.0,VENTURE,B,6500,12.53,0,0.27,N,2,2022,0,0,0
26.0,25000,RENT,4.0,MEDICAL,D,6500,14.09,1,0.26,Y,2,2022,1,0,0
23.0,52000,OWN,1.0,PERSONAL,B,10000,11.14,0,0.19,N,2,2022,0,0,0
24.0,52000,OWN,8.0,PERSONAL,A,5000,7.4,0,0.1,N,2,2022,0,0,0
22.0,52000,MORTGAGE,0.0,DEBTCONSOLIDATION,A,3000,7.05,0,0.06,N,2,2022,0,0,0
26.0,32000,RENT,2.0,MEDICAL,C,6500,14.22,0,0.2,Y,2,2022,0,0,0
22.0,32200,RENT,5.0,PERSONAL,B,6500,11.83,0,0.2,N,2,2022,0,0,0
23.0,33000,RENT,0.0,EDUCATION,A,6500,7.51,0,0.2,N,2,2022,0,0,0
24.0,46000,MORTGAGE,2.0,PERSONAL,B,15250,12.53,1,0.33,N,2,2022,1,0,0
25.0,35000,RENT,0.0,MEDICAL,C,6500,12.68,0,0.19,Y,2,2022,0,1,0
22.0,52000,MORTGAGE,6.0,PERSONAL,A,4800,8.59,0,0.09,N,2,2022,0,0,0
26.0,52000,MORTGAGE,0.0,EDUCATION,B,3600,11.89,0,0.07,N,2,2022,0,0,0
25.0,52000,MORTGAGE,3.0,MEDICAL,A,6000,9.32,0,0.12,N,2,2022,0,0,0
24.0,52000,MORTGAGE,8.0,PERSONAL,A,5000,8.32,0,0.1,N,2,2022,0,0,0
22.0,35325,RENT,2.0,HOMEIMPROVEMENT,D,6500,15.95,1,0.18,N,2,2022,1,0,0
20.0,42000,RENT,4.0,VENTURE,B,6500,11.71,0,0.15,N,2,2022,0,0,0
23.0,36000,RENT,4.0,DEBTCONSOLIDATION,D,6500,17.49,1,0.18,Y,2,2022,1,0,0
22.0,42000,RENT,2.0,EDUCATION,A,6500,5.99,0,0.15,N,2,2022,0,0,0
25.0,52160,MORTGAGE,5.0,HOMEIMPROVEMENT,B,1750,11.89,0,0.03,N,2,2022,0,0,0
21.0,45000,RENT,3.0,VENTURE,B,6500,10.74,0,0.14,N,2,2022,0,0,0
23.0,52360,MORTGAGE,0.0,VENTURE,D,15000,16.49,0,0.29,Y,2,2022,0,1,0
22.0,45012,RENT,6.0,MEDICAL,D,6500,13.99,1,0.14,N,2,2022,1,0,0
26.0,52500,MORTGAGE,0.0,PERSONAL,B,15250,9.63,0,0.29,N,2,2022,0,0,0
22.0,60000,RENT,3.0,PERSONAL,B,6500,9.25,0,0.11,N,2,2022,0,0,0
22.0,63211,RENT,7.0,DEBTCONSOLIDATION,B,6500,11.86,0,0.1,N,2,2022,0,0,0
25.0,72600,RENT,5.0,HOMEIMPROVEMENT,A,6500,7.74,0,0.09,N,2,2022,0,0,0
24.0,52739,MORTGAGE,8.0,HOMEIMPROVEMENT,A,8000,9.38,0,0.15,N,2,2022,0,0,0
23.0,52780,MORTGAGE,2.0,PERSONAL,A,8000,7.51,0,0.15,N,2,2022,0,0,0
25.0,75000,RENT,2.0,EDUCATION,C,6500,13.57,0,0.09,Y,2,2022,0,0,0
22.0,52800,MORTGAGE,5.0,VENTURE,B,4000,10.99,0,0.08,N,2,2022,0,0,0
23.0,92000,RENT,0.0,PERSONAL,A,6500,8.0,0,0.07,N,2,2022,0,0,0
24.0,95000,RENT,8.0,PERSONAL,A,6500,8.49,0,0.07,N,2,2022,0,0,0
22.0,52800,MORTGAGE,6.0,PERSONAL,A,7000,6.76,0,0.13,N,2,2022,0,0,0
22.0,47000,RENT,0.0,VENTURE,B,6550,10.65,0,0.14,N,2,2022,0,0,0
23.0,21888,RENT,8.0,EDUCATION,B,6600,11.11,0,0.3,N,2,2022,0,0,0
24.0,30000,RENT,2.0,HOMEIMPROVEMENT,C,6600,13.06,1,0.22,N,2,2022,1,0,0
22.0,30004,RENT,6.0,MEDICAL,B,6600,10.33,0,0.22,N,2,2022,0,0,0
22.0,39000,RENT,3.0,MEDICAL,B,6600,10.99,0,0.17,N,2,2022,0,0,1
26.0,41000,RENT,1.0,DEBTCONSOLIDATION,A,6600,8.0,0,0.16,N,2,2022,0,0,0
23.0,48000,RENT,3.0,EDUCATION,B,6600,11.11,0,0.14,N,2,2022,0,0,0
26.0,53000,OWN,2.0,HOMEIMPROVEMENT,B,2500,9.91,0,0.05,N,2,2022,0,0,0
24.0,53000,MORTGAGE,8.0,HOMEIMPROVEMENT,A,8000,6.03,0,0.15,N,2,2022,0,0,0
25.0,47000,MORTGAGE,9.0,EDUCATION,A,12000,6.62,1,0.26,N,2,2022,1,0,0
22.0,60000,RENT,0.0,DEBTCONSOLIDATION,B,6600,10.59,0,0.11,N,2,2022,0,0,0
25.0,53000,MORTGAGE,9.0,VENTURE,A,10800,7.51,0,0.2,N,2,2022,0,0,0
22.0,60000,RENT,4.0,PERSONAL,B,6600,10.99,0,0.11,N,2,2022,0,0,0
26.0,53000,OWN,3.0,VENTURE,B,6000,9.99,0,0.11,N,2,2022,0,0,0
25.0,97000,RENT,0.0,VENTURE,A,6600,10.99,0,0.07,N,2,2022,0,0,1
25.0,101877,RENT,9.0,VENTURE,B,6600,10.99,0,0.06,N,2,2022,0,0,0
24.0,53000,MORTGAGE,4.0,VENTURE,A,15000,10.99,0,0.28,N,2,2022,0,0,1
21.0,28000,RENT,2.0,DEBTCONSOLIDATION,C,6625,13.06,1,0.24,N,2,2022,1,0,0
26.0,28000,RENT,8.0,EDUCATION,D,6625,12.92,0,0.24,N,2,2022,0,0,0
24.0,53000,MORTGAGE,8.0,VENTURE,A,6850,6.92,0,0.13,N,2,2022,0,0,0
24.0,50000,RENT,3.0,MEDICAL,C,6625,11.22,0,0.13,N,2,2022,0,0,0
24.0,56000,RENT,2.0,VENTURE,B,6650,12.69,0,0.12,N,2,2022,0,0,0
26.0,53000,MORTGAGE,1.0,DEBTCONSOLIDATION,A,8000,10.99,0,0.15,N,2,2022,0,0,1
26.0,53000,MORTGAGE,9.0,DEBTCONSOLIDATION,A,8000,7.88,0,0.15,N,2,2022,0,0,0
23.0,85000,RENT,5.0,MEDICAL,C,6700,15.23,0,0.08,Y,2,2022,0,0,0
23.0,70000,RENT,8.0,DEBTCONSOLIDATION,A,6725,6.62,0,0.1,N,2,2022,0,0,0
25.0,42000,RENT,2.0,MEDICAL,D,6750,17.27,1,0.16,N,2,2022,1,0,0
26.0,53000,OWN,8.0,PERSONAL,B,16000,10.25,0,0.3,N,2,2022,0,0,0
24.0,53000,OWN,8.0,MEDICAL,A,3350,6.76,0,0.06,N,2,2022,0,0,0
22.0,29120,RENT,1.0,VENTURE,B,6800,10.59,0,0.23,N,2,2022,0,0,0
22.0,37000,RENT,6.0,PERSONAL,A,6800,7.14,0,0.18,N,2,2022,0,0,0
25.0,53000,MORTGAGE,2.0,VENTURE,B,10750,11.14,0,0.2,N,2,2022,0,0,0
25.0,53000,MORTGAGE,10.0,MEDICAL,B,16000,12.53,0,0.3,N,2,2022,0,0,0
22.0,31500,RENT,1.0,VENTURE,D,6800,14.11,1,0.22,N,2,2022,1,0,0
22.0,41196,RENT,6.0,PERSONAL,C,6800,11.59,0,0.17,Y,2,2022,0,0,0
24.0,53000,MORTGAGE,1.0,EDUCATION,D,6400,13.67,0,0.12,N,2,2022,0,0,0
23.0,46852,RENT,3.0,HOMEIMPROVEMENT,B,6800,10.65,1,0.15,N,2,2022,1,0,0
22.0,53000,MORTGAGE,0.0,DEBTCONSOLIDATION,B,4000,10.39,0,0.08,N,2,2022,0,0,0
21.0,53000,MORTGAGE,0.0,PERSONAL,D,12000,13.24,0,0.23,N,2,2022,0,0,0
25.0,53004,MORTGAGE,3.0,VENTURE,A,4800,5.42,0,0.09,N,2,2022,0,0,0
24.0,53004,MORTGAGE,1.0,DEBTCONSOLIDATION,B,2400,10.36,0,0.05,N,2,2022,0,0,0
22.0,53004,MORTGAGE,6.0,EDUCATION,C,1500,13.79,0,0.03,N,2,2022,0,0,0
23.0,55000,RENT,1.0,VENTURE,B,6800,11.49,0,0.12,N,2,2022,0,0,0
22.0,55000,RENT,2.0,EDUCATION,B,6800,11.99,0,0.12,N,2,2022,0,0,0
24.0,60000,RENT,0.0,VENTURE,A,6800,7.51,0,0.11,N,2,2022,0,0,0
25.0,70000,RENT,5.0,HOMEIMPROVEMENT,A,6800,5.42,0,0.1,N,2,2022,0,0,0
25.0,96050,RENT,9.0,MEDICAL,D,6500,14.61,1,0.06,N,2,2022,1,0,0
24.0,70000,RENT,0.0,MEDICAL,C,6425,13.72,0,0.09,N,2,2022,0,0,0
24.0,28000,RENT,3.0,VENTURE,E,6400,14.75,0,0.23,N,2,2022,0,0,0
25.0,29120,RENT,0.0,HOMEIMPROVEMENT,D,6400,16.29,1,0.22,N,2,2022,1,0,0
26.0,53595,MORTGAGE,3.0,PERSONAL,A,6000,7.88,0,0.11,N,2,2022,0,0,0
22.0,30000,RENT,0.0,HOMEIMPROVEMENT,D,6400,15.99,1,0.21,N,2,2022,1,1,0
25.0,53742,MORTGAGE,9.0,HOMEIMPROVEMENT,A,10750,5.79,0,0.2,N,2,2022,0,0,0
24.0,53800,MORTGAGE,4.0,DEBTCONSOLIDATION,B,6000,10.99,0,0.11,N,2,2022,0,0,0
22.0,53808,MORTGAGE,5.0,PERSONAL,A,6000,8.9,0,0.11,N,2,2022,0,0,0
22.0,53832,MORTGAGE,2.0,MEDICAL,C,11700,12.87,0,0.22,N,2,2022,0,0,0
21.0,53851,MORTGAGE,2.0,DEBTCONSOLIDATION,B,12000,10.0,0,0.22,N,2,2022,0,0,0
22.0,54000,MORTGAGE,6.0,MEDICAL,A,5000,6.03,0,0.09,N,2,2022,0,0,0
24.0,33000,RENT,8.0,MEDICAL,B,6400,9.99,0,0.19,N,2,2022,0,0,0
26.0,54000,MORTGAGE,10.0,EDUCATION,A,5000,6.62,0,0.09,N,2,2022,0,0,0
23.0,54000,MORTGAGE,7.0,EDUCATION,B,4800,12.42,0,0.09,N,2,2022,0,0,0
26.0,37850,RENT,1.0,PERSONAL,B,6400,9.88,0,0.17,N,2,2022,0,0,0
23.0,54000,MORTGAGE,5.0,VENTURE,B,8500,12.42,0,0.16,N,2,2022,0,0,0
24.0,39500,RENT,0.0,PERSONAL,B,6400,10.36,0,0.16,N,2,2022,0,0,0
22.0,54000,MORTGAGE,4.0,MEDICAL,B,15000,11.99,0,0.28,N,2,2022,0,0,0
26.0,48000,MORTGAGE,0.0,EDUCATION,A,15000,5.99,1,0.31,N,2,2022,1,0,0
22.0,48000,MORTGAGE,3.0,VENTURE,D,6500,15.99,1,0.14,Y,2,2022,1,0,0
23.0,50000,RENT,6.0,EDUCATION,E,6400,20.2,0,0.13,N,2,2022,0,0,0
24.0,54000,MORTGAGE,8.0,PERSONAL,A,13000,7.49,0,0.24,N,2,2022,0,0,0
23.0,50000,RENT,3.0,VENTURE,A,6400,6.91,0,0.13,N,2,2022,0,0,0
22.0,54000,MORTGAGE,4.0,EDUCATION,D,5000,15.62,0,0.09,N,2,2022,0,0,0
24.0,54000,MORTGAGE,5.0,VENTURE,A,4000,5.42,0,0.07,N,2,2022,0,0,0
23.0,54000,MORTGAGE,7.0,PERSONAL,A,2000,5.42,0,0.04,N,2,2022,0,0,0
24.0,54000,MORTGAGE,5.0,VENTURE,A,11000,5.42,0,0.2,N,2,2022,0,0,0
24.0,65000,RENT,2.0,DEBTCONSOLIDATION,B,6400,10.65,0,0.1,N,2,2022,0,0,0
23.0,54000,MORTGAGE,8.0,VENTURE,A,3000,5.42,0,0.06,N,2,2022,0,0,0
22.0,71500,RENT,2.0,EDUCATION,C,6400,13.11,0,0.09,Y,2,2022,0,0,0
22.0,72000,RENT,5.0,EDUCATION,A,6400,6.91,0,0.09,N,2,2022,0,0,0
25.0,75000,RENT,5.0,PERSONAL,D,6400,15.99,0,0.09,Y,2,2022,0,0,0
26.0,54000,MORTGAGE,10.0,HOMEIMPROVEMENT,A,7200,5.42,0,0.13,N,2,2022,0,0,0
21.0,54000,OWN,5.0,VENTURE,B,20000,10.74,0,0.37,N,2,2022,0,0,0
24.0,112000,RENT,8.0,HOMEIMPROVEMENT,A,6400,6.62,0,0.06,N,2,2022,0,0,0
23.0,48000,MORTGAGE,8.0,MEDICAL,D,1400,14.83,1,0.03,Y,2,2022,1,0,0
24.0,74000,RENT,7.0,DEBTCONSOLIDATION,E,6800,20.3,1,0.09,Y,2,2022,1,0,0
26.0,48000,MORTGAGE,11.0,MEDICAL,A,5000,7.14,1,0.1,N,2,2022,1,0,0
23.0,124000,RENT,3.0,DEBTCONSOLIDATION,A,6800,6.03,0,0.05,N,2,2022,0,0,0
26.0,37000,RENT,0.0,VENTURE,A,6825,7.49,0,0.18,N,2,2022,0,0,0
22.0,60000,RENT,1.0,EDUCATION,A,6850,7.14,0,0.11,N,2,2022,0,0,0
25.0,80266,RENT,5.0,MEDICAL,B,6875,11.86,0,0.09,N,2,2022,0,0,0
24.0,47480,RENT,8.0,MEDICAL,B,6900,9.88,0,0.15,N,2,2022,0,0,0
23.0,48000,MORTGAGE,7.0,DEBTCONSOLIDATION,D,16800,14.59,1,0.35,N,2,2022,1,0,0
23.0,54000,MORTGAGE,3.0,VENTURE,B,10000,9.88,0,0.19,N,2,2022,0,0,0
22.0,25000,RENT,0.0,MEDICAL,C,7000,12.87,0,0.28,Y,2,2022,0,0,0
23.0,26400,RENT,0.0,MEDICAL,A,7000,7.4,0,0.27,N,2,2022,0,0,0
23.0,27000,RENT,4.0,PERSONAL,C,7000,13.79,0,0.26,N,2,2022,0,0,0
21.0,27600,RENT,5.0,EDUCATION,A,7000,5.99,0,0.25,N,2,2022,0,0,0
24.0,54000,MORTGAGE,8.0,DEBTCONSOLIDATION,A,3000,7.05,0,0.06,N,2,2022,0,0,0
22.0,54000,MORTGAGE,6.0,PERSONAL,A,7000,8.94,0,0.13,N,2,2022,0,0,0
23.0,28000,RENT,4.0,EDUCATION,B,7000,10.62,0,0.25,N,2,2022,0,0,0
23.0,54000,MORTGAGE,1.0,EDUCATION,C,13650,10.99,0,0.25,Y,2,2022,0,0,1
23.0,54000,MORTGAGE,7.0,MEDICAL,A,13500,9.63,0,0.25,N,2,2022,0,0,0
23.0,28685,RENT,3.0,DEBTCONSOLIDATION,C,7000,12.73,0,0.24,N,2,2022,0,0,0
23.0,30000,RENT,0.0,VENTURE,B,7000,12.69,0,0.23,N,2,2022,0,0,0
21.0,30000,RENT,2.0,PERSONAL,B,7000,10.99,1,0.23,N,2,2022,1,0,0
21.0,54036,MORTGAGE,3.0,MEDICAL,B,8000,11.36,0,0.15,N,2,2022,0,0,0
25.0,30000,RENT,4.0,MEDICAL,A,7000,7.74,0,0.23,N,2,2022,0,0,0
22.0,30000,RENT,2.0,MEDICAL,F,7000,17.58,1,0.23,N,2,2022,1,0,0
22.0,54252,MORTGAGE,6.0,DEBTCONSOLIDATION,A,3500,6.39,0,0.06,N,2,2022,0,0,0
21.0,30600,RENT,0.0,DEBTCONSOLIDATION,A,7000,7.29,0,0.23,N,2,2022,0,1,0
26.0,31000,RENT,6.0,EDUCATION,A,7000,10.99,0,0.23,N,2,2022,0,0,1
25.0,31200,RENT,2.0,EDUCATION,A,7000,7.88,0,0.22,N,2,2022,0,0,0
21.0,32000,RENT,3.0,VENTURE,B,7000,11.49,0,0.22,N,2,2022,0,0,0
24.0,54400,MORTGAGE,8.0,HOMEIMPROVEMENT,A,3300,7.66,0,0.06,N,2,2022,0,0,0
24.0,48442,MORTGAGE,8.0,DEBTCONSOLIDATION,D,9800,15.7,1,0.2,N,2,2022,1,0,0
22.0,32340,RENT,6.0,DEBTCONSOLIDATION,A,7000,6.62,0,0.22,N,2,2022,0,0,0
24.0,32400,RENT,1.0,MEDICAL,C,7000,13.98,0,0.22,Y,2,2022,0,0,0
22.0,54566,MORTGAGE,6.0,PERSONAL,B,4000,12.53,0,0.07,N,2,2022,0,0,0
23.0,33000,RENT,0.0,EDUCATION,A,7000,6.62,0,0.21,N,2,2022,0,0,0
23.0,33000,RENT,2.0,VENTURE,A,7000,7.9,0,0.21,N,2,2022,0,0,0
26.0,54600,MORTGAGE,10.0,PERSONAL,B,4800,10.99,0,0.09,N,2,2022,0,0,1
22.0,33000,RENT,2.0,DEBTCONSOLIDATION,B,7000,10.99,0,0.21,N,2,2022,0,0,1
26.0,33996,RENT,10.0,VENTURE,A,7000,8.0,0,0.21,N,2,2022,0,0,0
23.0,34800,RENT,0.0,MEDICAL,B,7000,11.99,1,0.2,N,2,2022,1,0,0
20.0,34800,RENT,3.0,MEDICAL,C,7000,13.61,0,0.2,Y,2,2022,0,0,0
22.0,54800,OWN,7.0,EDUCATION,A,8000,10.99,0,0.15,N,2,2022,0,0,1
24.0,35000,RENT,8.0,MEDICAL,B,7000,12.69,0,0.2,N,2,2022,0,0,0
23.0,35000,RENT,5.0,DEBTCONSOLIDATION,A,7000,6.03,0,0.2,N,2,2022,0,0,0
24.0,54870,OWN,3.0,VENTURE,A,1000,8.59,0,0.02,N,2,2022,0,0,0
25.0,54900,MORTGAGE,2.0,HOMEIMPROVEMENT,B,3000,10.99,0,0.05,N,2,2022,0,0,0
24.0,35000,RENT,9.0,PERSONAL,A,7000,5.99,0,0.2,N,2,2022,0,0,0
22.0,54996,MORTGAGE,6.0,DEBTCONSOLIDATION,B,23750,12.42,0,0.44000000000000006,N,2,2022,0,0,0
21.0,29000,RENT,5.0,MEDICAL,D,7000,12.61,1,0.24,Y,2,2022,1,0,0
23.0,36000,RENT,5.0,VENTURE,B,7000,10.65,0,0.19,N,2,2022,0,0,0
23.0,54996,MORTGAGE,7.0,DEBTCONSOLIDATION,B,15000,10.99,0,0.27,N,2,2022,0,0,1
22.0,54996,MORTGAGE,3.0,EDUCATION,B,12000,9.63,0,0.22,N,2,2022,0,0,0
25.0,30000,RENT,0.0,EDUCATION,E,7000,10.99,1,0.23,Y,2,2022,1,0,1
24.0,37000,RENT,2.0,PERSONAL,B,7000,9.99,0,0.19,N,2,2022,0,0,0
25.0,48996,MORTGAGE,8.0,PERSONAL,B,5000,9.88,1,0.1,N,2,2022,1,0,0
25.0,54996,MORTGAGE,0.0,VENTURE,A,10000,8.94,0,0.18,N,2,2022,0,0,0
25.0,38400,RENT,0.0,DEBTCONSOLIDATION,B,7000,9.99,0,0.18,N,2,2022,0,0,0
23.0,38500,RENT,2.0,MEDICAL,B,7000,11.14,0,0.18,N,2,2022,0,0,0
21.0,39600,RENT,3.0,EDUCATION,D,7000,14.96,0,0.18,Y,2,2022,0,0,0
22.0,40000,RENT,0.0,DEBTCONSOLIDATION,B,7000,10.65,0,0.17,N,2,2022,0,0,0
22.0,40000,RENT,6.0,MEDICAL,A,7000,7.9,0,0.17,N,2,2022,0,0,0
22.0,55000,MORTGAGE,2.0,MEDICAL,B,20000,11.71,0,0.36,N,2,2022,0,0,0
24.0,34000,RENT,0.0,EDUCATION,E,7000,17.04,1,0.21,N,2,2022,1,0,0
23.0,55000,MORTGAGE,3.0,PERSONAL,A,7500,7.51,0,0.14,N,2,2022,0,0,0
24.0,40000,RENT,2.0,EDUCATION,C,7000,11.34,0,0.17,Y,2,2022,0,0,0
24.0,40800,RENT,0.0,MEDICAL,B,7000,11.86,0,0.17,N,2,2022,0,0,0
22.0,55000,MORTGAGE,5.0,EDUCATION,D,11100,16.77,0,0.2,N,2,2022,0,0,0
23.0,55000,MORTGAGE,7.0,MEDICAL,A,2800,10.99,0,0.05,N,2,2022,0,0,1
24.0,55000,MORTGAGE,5.0,PERSONAL,B,3100,11.71,0,0.06,N,2,2022,0,0,0
22.0,35000,RENT,2.0,MEDICAL,F,7000,18.09,1,0.2,Y,2,2022,1,0,0
24.0,41000,RENT,1.0,MEDICAL,C,7000,12.53,0,0.17,N,2,2022,0,0,0
22.0,42000,RENT,2.0,EDUCATION,C,7000,14.27,0,0.17,N,2,2022,0,0,0
26.0,42000,RENT,10.0,DEBTCONSOLIDATION,A,7000,10.99,0,0.17,N,2,2022,0,0,1
22.0,42000,RENT,6.0,DEBTCONSOLIDATION,C,7000,12.68,0,0.17,N,2,2022,0,0,0
25.0,42000,RENT,8.0,MEDICAL,A,7000,5.79,0,0.17,N,2,2022,0,0,0
26.0,36000,RENT,0.0,MEDICAL,C,7000,13.98,1,0.19,Y,2,2022,1,1,0
23.0,55000,MORTGAGE,0.0,PERSONAL,A,2000,10.99,0,0.04,N,2,2022,0,0,1
22.0,42000,RENT,4.0,MEDICAL,C,7000,13.61,0,0.17,N,2,2022,0,0,0
25.0,55000,MORTGAGE,6.0,HOMEIMPROVEMENT,B,6500,10.99,0,0.12,N,2,2022,0,0,0
21.0,55000,MORTGAGE,5.0,PERSONAL,A,12000,5.42,0,0.22,N,2,2022,0,0,0
22.0,55000,OWN,6.0,MEDICAL,B,4800,11.99,0,0.09,N,2,2022,0,0,0
23.0,55000,OWN,5.0,VENTURE,C,15000,13.49,0,0.27,N,2,2022,0,0,0
23.0,44500,RENT,2.0,EDUCATION,A,7000,8.0,0,0.16,N,2,2022,0,0,0
26.0,55000,MORTGAGE,10.0,VENTURE,A,10000,7.49,0,0.18,N,2,2022,0,0,0
21.0,49000,MORTGAGE,4.0,MEDICAL,B,2000,11.99,1,0.04,N,2,2022,1,0,0
26.0,55000,MORTGAGE,10.0,VENTURE,C,2800,13.49,0,0.05,N,2,2022,0,0,0
25.0,45000,RENT,9.0,EDUCATION,B,7000,10.99,0,0.16,N,2,2022,0,0,0
24.0,55000,OWN,4.0,VENTURE,D,9000,16.49,0,0.16,Y,2,2022,0,0,0
22.0,55000,MORTGAGE,7.0,MEDICAL,B,13500,9.67,0,0.25,N,2,2022,0,0,0
23.0,55000,MORTGAGE,7.0,DEBTCONSOLIDATION,A,3850,5.42,0,0.07,N,2,2022,0,0,0
26.0,48000,RENT,10.0,MEDICAL,B,7000,12.69,0,0.15,N,2,2022,0,0,0
26.0,48000,RENT,10.0,MEDICAL,A,7000,9.63,0,0.15,N,2,2022,0,0,0
23.0,55000,MORTGAGE,2.0,EDUCATION,B,5000,11.11,0,0.09,N,2,2022,0,0,0
22.0,55000,MORTGAGE,4.0,PERSONAL,A,5000,7.66,0,0.09,N,2,2022,0,0,0
23.0,50000,RENT,8.0,VENTURE,A,7000,10.99,0,0.14,N,2,2022,0,0,1
26.0,55000,MORTGAGE,1.0,EDUCATION,B,10000,10.0,0,0.18,N,2,2022,0,0,0
22.0,55000,OWN,6.0,EDUCATION,B,23750,10.74,0,0.44000000000000006,N,2,2022,0,0,0
25.0,55000,MORTGAGE,9.0,HOMEIMPROVEMENT,B,8500,10.99,0,0.15,N,2,2022,0,0,1
26.0,50000,RENT,2.0,VENTURE,A,7000,9.63,0,0.14,N,2,2022,0,0,0
23.0,55000,MORTGAGE,5.0,PERSONAL,A,15000,6.17,0,0.27,N,2,2022,0,0,0
21.0,44004,RENT,2.0,HOMEIMPROVEMENT,B,7000,11.46,1,0.16,N,2,2022,1,0,0
22.0,51000,RENT,6.0,VENTURE,B,7000,12.18,0,0.14,N,2,2022,0,0,0
23.0,52000,RENT,3.0,EDUCATION,B,7000,10.65,0,0.13,N,2,2022,0,0,0
25.0,52000,RENT,2.0,HOMEIMPROVEMENT,B,7000,10.59,0,0.13,N,2,2022,0,0,0
26.0,55000,MORTGAGE,0.0,DEBTCONSOLIDATION,A,10500,5.79,0,0.19,N,2,2022,0,0,0
25.0,55000,MORTGAGE,9.0,MEDICAL,A,15000,7.88,0,0.27,N,2,2022,0,0,0
22.0,54000,RENT,1.0,EDUCATION,C,7000,13.47,0,0.13,Y,2,2022,0,0,0
24.0,55000,MORTGAGE,3.0,DEBTCONSOLIDATION,B,3000,11.12,0,0.05,N,2,2022,0,0,0
21.0,55000,MORTGAGE,5.0,EDUCATION,C,10000,14.72,0,0.18,N,2,2022,0,0,0
23.0,49000,MORTGAGE,7.0,MEDICAL,D,5000,15.21,1,0.1,N,2,2022,1,0,0
24.0,55000,MORTGAGE,3.0,EDUCATION,D,7500,14.84,0,0.14,Y,2,2022,0,0,0
23.0,90000,RENT,1.0,MEDICAL,B,7000,10.65,0,0.08,N,2,2022,0,0,0
26.0,50000,RENT,1.0,DEBTCONSOLIDATION,B,7150,12.69,0,0.14,N,2,2022,0,0,0
26.0,61200,RENT,3.0,HOMEIMPROVEMENT,A,7150,6.99,0,0.12,N,2,2022,0,0,0
23.0,55000,MORTGAGE,7.0,VENTURE,C,7000,13.23,0,0.13,Y,2,2022,0,0,0
26.0,55000,MORTGAGE,10.0,MEDICAL,A,3000,6.76,0,0.05,N,2,2022,0,0,0
25.0,22000,RENT,3.0,VENTURE,A,7200,5.79,1,0.33,N,2,2022,1,0,0
24.0,23000,RENT,1.0,DEBTCONSOLIDATION,B,7200,12.69,1,0.31,N,2,2022,1,0,0
21.0,55000,MORTGAGE,0.0,PERSONAL,B,10000,10.25,0,0.18,N,2,2022,0,0,0
22.0,55000,MORTGAGE,6.0,PERSONAL,B,10000,10.62,0,0.18,N,2,2022,0,0,0
26.0,55000,OWN,10.0,VENTURE,C,14500,12.73,0,0.26,N,2,2022,0,0,0
23.0,27600,RENT,2.0,PERSONAL,B,7200,9.99,0,0.26,N,2,2022,0,0,0
22.0,30000,RENT,7.0,MEDICAL,A,7200,8.9,1,0.24,N,2,2022,1,0,0
24.0,31944,RENT,8.0,MEDICAL,C,7200,13.79,0,0.23,N,2,2022,0,0,0
22.0,55000,OWN,4.0,DEBTCONSOLIDATION,D,5000,14.61,0,0.09,Y,2,2022,0,0,0
23.0,49000,MORTGAGE,7.0,PERSONAL,G,15000,19.82,1,0.31,N,2,2022,1,0,0
23.0,55000,MORTGAGE,2.0,EDUCATION,A,7000,8.59,0,0.13,N,2,2022,0,0,0
25.0,55000,OWN,9.0,EDUCATION,C,10000,13.57,0,0.18,Y,2,2022,0,0,0
24.0,35004,RENT,6.0,MEDICAL,D,7200,10.99,0,0.21,N,2,2022,0,0,1
25.0,37000,RENT,0.0,DEBTCONSOLIDATION,C,7200,11.34,0,0.19,Y,2,2022,0,0,0
24.0,37200,RENT,8.0,EDUCATION,A,7200,7.9,0,0.19,N,2,2022,0,0,0
26.0,38400,RENT,2.0,MEDICAL,B,7200,9.91,0,0.19,N,2,2022,0,0,0
22.0,40000,RENT,6.0,EDUCATION,D,7200,17.58,0,0.18,Y,2,2022,0,0,0
26.0,55000,MORTGAGE,10.0,VENTURE,A,12500,8.94,0,0.23,N,2,2022,0,0,0
25.0,55000,MORTGAGE,1.0,DEBTCONSOLIDATION,C,2000,13.22,0,0.04,N,2,2022,0,0,0
24.0,41000,RENT,3.0,EDUCATION,B,7200,12.53,0,0.18,N,2,2022,0,0,0
23.0,42996,RENT,7.0,VENTURE,A,7200,8.0,0,0.17,N,2,2022,0,0,0
24.0,55000,MORTGAGE,2.0,HOMEIMPROVEMENT,A,8000,8.0,0,0.15,N,2,2022,0,0,0
24.0,55000,MORTGAGE,2.0,VENTURE,A,6000,8.0,0,0.11,N,2,2022,0,0,0
26.0,55000,MORTGAGE,2.0,HOMEIMPROVEMENT,B,8500,12.21,0,0.15,N,2,2022,0,0,0
23.0,48000,RENT,7.0,PERSONAL,B,7200,11.71,0,0.15,N,2,2022,0,0,0
22.0,48000,RENT,7.0,PERSONAL,B,7200,12.69,0,0.15,N,2,2022,0,0,0
22.0,49000,MORTGAGE,6.0,EDUCATION,A,10000,8.0,1,0.2,N,2,2022,1,0,0
24.0,55000,MORTGAGE,4.0,DEBTCONSOLIDATION,C,1600,13.79,0,0.03,N,2,2022,0,0,0
23.0,55000,OTHER,5.0,VENTURE,A,4000,9.32,0,0.07,N,2,2022,0,0,0
24.0,50000,RENT,0.0,VENTURE,B,7200,11.71,0,0.14,N,2,2022,0,0,0
25.0,50000,RENT,2.0,PERSONAL,A,7200,8.49,0,0.14,N,2,2022,0,0,0
24.0,54600,RENT,2.0,EDUCATION,C,7200,12.53,0,0.13,N,2,2022,0,0,0
23.0,55004,MORTGAGE,4.0,EDUCATION,D,9600,14.74,0,0.17,Y,2,2022,0,0,0
22.0,54996,RENT,5.0,DEBTCONSOLIDATION,A,7200,7.66,0,0.13,N,2,2022,0,0,0
25.0,55000,RENT,1.0,MEDICAL,A,7200,7.9,0,0.13,N,2,2022,0,0,0
25.0,49700,RENT,2.0,PERSONAL,B,7200,10.38,1,0.14,N,2,2022,1,0,0
23.0,50000,RENT,7.0,MEDICAL,D,7200,17.58,1,0.14,Y,2,2022,1,0,0
24.0,55152,MORTGAGE,8.0,PERSONAL,B,16000,11.49,0,0.29,N,2,2022,0,0,0
24.0,60000,RENT,2.0,VENTURE,A,7200,8.49,0,0.12,N,2,2022,0,0,0
25.0,55200,MORTGAGE,5.0,EDUCATION,B,4225,12.42,0,0.08,N,2,2022,0,0,0
26.0,60000,RENT,0.0,VENTURE,B,7200,11.14,0,0.12,N,2,2022,0,0,0
22.0,49200,MORTGAGE,6.0,MEDICAL,C,6500,12.68,1,0.13,Y,2,2022,1,0,0
21.0,55200,MORTGAGE,5.0,VENTURE,A,8900,6.17,0,0.16,N,2,2022,0,0,0
24.0,49200,MORTGAGE,8.0,MEDICAL,E,2500,10.99,1,0.05,N,2,2022,1,0,1
21.0,60675,RENT,5.0,PERSONAL,C,7200,14.72,0,0.12,Y,2,2022,0,0,0
23.0,68400,RENT,7.0,EDUCATION,C,7200,14.72,0,0.11,N,2,2022,0,0,0
22.0,55500,MORTGAGE,6.0,MEDICAL,A,3000,7.37,0,0.05,N,2,2022,0,0,0
23.0,49530,MORTGAGE,7.0,DEBTCONSOLIDATION,D,16000,14.54,1,0.32,Y,2,2022,1,0,0
23.0,80000,RENT,3.0,DEBTCONSOLIDATION,A,7200,8.9,0,0.09,N,2,2022,0,0,0
21.0,84000,RENT,5.0,VENTURE,A,7200,8.49,0,0.09,N,2,2022,0,0,0
24.0,55600,MORTGAGE,2.0,HOMEIMPROVEMENT,C,11700,13.57,0,0.21,Y,2,2022,0,0,0
24.0,55605,MORTGAGE,8.0,MEDICAL,B,6500,10.99,0,0.12,N,2,2022,0,0,0
25.0,55800,MORTGAGE,1.0,PERSONAL,B,4000,10.75,0,0.07,N,2,2022,0,0,0
23.0,55812,MORTGAGE,4.0,MEDICAL,B,21825,11.36,0,0.39,N,2,2022,0,0,0
26.0,90000,RENT,1.0,DEBTCONSOLIDATION,B,7200,9.91,0,0.08,N,2,2022,0,0,0
23.0,49980,MORTGAGE,7.0,MEDICAL,B,4800,10.37,1,0.1,N,2,2022,1,0,0
23.0,93000,RENT,1.0,DEBTCONSOLIDATION,A,7200,6.92,0,0.08,N,2,2022,0,0,0
26.0,56000,MORTGAGE,9.0,HOMEIMPROVEMENT,B,10000,12.42,0,0.18,N,2,2022,0,0,0
23.0,56000,MORTGAGE,7.0,VENTURE,A,7200,6.03,0,0.13,N,2,2022,0,0,0
25.0,141500,RENT,9.0,MEDICAL,A,7200,10.99,0,0.05,N,2,2022,0,0,1
24.0,80000,RENT,6.0,VENTURE,A,7250,5.42,0,0.09,N,2,2022,0,0,0
22.0,56000,MORTGAGE,4.0,MEDICAL,B,9000,10.59,0,0.16,N,2,2022,0,0,0
23.0,38000,RENT,1.0,MEDICAL,A,7300,10.99,0,0.19,N,2,2022,0,0,1
24.0,56000,MORTGAGE,3.0,EDUCATION,A,15000,8.49,0,0.27,N,2,2022,0,0,0
22.0,45999,RENT,1.0,VENTURE,A,7300,7.88,0,0.16,N,2,2022,0,0,0
24.0,56000,MORTGAGE,2.0,EDUCATION,C,5250,12.87,0,0.09,N,2,2022,0,0,0
24.0,56000,MORTGAGE,5.0,MEDICAL,A,17400,5.99,0,0.31,N,2,2022,0,0,0
23.0,56000,MORTGAGE,4.0,VENTURE,A,6000,5.99,0,0.11,N,2,2022,0,0,0
24.0,12480,RENT,1.0,VENTURE,A,7350,6.92,1,0.44000000000000006,N,2,2022,1,0,0
25.0,57996,RENT,5.0,EDUCATION,B,7400,10.36,0,0.13,N,2,2022,0,0,0
25.0,62000,RENT,0.0,DEBTCONSOLIDATION,A,7400,6.99,0,0.12,N,2,2022,0,0,0
26.0,56000,MORTGAGE,10.0,EDUCATION,C,15000,14.35,0,0.27,N,2,2022,0,0,0
22.0,34359,RENT,6.0,EDUCATION,A,7475,9.63,0,0.22,N,2,2022,0,0,0
24.0,56000,OWN,8.0,EDUCATION,B,2000,11.49,0,0.04,N,2,2022,0,0,0
22.0,56000,MORTGAGE,6.0,PERSONAL,A,4750,7.14,0,0.08,N,2,2022,0,0,0
22.0,56000,MORTGAGE,5.0,MEDICAL,B,12000,10.99,0,0.21,N,2,2022,0,0,0
25.0,21500,RENT,2.0,MEDICAL,C,7500,11.34,1,0.35,N,2,2022,1,0,0
24.0,23196,RENT,1.0,EDUCATION,D,7500,13.24,1,0.32,N,2,2022,1,0,0
26.0,26000,RENT,2.0,PERSONAL,B,7500,12.18,0,0.29,N,2,2022,0,0,0
23.0,56000,MORTGAGE,7.0,PERSONAL,F,13750,18.43,0,0.25,N,2,2022,0,0,0
24.0,30000,RENT,8.0,EDUCATION,A,7500,5.79,0,0.25,N,2,2022,0,0,0
22.0,31875,RENT,3.0,EDUCATION,C,7500,13.11,0,0.24,N,2,2022,0,0,0
22.0,34404,RENT,2.0,HOMEIMPROVEMENT,D,7500,15.05,1,0.22,N,2,2022,1,0,0
25.0,35000,RENT,2.0,DEBTCONSOLIDATION,B,7500,10.99,0,0.21,N,2,2022,0,0,0
21.0,29004,RENT,0.0,MEDICAL,D,7500,10.99,1,0.26,Y,2,2022,1,0,1
24.0,50160,MORTGAGE,2.0,EDUCATION,D,6000,15.62,1,0.12,N,2,2022,1,0,0
23.0,56160,MORTGAGE,2.0,PERSONAL,B,3050,10.59,0,0.05,N,2,2022,0,0,0
22.0,56368,MORTGAGE,5.0,EDUCATION,C,6000,12.99,0,0.11,N,2,2022,0,0,0
21.0,56400,OWN,5.0,VENTURE,A,5000,6.54,0,0.09,N,2,2022,0,0,0
26.0,38400,RENT,10.0,MEDICAL,D,7500,17.58,0,0.2,N,2,2022,0,0,0
22.0,32400,RENT,6.0,VENTURE,C,7500,14.27,1,0.23,N,2,2022,1,0,0
23.0,56500,MORTGAGE,7.0,MEDICAL,A,9800,10.99,0,0.17,N,2,2022,0,0,1
23.0,39975,RENT,0.0,PERSONAL,C,7500,10.99,0,0.19,Y,2,2022,0,0,1
23.0,40000,RENT,7.0,VENTURE,B,7500,12.69,0,0.19,N,2,2022,0,0,0
24.0,56533,MORTGAGE,0.0,HOMEIMPROVEMENT,B,20000,11.11,0,0.35,N,2,2022,0,1,0
23.0,56600,OWN,3.0,MEDICAL,B,12000,10.38,0,0.21,N,2,2022,0,0,0
22.0,56650,MORTGAGE,2.0,MEDICAL,B,6500,10.65,0,0.11,N,2,2022,0,0,0
25.0,56655,MORTGAGE,9.0,VENTURE,C,20000,13.61,0,0.35,N,2,2022,0,0,0
23.0,56700,MORTGAGE,7.0,EDUCATION,A,12000,5.42,0,0.21,N,2,2022,0,0,0
22.0,40906,RENT,4.0,VENTURE,B,7500,9.63,0,0.18,N,2,2022,0,0,0
22.0,57000,MORTGAGE,4.0,EDUCATION,A,12875,7.9,0,0.23,N,2,2022,0,0,0
23.0,36000,RENT,1.0,PERSONAL,D,7500,12.61,1,0.21,Y,2,2022,1,0,0
22.0,42500,RENT,0.0,EDUCATION,A,7500,7.9,0,0.18,N,2,2022,0,0,0
21.0,37260,RENT,1.0,HOMEIMPROVEMENT,D,7500,14.84,1,0.2,Y,2,2022,1,0,0
25.0,57000,MORTGAGE,5.0,PERSONAL,A,13000,8.9,0,0.23,N,2,2022,0,0,0
22.0,57000,MORTGAGE,6.0,VENTURE,B,7200,10.99,0,0.13,N,2,2022,0,0,1
25.0,51000,MORTGAGE,9.0,DEBTCONSOLIDATION,D,5500,16.77,1,0.11,Y,2,2022,1,0,0
25.0,39000,RENT,9.0,MEDICAL,D,7500,15.62,1,0.19,Y,2,2022,1,0,0
21.0,57000,MORTGAGE,5.0,VENTURE,C,14400,10.99,0,0.25,Y,2,2022,0,0,1
24.0,57000,MORTGAGE,8.0,HOMEIMPROVEMENT,B,19725,9.99,0,0.35,N,2,2022,0,0,0
26.0,57000,MORTGAGE,4.0,EDUCATION,C,12000,13.49,0,0.21,Y,2,2022,0,0,0
23.0,57000,MORTGAGE,0.0,VENTURE,B,20000,11.99,0,0.35,N,2,2022,0,0,0
21.0,47500,RENT,2.0,DEBTCONSOLIDATION,B,7500,10.99,0,0.16,N,2,2022,0,0,0
22.0,42000,RENT,7.0,DEBTCONSOLIDATION,E,7500,17.04,1,0.18,N,2,2022,1,0,0
23.0,57000,MORTGAGE,5.0,VENTURE,B,18000,11.11,0,0.32,N,2,2022,0,0,0
23.0,57000,MORTGAGE,6.0,PERSONAL,A,7000,10.99,0,0.12,N,2,2022,0,0,1
25.0,50000,RENT,3.0,PERSONAL,B,7500,10.99,0,0.15,N,2,2022,0,0,0
22.0,57000,MORTGAGE,5.0,PERSONAL,B,7500,10.25,0,0.13,N,2,2022,0,0,0
22.0,51000,RENT,6.0,PERSONAL,A,7500,5.99,0,0.15,N,2,2022,0,0,0
23.0,52000,RENT,7.0,VENTURE,B,7500,10.38,0,0.14,N,2,2022,0,0,0
22.0,55000,RENT,6.0,DEBTCONSOLIDATION,A,7500,6.03,0,0.14,N,2,2022,0,0,0
21.0,55000,RENT,1.0,EDUCATION,A,7500,7.88,0,0.14,N,2,2022,0,0,0
24.0,55000,RENT,1.0,HOMEIMPROVEMENT,B,7500,12.53,0,0.14,N,2,2022,0,0,0
22.0,57000,MORTGAGE,6.0,EDUCATION,B,23750,9.01,0,0.44,N,2,2022,0,0,0
26.0,57006,MORTGAGE,10.0,DEBTCONSOLIDATION,A,6000,6.17,0,0.11,N,2,2022,0,0,0
23.0,59000,RENT,7.0,EDUCATION,A,7500,6.54,0,0.13,N,2,2022,0,0,0
21.0,57200,MORTGAGE,5.0,DEBTCONSOLIDATION,A,8000,6.03,0,0.14,N,2,2022,0,0,0
25.0,57200,MORTGAGE,1.0,EDUCATION,A,2400,7.49,0,0.04,N,2,2022,0,0,0
22.0,57200,MORTGAGE,4.0,EDUCATION,A,7000,7.51,0,0.12,N,2,2022,0,0,0
25.0,60000,RENT,6.0,MEDICAL,C,7500,14.27,0,0.13,Y,2,2022,0,0,0
23.0,60000,RENT,4.0,PERSONAL,A,7500,7.66,0,0.13,N,2,2022,0,0,0
25.0,57400,MORTGAGE,9.0,DEBTCONSOLIDATION,A,8475,6.99,0,0.15,N,2,2022,0,0,0
23.0,57468,MORTGAGE,8.0,EDUCATION,B,14075,9.91,0,0.24,N,2,2022,0,0,0
23.0,60000,RENT,8.0,VENTURE,A,7500,9.07,0,0.13,N,2,2022,0,0,0
21.0,61000,RENT,3.0,EDUCATION,B,7500,10.39,0,0.12,N,2,2022,0,0,0
25.0,51500,OTHER,1.0,MEDICAL,D,13000,16.07,1,0.25,N,2,2022,1,0,0
26.0,66000,RENT,2.0,EDUCATION,A,7500,6.62,0,0.11,N,2,2022,0,0,0
23.0,57504,MORTGAGE,7.0,PERSONAL,A,10000,8.59,0,0.17,N,2,2022,0,0,0
22.0,67500,RENT,1.0,VENTURE,B,7500,9.76,0,0.11,N,2,2022,0,0,0
24.0,68000,RENT,0.0,PERSONAL,B,7500,11.99,0,0.11,N,2,2022,0,0,0
24.0,57600,MORTGAGE,9.0,VENTURE,B,6500,10.99,0,0.11,N,2,2022,0,0,1
24.0,69996,RENT,5.0,VENTURE,A,7500,7.49,0,0.11,N,2,2022,0,0,0
22.0,57600,MORTGAGE,1.0,PERSONAL,B,6000,10.0,0,0.1,N,2,2022,0,0,0
22.0,57600,MORTGAGE,2.0,DEBTCONSOLIDATION,C,4000,10.99,0,0.07,Y,2,2022,0,0,1
23.0,57600,MORTGAGE,6.0,DEBTCONSOLIDATION,A,4000,5.42,0,0.07,N,2,2022,0,0,0
23.0,75000,RENT,4.0,EDUCATION,B,7500,11.83,0,0.1,N,2,2022,0,0,0
23.0,57600,MORTGAGE,0.0,VENTURE,B,1000,10.99,0,0.02,N,2,2022,0,0,1
21.0,57700,MORTGAGE,5.0,VENTURE,B,13500,9.91,0,0.23,N,2,2022,0,0,0
23.0,57744,MORTGAGE,7.0,PERSONAL,B,2500,10.37,0,0.04,N,2,2022,0,0,0
23.0,87000,RENT,1.0,DEBTCONSOLIDATION,B,7500,10.33,0,0.09,N,2,2022,0,0,0
22.0,66300,RENT,3.0,MEDICAL,D,7500,14.96,1,0.1,N,2,2022,1,0,0
23.0,57850,MORTGAGE,8.0,EDUCATION,B,4000,10.99,0,0.07,N,2,2022,0,0,0
22.0,57900,MORTGAGE,3.0,EDUCATION,A,4850,8.49,0,0.08,N,2,2022,0,0,0
23.0,57996,MORTGAGE,5.0,EDUCATION,A,8800,7.51,0,0.15,N,2,2022,0,0,0
23.0,57996,MORTGAGE,7.0,DEBTCONSOLIDATION,A,7200,10.99,0,0.12,N,2,2022,0,0,1
26.0,141500,RENT,0.0,EDUCATION,A,7500,8.0,0,0.03,N,2,2022,0,0,0
26.0,50000,RENT,3.0,EDUCATION,B,7525,11.49,0,0.15,N,2,2022,0,0,0
22.0,70000,RENT,4.0,VENTURE,A,7550,7.51,0,0.11,N,2,2022,0,0,0
24.0,76554,RENT,8.0,HOMEIMPROVEMENT,D,7600,12.61,0,0.1,N,2,2022,0,0,0
22.0,23400,RENT,0.0,EDUCATION,A,7700,5.99,1,0.33,N,2,2022,1,1,0
22.0,58000,OWN,6.0,EDUCATION,D,10000,14.83,0,0.17,N,2,2022,0,0,0
21.0,26000,RENT,2.0,MEDICAL,E,7750,16.7,1,0.3,Y,2,2022,1,0,0
26.0,58000,MORTGAGE,10.0,VENTURE,B,5000,10.62,0,0.09,N,2,2022,0,0,0
23.0,58000,MORTGAGE,3.0,DEBTCONSOLIDATION,A,5000,7.14,0,0.09,N,2,2022,0,0,0
24.0,30000,RENT,6.0,EDUCATION,E,7750,10.99,0,0.26,Y,2,2022,0,0,1
24.0,33000,RENT,2.0,VENTURE,F,7750,10.99,1,0.23,N,2,2022,1,0,1
25.0,58000,MORTGAGE,9.0,MEDICAL,B,10400,12.18,0,0.18,N,2,2022,0,0,0
23.0,52000,MORTGAGE,7.0,PERSONAL,B,5000,11.48,1,0.1,N,2,2022,1,0,0
22.0,48000,RENT,1.0,PERSONAL,A,7750,7.74,0,0.16,N,2,2022,0,0,0
24.0,58000,MORTGAGE,0.0,HOMEIMPROVEMENT,A,3500,7.68,0,0.06,N,2,2022,0,0,0
23.0,33000,RENT,0.0,PERSONAL,B,7800,10.95,1,0.24,N,2,2022,1,0,0
22.0,58000,OWN,5.0,EDUCATION,C,4500,13.16,0,0.08,N,2,2022,0,0,0
21.0,34000,RENT,5.0,DEBTCONSOLIDATION,C,7800,13.79,1,0.23,N,2,2022,1,0,0
26.0,36000,RENT,3.0,VENTURE,C,7800,14.27,0,0.22,N,2,2022,0,0,0
24.0,40000,RENT,1.0,MEDICAL,A,7800,10.99,0,0.2,N,2,2022,0,0,1
22.0,52000,MORTGAGE,6.0,EDUCATION,D,10000,13.87,1,0.19,Y,2,2022,1,0,0
26.0,43000,RENT,5.0,MEDICAL,A,7800,7.88,0,0.18,N,2,2022,0,0,0
26.0,58125,MORTGAGE,10.0,VENTURE,B,6000,10.25,0,0.1,N,2,2022,0,0,0
24.0,49000,RENT,2.0,VENTURE,D,7800,15.62,1,0.16,N,2,2022,1,0,0
25.0,59000,RENT,2.0,VENTURE,B,7800,12.21,0,0.13,N,2,2022,0,0,0
22.0,58200,MORTGAGE,1.0,EDUCATION,C,10000,12.53,0,0.17,N,2,2022,0,0,0
23.0,58200,MORTGAGE,2.0,DEBTCONSOLIDATION,B,13000,10.99,0,0.22,N,2,2022,0,0,1
23.0,80000,RENT,2.0,VENTURE,B,7800,9.99,0,0.1,N,2,2022,0,0,0
21.0,100000,RENT,1.0,DEBTCONSOLIDATION,A,7800,7.88,0,0.08,N,2,2022,0,0,0
24.0,26000,RENT,3.0,MEDICAL,B,7850,9.96,0,0.3,N,2,2022,0,0,0
22.0,32000,RENT,0.0,PERSONAL,D,7875,14.91,1,0.25,N,2,2022,1,0,0
23.0,58500,MORTGAGE,6.0,MEDICAL,A,4000,8.0,0,0.07,N,2,2022,0,0,0
22.0,28000,RENT,7.0,VENTURE,B,7900,9.99,0,0.28,N,2,2022,0,0,0
24.0,16000,RENT,0.0,HOMEIMPROVEMENT,C,8000,13.57,1,0.44000000000000006,N,2,2022,1,0,0
21.0,58800,MORTGAGE,5.0,EDUCATION,D,23750,14.09,0,0.43,N,2,2022,0,0,0
22.0,59000,MORTGAGE,5.0,MEDICAL,A,6000,10.99,0,0.1,N,2,2022,0,0,1
23.0,59000,MORTGAGE,7.0,PERSONAL,A,3600,7.51,0,0.06,N,2,2022,0,0,0
22.0,21000,RENT,7.0,EDUCATION,D,8000,16.77,1,0.38,Y,2,2022,1,0,0
23.0,59000,MORTGAGE,7.0,VENTURE,A,2000,5.42,0,0.03,N,2,2022,0,0,0
26.0,59000,MORTGAGE,0.0,VENTURE,A,7800,6.99,0,0.13,N,2,2022,0,1,0
21.0,53000,MORTGAGE,4.0,PERSONAL,A,14400,7.49,1,0.27,N,2,2022,1,0,0
25.0,21996,RENT,3.0,HOMEIMPROVEMENT,C,8000,13.98,1,0.36,Y,2,2022,1,0,0
24.0,22100,RENT,4.0,EDUCATION,C,8000,13.23,1,0.36,N,2,2022,1,0,0
25.0,23000,RENT,0.0,HOMEIMPROVEMENT,D,8000,14.46,1,0.35,Y,2,2022,1,1,0
22.0,23400,RENT,2.0,MEDICAL,A,8000,8.59,1,0.34,N,2,2022,1,0,0
22.0,24000,RENT,0.0,EDUCATION,A,8000,10.99,1,0.33,N,2,2022,1,0,1
25.0,59000,OWN,6.0,HOMEIMPROVEMENT,A,5000,6.17,0,0.08,N,2,2022,0,0,0
23.0,24000,RENT,7.0,PERSONAL,A,8000,7.29,1,0.33,N,2,2022,1,0,0
26.0,59000,MORTGAGE,4.0,EDUCATION,B,3500,10.99,0,0.06,N,2,2022,0,0,0
23.0,59000,MORTGAGE,0.0,EDUCATION,B,21600,11.89,0,0.37,N,2,2022,0,0,0
22.0,25000,RENT,6.0,EDUCATION,B,8000,11.36,1,0.32,N,2,2022,1,0,0
26.0,59000,MORTGAGE,7.0,HOMEIMPROVEMENT,B,500,9.76,0,0.01,N,2,2022,0,0,0
26.0,59020,MORTGAGE,10.0,PERSONAL,B,7000,10.0,0,0.12,N,2,2022,0,0,0
25.0,59400,MORTGAGE,9.0,EDUCATION,C,18500,12.73,0,0.31,N,2,2022,0,0,0
24.0,59500,MORTGAGE,0.0,EDUCATION,B,4200,10.59,0,0.07,N,2,2022,0,0,0
21.0,28000,RENT,3.0,EDUCATION,B,8000,10.99,1,0.29,N,2,2022,1,0,0
25.0,59650,MORTGAGE,9.0,PERSONAL,C,10000,13.61,0,0.17,Y,2,2022,0,0,0
24.0,28590,RENT,7.0,MEDICAL,D,8000,15.65,0,0.28,Y,2,2022,0,0,0
26.0,59760,MORTGAGE,0.0,HOMEIMPROVEMENT,B,6000,9.99,0,0.1,N,2,2022,0,1,0
22.0,53774,MORTGAGE,6.0,DEBTCONSOLIDATION,E,8600,19.42,1,0.16,N,2,2022,1,0,0
22.0,28800,RENT,6.0,EDUCATION,B,8000,11.49,0,0.28,N,2,2022,0,0,0
25.0,59796,MORTGAGE,4.0,HOMEIMPROVEMENT,B,7000,9.63,0,0.12,N,2,2022,0,0,0
22.0,28800,RENT,0.0,MEDICAL,C,8000,13.72,0,0.28,Y,2,2022,0,0,0
24.0,28800,RENT,5.0,MEDICAL,A,8000,10.99,0,0.28,N,2,2022,0,0,1
23.0,53950,MORTGAGE,8.0,EDUCATION,E,15000,16.63,1,0.28,Y,2,2022,1,0,0
21.0,28800,RENT,5.0,MEDICAL,B,8000,9.88,0,0.28,N,2,2022,0,0,0
23.0,30000,RENT,2.0,EDUCATION,B,8000,12.42,0,0.27,N,2,2022,0,0,0
26.0,30000,RENT,0.0,EDUCATION,B,8000,9.91,1,0.27,N,2,2022,1,0,0
24.0,30000,RENT,3.0,MEDICAL,E,8000,10.99,0,0.27,Y,2,2022,0,0,1
23.0,30000,RENT,0.0,MEDICAL,C,8000,13.49,0,0.27,Y,2,2022,0,0,0
26.0,30000,RENT,5.0,PERSONAL,C,8000,12.99,0,0.27,N,2,2022,0,0,0
26.0,60000,MORTGAGE,9.0,PERSONAL,C,7200,13.49,0,0.12,N,2,2022,0,0,0
24.0,30000,RENT,8.0,PERSONAL,B,8000,9.25,0,0.27,N,2,2022,0,0,0
26.0,30000,RENT,4.0,MEDICAL,C,8000,13.98,0,0.27,N,2,2022,0,0,0
24.0,30000,RENT,5.0,VENTURE,C,8000,14.26,0,0.27,Y,2,2022,0,0,0
22.0,30000,RENT,3.0,VENTURE,B,8000,12.53,0,0.27,N,2,2022,0,0,0
23.0,30000,RENT,4.0,MEDICAL,B,8000,12.18,0,0.27,N,2,2022,0,0,0
21.0,30000,RENT,5.0,EDUCATION,B,8000,10.99,0,0.27,N,2,2022,0,0,1
23.0,30188,RENT,3.0,PERSONAL,C,8000,14.65,0,0.27,N,2,2022,0,0,0
22.0,30996,RENT,2.0,DEBTCONSOLIDATION,B,8000,11.49,0,0.26,N,2,2022,0,0,0
26.0,60000,MORTGAGE,10.0,VENTURE,B,20000,12.69,0,0.33,N,2,2022,0,0,0
24.0,31200,RENT,7.0,MEDICAL,B,8000,11.49,0,0.26,N,2,2022,0,0,0
23.0,54000,MORTGAGE,7.0,EDUCATION,B,21200,12.42,1,0.39,N,2,2022,1,0,0
26.0,60000,MORTGAGE,8.0,HOMEIMPROVEMENT,B,12000,10.65,0,0.2,N,2,2022,0,0,0
22.0,32400,RENT,6.0,EDUCATION,A,8000,7.9,0,0.25,N,2,2022,0,0,0
24.0,54000,MORTGAGE,6.0,HOMEIMPROVEMENT,C,6300,14.65,1,0.12,Y,2,2022,1,0,0
24.0,60000,MORTGAGE,8.0,EDUCATION,B,7000,11.71,0,0.12,N,2,2022,0,0,0
24.0,29000,RENT,4.0,HOMEIMPROVEMENT,B,8000,12.42,1,0.28,N,2,2022,1,0,0
23.0,60000,MORTGAGE,3.0,PERSONAL,B,12000,10.65,0,0.2,N,2,2022,0,0,0
23.0,60000,MORTGAGE,0.0,PERSONAL,A,8000,7.51,0,0.13,N,2,2022,0,0,0
24.0,35000,RENT,8.0,EDUCATION,A,8000,6.03,0,0.23,N,2,2022,0,0,0
22.0,35000,RENT,5.0,EDUCATION,A,8000,7.29,0,0.23,N,2,2022,0,0,0
23.0,29000,RENT,0.0,VENTURE,F,8000,18.3,1,0.28,N,2,2022,1,0,0
26.0,60000,MORTGAGE,10.0,PERSONAL,D,8000,16.77,0,0.13,N,2,2022,0,0,0
25.0,60000,MORTGAGE,4.0,VENTURE,A,14000,7.9,0,0.23,N,2,2022,0,0,0
25.0,60000,MORTGAGE,6.0,HOMEIMPROVEMENT,B,4000,12.69,0,0.07,N,2,2022,0,0,0
24.0,60000,MORTGAGE,6.0,DEBTCONSOLIDATION,A,10000,8.9,0,0.17,N,2,2022,0,0,0
22.0,60000,MORTGAGE,6.0,EDUCATION,B,3950,10.65,0,0.07,N,2,2022,0,0,0
22.0,60000,MORTGAGE,3.0,VENTURE,A,5000,7.9,0,0.08,N,2,2022,0,0,0
26.0,60000,MORTGAGE,7.0,EDUCATION,A,16000,7.9,0,0.27,N,2,2022,0,0,0
23.0,36000,RENT,0.0,EDUCATION,A,8000,7.51,0,0.22,N,2,2022,0,0,0
24.0,60000,MORTGAGE,8.0,EDUCATION,B,3000,10.65,0,0.05,N,2,2022,0,0,0
23.0,36000,RENT,5.0,VENTURE,B,8000,10.99,0,0.22,N,2,2022,0,0,1
21.0,30000,RENT,3.0,VENTURE,E,8000,16.45,1,0.27,Y,2,2022,1,0,0
24.0,60000,MORTGAGE,9.0,HOMEIMPROVEMENT,B,1500,12.42,0,0.03,N,2,2022,0,0,0
22.0,36000,RENT,4.0,EDUCATION,D,8000,15.33,0,0.22,N,2,2022,0,0,0
24.0,60000,MORTGAGE,2.0,DEBTCONSOLIDATION,B,10000,11.71,0,0.17,N,2,2022,0,0,0
25.0,60000,MORTGAGE,1.0,HOMEIMPROVEMENT,C,5000,15.27,0,0.08,Y,2,2022,0,0,0
26.0,36903,RENT,3.0,DEBTCONSOLIDATION,B,8000,12.21,0,0.22,N,2,2022,0,0,0
25.0,60000,MORTGAGE,4.0,MEDICAL,A,8650,7.51,0,0.14,N,2,2022,0,0,0
22.0,37000,RENT,0.0,EDUCATION,A,8000,8.94,0,0.22,N,2,2022,0,0,0
23.0,37440,RENT,8.0,EDUCATION,E,8000,14.18,0,0.21,N,2,2022,0,0,0
24.0,37648,RENT,0.0,MEDICAL,A,8000,7.29,0,0.21,N,2,2022,0,0,0
22.0,60000,OWN,6.0,MEDICAL,B,1000,10.99,0,0.02,N,2,2022,0,0,0
22.0,60000,OWN,7.0,VENTURE,D,15000,16.49,0,0.25,Y,2,2022,0,0,0
24.0,37876,RENT,4.0,MEDICAL,B,8000,9.63,0,0.21,N,2,2022,0,0,0
22.0,60000,MORTGAGE,6.0,DEBTCONSOLIDATION,C,18000,12.99,0,0.3,N,2,2022,0,0,0
24.0,38000,RENT,8.0,MEDICAL,B,8000,11.49,0,0.21,N,2,2022,0,0,0
25.0,60000,MORTGAGE,10.0,DEBTCONSOLIDATION,B,10000,11.49,0,0.17,N,2,2022,0,0,0
23.0,38000,RENT,0.0,MEDICAL,A,8000,6.17,0,0.21,N,2,2022,0,0,0
26.0,39000,RENT,2.0,DEBTCONSOLIDATION,A,8000,6.62,0,0.21,N,2,2022,0,0,0
23.0,60000,MORTGAGE,6.0,EDUCATION,C,8000,13.49,0,0.13,Y,2,2022,0,0,0
26.0,54000,MORTGAGE,11.0,DEBTCONSOLIDATION,B,4800,11.49,1,0.09,N,2,2022,1,0,0
22.0,60000,MORTGAGE,2.0,EDUCATION,B,3500,9.99,0,0.06,N,2,2022,0,0,0
24.0,60000,MORTGAGE,8.0,MEDICAL,A,17000,7.49,0,0.28,N,2,2022,0,0,0
22.0,60000,MORTGAGE,2.0,PERSONAL,A,5200,5.99,0,0.09,N,2,2022,0,0,0
25.0,40000,RENT,9.0,DEBTCONSOLIDATION,B,8000,12.42,0,0.2,N,2,2022,0,0,0
26.0,60000,MORTGAGE,6.0,HOMEIMPROVEMENT,B,5000,9.99,0,0.08,N,2,2022,0,0,0
22.0,40000,RENT,2.0,EDUCATION,C,8000,12.99,0,0.2,N,2,2022,0,0,0
23.0,60000,MORTGAGE,0.0,EDUCATION,B,5600,10.99,0,0.09,N,2,2022,0,1,0
21.0,40000,RENT,2.0,DEBTCONSOLIDATION,B,8000,9.63,0,0.2,N,2,2022,0,0,0
24.0,40000,RENT,2.0,PERSONAL,A,8000,6.17,0,0.2,N,2,2022,0,0,0
24.0,60000,OWN,1.0,VENTURE,D,15000,16.89,0,0.25,Y,2,2022,0,0,0
24.0,60000,MORTGAGE,3.0,EDUCATION,A,4000,5.42,0,0.07,N,2,2022,0,0,0
24.0,40560,RENT,5.0,VENTURE,A,8000,7.66,0,0.2,N,2,2022,0,0,0
26.0,35000,RENT,0.0,DEBTCONSOLIDATION,D,8000,15.31,1,0.23,Y,2,2022,1,0,0
22.0,60000,MORTGAGE,0.0,EDUCATION,A,10000,5.99,0,0.17,N,2,2022,0,1,0
25.0,60000,MORTGAGE,2.0,MEDICAL,B,12500,11.49,0,0.21,N,2,2022,0,0,0
24.0,60000,MORTGAGE,8.0,PERSONAL,C,9600,12.99,0,0.16,N,2,2022,0,0,0
23.0,60000,MORTGAGE,7.0,MEDICAL,C,5000,12.99,0,0.08,N,2,2022,0,0,0
23.0,36000,RENT,2.0,MEDICAL,A,8000,7.51,1,0.22,N,2,2022,1,0,0
21.0,60000,MORTGAGE,5.0,DEBTCONSOLIDATION,A,10000,5.99,0,0.17,N,2,2022,0,0,0
25.0,54000,MORTGAGE,0.0,DEBTCONSOLIDATION,D,10000,16.89,1,0.19,Y,2,2022,1,1,0
25.0,42000,RENT,1.0,VENTURE,A,8000,5.99,0,0.19,N,2,2022,0,0,0
22.0,60000,MORTGAGE,2.0,MEDICAL,A,10000,10.99,0,0.17,N,2,2022,0,0,1
25.0,36000,RENT,9.0,PERSONAL,C,8000,12.73,1,0.22,Y,2,2022,1,0,0
23.0,60000,MORTGAGE,7.0,PERSONAL,C,2000,15.23,0,0.03,Y,2,2022,0,0,0
24.0,36000,RENT,2.0,VENTURE,D,8000,14.96,1,0.22,Y,2,2022,1,0,0
23.0,42996,RENT,3.0,PERSONAL,B,8000,11.11,0,0.19,N,2,2022,0,0,0
24.0,60000,MORTGAGE,2.0,MEDICAL,B,12000,9.99,0,0.2,N,2,2022,0,0,0
22.0,60000,MORTGAGE,1.0,PERSONAL,A,10000,5.42,0,0.17,N,2,2022,0,0,0
22.0,44684,RENT,1.0,DEBTCONSOLIDATION,C,8000,12.04,0,0.18,Y,2,2022,0,0,0
26.0,45000,RENT,5.0,EDUCATION,D,8000,18.25,0,0.18,N,2,2022,0,0,0
24.0,39000,RENT,4.0,DEBTCONSOLIDATION,C,8000,10.99,1,0.21,N,2,2022,1,0,1
24.0,60000,MORTGAGE,8.0,MEDICAL,A,13000,7.29,0,0.22,N,2,2022,0,0,0
23.0,60000,MORTGAGE,3.0,MEDICAL,A,4000,7.66,0,0.07,N,2,2022,0,0,0
21.0,45000,RENT,5.0,EDUCATION,D,8000,10.99,0,0.18,Y,2,2022,0,0,1
25.0,39000,RENT,4.0,PERSONAL,C,8000,11.34,1,0.21,Y,2,2022,1,0,0
22.0,46000,RENT,3.0,DEBTCONSOLIDATION,A,8000,6.17,0,0.17,N,2,2022,0,0,0
25.0,60000,MORTGAGE,1.0,VENTURE,A,5000,7.29,0,0.08,N,2,2022,0,0,0
24.0,40000,RENT,5.0,EDUCATION,B,8000,9.88,1,0.2,N,2,2022,1,0,0
26.0,60000,MORTGAGE,10.0,VENTURE,A,12500,6.92,0,0.21,N,2,2022,0,0,0
22.0,60000,MORTGAGE,6.0,VENTURE,A,7800,7.29,0,0.13,N,2,2022,0,0,0
23.0,48000,RENT,5.0,VENTURE,B,8000,10.99,0,0.17,N,2,2022,0,0,1
23.0,48000,RENT,3.0,DEBTCONSOLIDATION,A,8000,8.49,0,0.17,N,2,2022,0,0,0
23.0,60000,MORTGAGE,7.0,DEBTCONSOLIDATION,A,7200,10.99,0,0.12,N,2,2022,0,0,1
25.0,48000,RENT,4.0,EDUCATION,C,8000,14.35,0,0.17,N,2,2022,0,0,0
23.0,42000,RENT,3.0,HOMEIMPROVEMENT,D,8000,15.58,1,0.19,N,2,2022,1,0,0
25.0,60000,MORTGAGE,9.0,HOMEIMPROVEMENT,B,5500,10.74,0,0.09,N,2,2022,0,0,0
24.0,49992,RENT,5.0,VENTURE,D,8000,15.95,0,0.16,Y,2,2022,0,0,0
24.0,50000,RENT,3.0,MEDICAL,B,8000,12.42,0,0.16,N,2,2022,0,0,0
23.0,44000,RENT,5.0,EDUCATION,C,8000,13.49,1,0.18,Y,2,2022,1,0,0
22.0,60000,MORTGAGE,6.0,EDUCATION,C,2000,12.61,0,0.03,Y,2,2022,0,0,0
24.0,50000,RENT,9.0,DEBTCONSOLIDATION,B,8000,9.99,0,0.16,N,2,2022,0,0,0
21.0,44000,RENT,6.0,EDUCATION,D,8000,15.21,1,0.18,N,2,2022,1,0,0
21.0,60000,MORTGAGE,5.0,DEBTCONSOLIDATION,B,7800,9.99,0,0.13,N,2,2022,0,0,0
23.0,60000,MORTGAGE,6.0,PERSONAL,B,2000,10.36,0,0.03,N,2,2022,0,0,0
22.0,50000,RENT,2.0,PERSONAL,C,8000,13.16,0,0.16,Y,2,2022,0,0,0
25.0,60000,MORTGAGE,7.0,DEBTCONSOLIDATION,A,8000,5.79,0,0.13,N,2,2022,0,0,0
21.0,50400,RENT,4.0,VENTURE,D,8000,15.62,0,0.16,Y,2,2022,0,0,0
23.0,60000,MORTGAGE,4.0,EDUCATION,A,13000,6.91,0,0.22,N,2,2022,0,0,0
25.0,51996,RENT,6.0,MEDICAL,B,8000,10.37,0,0.15,N,2,2022,0,0,0
23.0,52000,RENT,5.0,DEBTCONSOLIDATION,C,8000,13.22,0,0.15,N,2,2022,0,0,0
26.0,46000,RENT,3.0,PERSONAL,D,8000,14.42,1,0.17,N,2,2022,1,0,0
24.0,60000,MORTGAGE,3.0,VENTURE,A,20000,7.88,0,0.33,N,2,2022,0,0,0
24.0,46500,RENT,2.0,HOMEIMPROVEMENT,C,8000,15.23,1,0.17,Y,2,2022,1,0,0
21.0,60000,OWN,0.0,VENTURE,D,16000,10.99,0,0.27,N,2,2022,0,0,1
24.0,60000,MORTGAGE,8.0,DEBTCONSOLIDATION,C,14000,10.99,0,0.23,N,2,2022,0,0,1
23.0,60000,MORTGAGE,7.0,EDUCATION,A,12000,7.88,0,0.2,N,2,2022,0,0,0
23.0,48000,RENT,3.0,DEBTCONSOLIDATION,D,8000,15.58,1,0.17,N,2,2022,1,0,0
23.0,54500,RENT,2.0,DEBTCONSOLIDATION,A,8000,10.99,0,0.15,N,2,2022,0,0,1
22.0,54600,RENT,6.0,DEBTCONSOLIDATION,A,8000,7.51,0,0.15,N,2,2022,0,0,0
22.0,48996,RENT,0.0,PERSONAL,D,8000,14.96,1,0.16,Y,2,2022,1,0,0
23.0,54000,MORTGAGE,2.0,MEDICAL,D,7500,15.58,1,0.14,N,2,2022,1,0,0
23.0,55000,RENT,2.0,PERSONAL,B,8000,10.65,0,0.15,N,2,2022,0,0,0
24.0,60000,MORTGAGE,5.0,DEBTCONSOLIDATION,A,14000,7.51,0,0.23,N,2,2022,0,0,0
22.0,60000,OWN,6.0,EDUCATION,B,5900,11.12,0,0.1,N,2,2022,0,0,0
24.0,55000,RENT,8.0,HOMEIMPROVEMENT,C,8000,13.8,0,0.15,Y,2,2022,0,0,0
23.0,55000,RENT,4.0,EDUCATION,B,8000,9.25,0,0.15,N,2,2022,0,0,0
22.0,49000,RENT,1.0,EDUCATION,A,8000,6.91,1,0.16,N,2,2022,1,0,0
22.0,60000,MORTGAGE,4.0,EDUCATION,A,8000,7.14,0,0.13,N,2,2022,0,0,0
25.0,56000,RENT,9.0,VENTURE,A,8000,5.99,0,0.14,N,2,2022,0,0,0
25.0,60000,OWN,8.0,EDUCATION,B,14000,11.12,0,0.23,N,2,2022,0,0,0
22.0,60000,MORTGAGE,7.0,VENTURE,B,6000,10.38,0,0.1,N,2,2022,0,0,0
22.0,54000,MORTGAGE,0.0,HOMEIMPROVEMENT,A,16000,7.51,1,0.3,N,2,2022,1,0,0
24.0,60000,MORTGAGE,3.0,HOMEIMPROVEMENT,B,4000,11.86,0,0.07,N,2,2022,0,0,0
24.0,60000,MORTGAGE,5.0,DEBTCONSOLIDATION,A,7000,7.14,0,0.12,N,2,2022,0,0,0
25.0,57600,RENT,0.0,HOMEIMPROVEMENT,A,8000,7.66,0,0.14,N,2,2022,0,0,0
23.0,57996,RENT,5.0,DEBTCONSOLIDATION,A,8000,7.14,0,0.14,N,2,2022,0,0,0
25.0,60000,MORTGAGE,9.0,VENTURE,B,12000,10.99,0,0.2,N,2,2022,0,0,0
24.0,52000,RENT,8.0,EDUCATION,C,8000,13.99,1,0.15,Y,2,2022,1,0,0
24.0,58033,RENT,4.0,VENTURE,B,8000,10.62,0,0.14,N,2,2022,0,0,0
22.0,60000,OWN,6.0,EDUCATION,A,14000,7.88,0,0.23,N,2,2022,0,0,0
25.0,54000,RENT,0.0,HOMEIMPROVEMENT,B,8000,9.91,1,0.15,N,2,2022,1,1,0
25.0,60000,RENT,1.0,VENTURE,A,8000,5.42,0,0.13,N,2,2022,0,0,0
22.0,60000,RENT,6.0,MEDICAL,C,8000,14.72,0,0.13,Y,2,2022,0,0,0
22.0,60000,RENT,6.0,MEDICAL,A,8000,7.88,0,0.13,N,2,2022,0,0,0
25.0,54000,MORTGAGE,7.0,DEBTCONSOLIDATION,D,8400,14.59,1,0.16,N,2,2022,1,0,0
24.0,60000,MORTGAGE,0.0,MEDICAL,A,5000,7.14,0,0.08,N,2,2022,0,1,0
23.0,60228,RENT,7.0,MEDICAL,C,8000,12.98,0,0.13,Y,2,2022,0,0,0
23.0,61000,RENT,3.0,VENTURE,C,8000,13.22,0,0.13,Y,2,2022,0,0,0
24.0,55000,RENT,2.0,HOMEIMPROVEMENT,D,8000,14.61,1,0.15,N,2,2022,1,0,0
22.0,60000,MORTGAGE,5.0,DEBTCONSOLIDATION,C,12500,13.11,0,0.21,Y,2,2022,0,0,0
23.0,54000,MORTGAGE,7.0,DEBTCONSOLIDATION,D,5000,14.96,1,0.09,Y,2,2022,1,0,0
23.0,54000,RENT,4.0,MEDICAL,B,5200,11.71,0,0.1,N,2,2022,0,0,0
22.0,54000,MORTGAGE,6.0,HOMEIMPROVEMENT,C,12000,13.48,1,0.22,N,2,2022,1,0,0
22.0,60000,OWN,6.0,VENTURE,A,11500,7.88,0,0.19,N,2,2022,0,0,0
23.0,15000,RENT,3.0,DEBTCONSOLIDATION,B,5175,12.18,1,0.34,N,2,2022,1,0,0
25.0,21000,RENT,0.0,DEBTCONSOLIDATION,B,5175,12.53,1,0.25,N,2,2022,1,0,0
25.0,60000,OWN,5.0,VENTURE,C,1200,13.85,0,0.02,N,2,2022,0,0,0
21.0,60000,MORTGAGE,5.0,DEBTCONSOLIDATION,C,5000,13.48,0,0.08,N,2,2022,0,0,0
23.0,60000,OWN,2.0,MEDICAL,D,18500,15.33,0,0.31,N,2,2022,0,0,0
25.0,60000,OWN,10.0,EDUCATION,B,5500,10.99,0,0.09,N,2,2022,0,0,0
21.0,35368,RENT,0.0,DEBTCONSOLIDATION,C,5100,12.99,0,0.14,N,2,2022,0,0,0
26.0,60000,MORTGAGE,3.0,PERSONAL,A,11500,7.88,0,0.19,N,2,2022,0,0,0
22.0,60000,MORTGAGE,6.0,VENTURE,D,23750,15.31,0,0.4,Y,2,2022,0,0,0
24.0,53000,RENT,5.0,EDUCATION,A,5100,7.9,0,0.1,N,2,2022,0,0,0
23.0,60000,MORTGAGE,7.0,VENTURE,B,2450,11.48,0,0.04,N,2,2022,0,0,0
23.0,60000,MORTGAGE,0.0,VENTURE,F,3000,19.13,0,0.05,N,2,2022,0,0,0
25.0,33600,RENT,5.0,PERSONAL,A,5075,5.79,0,0.15,N,2,2022,0,0,0
22.0,36000,RENT,4.0,DEBTCONSOLIDATION,B,5075,10.99,0,0.14,N,2,2022,0,0,1
23.0,60000,OWN,0.0,PERSONAL,B,8000,12.53,0,0.13,N,2,2022,0,0,0
25.0,66000,RENT,1.0,HOMEIMPROVEMENT,B,5050,11.49,0,0.08,N,2,2022,0,0,0
22.0,40000,RENT,2.0,DEBTCONSOLIDATION,C,5025,13.43,0,0.13,N,2,2022,0,0,0
21.0,10000,RENT,0.0,PERSONAL,D,5000,12.17,1,0.44000000000000006,Y,2,2022,1,0,0
22.0,60000,MORTGAGE,3.0,MEDICAL,A,2000,7.4,0,0.03,N,2,2022,0,0,0
24.0,10800,RENT,8.0,VENTURE,A,5000,7.88,1,0.44000000000000006,N,2,2022,1,0,0
23.0,60000,MORTGAGE,0.0,MEDICAL,A,5000,10.99,0,0.08,N,2,2022,0,0,1
21.0,12000,RENT,5.0,VENTURE,B,5000,11.49,1,0.42,N,2,2022,1,0,0
24.0,13000,RENT,0.0,DEBTCONSOLIDATION,A,5000,8.0,1,0.38,N,2,2022,1,0,0
24.0,60000,MORTGAGE,3.0,VENTURE,B,4000,12.18,0,0.07,N,2,2022,0,0,0
22.0,54000,MORTGAGE,3.0,DEBTCONSOLIDATION,D,22750,10.99,1,0.42,Y,2,2022,1,0,1
22.0,60000,OTHER,6.0,VENTURE,D,8000,16.0,0,0.13,N,2,2022,0,0,0
23.0,60000,MORTGAGE,7.0,PERSONAL,B,9500,12.53,0,0.16,N,2,2022,0,0,0
22.0,16320,RENT,0.0,DEBTCONSOLIDATION,B,5000,12.53,1,0.31,N,2,2022,1,0,0
24.0,60000,MORTGAGE,6.0,HOMEIMPROVEMENT,A,14000,8.94,0,0.23,N,2,2022,0,0,0
26.0,60000,MORTGAGE,5.0,EDUCATION,B,6000,11.83,0,0.1,N,2,2022,0,0,0
23.0,17004,RENT,3.0,MEDICAL,A,5000,6.54,1,0.29,N,2,2022,1,0,0
23.0,60000,MORTGAGE,1.0,MEDICAL,C,13200,13.16,0,0.22,Y,2,2022,0,0,0
25.0,60000,MORTGAGE,2.0,PERSONAL,B,1800,12.21,0,0.03,N,2,2022,0,0,0
25.0,19200,RENT,0.0,HOMEIMPROVEMENT,B,5000,9.62,1,0.26,N,2,2022,1,0,0
23.0,60000,MORTGAGE,6.0,EDUCATION,B,11500,11.26,0,0.19,N,2,2022,0,0,0
24.0,60000,MORTGAGE,7.0,PERSONAL,A,10000,9.63,0,0.17,N,2,2022,0,0,0
25.0,60000,OWN,9.0,HOMEIMPROVEMENT,C,3000,13.79,0,0.05,Y,2,2022,0,0,0
22.0,60000,MORTGAGE,6.0,MEDICAL,C,9000,13.79,0,0.15,Y,2,2022,0,0,0
21.0,20000,RENT,2.0,DEBTCONSOLIDATION,B,5000,10.39,0,0.25,N,2,2022,0,0,0
24.0,54000,MORTGAGE,8.0,VENTURE,D,1500,14.42,1,0.03,Y,2,2022,1,0,0
22.0,60000,MORTGAGE,4.0,EDUCATION,C,16750,12.53,0,0.28,N,2,2022,0,0,0
22.0,20400,RENT,0.0,PERSONAL,B,5000,12.42,0,0.25,N,2,2022,0,1,0
21.0,21000,RENT,5.0,MEDICAL,F,5000,20.89,1,0.24,N,2,2022,1,0,0
24.0,54000,MORTGAGE,9.0,MEDICAL,A,10000,9.63,1,0.19,N,2,2022,1,0,0
24.0,21000,RENT,0.0,DEBTCONSOLIDATION,A,5000,8.63,0,0.24,N,2,2022,0,0,0
24.0,21120,RENT,3.0,PERSONAL,B,5000,11.71,1,0.24,N,2,2022,1,0,0
24.0,60000,MORTGAGE,0.0,PERSONAL,B,15000,11.89,0,0.25,N,2,2022,0,0,0
26.0,54000,MORTGAGE,2.0,DEBTCONSOLIDATION,B,8000,11.89,1,0.15,N,2,2022,1,0,0
22.0,60000,MORTGAGE,4.0,PERSONAL,C,3000,13.16,0,0.05,N,2,2022,0,0,0
22.0,22800,RENT,4.0,EDUCATION,C,5000,13.85,0,0.22,Y,2,2022,0,0,0
24.0,23000,RENT,1.0,PERSONAL,C,5000,10.99,0,0.22,Y,2,2022,0,0,1
26.0,23484,RENT,0.0,VENTURE,A,5000,7.49,0,0.21,N,2,2022,0,1,0
23.0,24000,RENT,0.0,HOMEIMPROVEMENT,C,5000,14.27,1,0.21,Y,2,2022,1,0,0
26.0,24000,RENT,0.0,VENTURE,A,5000,8.9,0,0.21,N,2,2022,0,0,0
24.0,24000,RENT,4.0,DEBTCONSOLIDATION,A,5000,7.51,0,0.21,N,2,2022,0,0,0
23.0,60000,MORTGAGE,0.0,DEBTCONSOLIDATION,A,7500,8.0,0,0.13,N,2,2022,0,0,0
21.0,24000,RENT,3.0,HOMEIMPROVEMENT,D,5000,10.99,1,0.21,Y,2,2022,1,0,1
22.0,60000,MORTGAGE,1.0,EDUCATION,C,7500,11.66,0,0.13,N,2,2022,0,0,0
23.0,60000,MORTGAGE,7.0,DEBTCONSOLIDATION,B,6000,9.45,0,0.1,N,2,2022,0,0,0
21.0,24000,RENT,2.0,MEDICAL,C,5000,12.98,0,0.21,N,2,2022,0,0,0
24.0,60400,OWN,5.0,VENTURE,A,5500,8.0,0,0.09,N,2,2022,0,0,0
25.0,60500,OWN,6.0,PERSONAL,B,17000,12.42,0,0.28,N,2,2022,0,0,0
24.0,25000,RENT,3.0,VENTURE,A,5000,7.14,0,0.2,N,2,2022,0,0,0
24.0,25000,RENT,2.0,DEBTCONSOLIDATION,A,5000,8.94,1,0.2,N,2,2022,1,0,0
21.0,25000,RENT,0.0,DEBTCONSOLIDATION,D,5000,12.86,1,0.2,Y,2,2022,1,0,0
22.0,60635,MORTGAGE,5.0,EDUCATION,C,6800,13.49,0,0.11,Y,2,2022,0,0,0
23.0,60785,MORTGAGE,7.0,DEBTCONSOLIDATION,C,10625,13.99,0,0.17,N,2,2022,0,0,0
22.0,26000,RENT,6.0,PERSONAL,B,5000,11.99,0,0.19,N,2,2022,0,0,0
21.0,26400,RENT,2.0,EDUCATION,C,5000,13.49,0,0.19,Y,2,2022,0,0,0
22.0,61000,MORTGAGE,6.0,MEDICAL,C,12000,13.49,0,0.2,N,2,2022,0,0,0
25.0,55000,MORTGAGE,4.0,MEDICAL,D,9000,16.77,1,0.16,Y,2,2022,1,0,0
23.0,61000,OWN,1.0,PERSONAL,B,12000,11.71,0,0.2,N,2,2022,0,0,0
23.0,27000,RENT,2.0,MEDICAL,E,5000,16.77,1,0.19,Y,2,2022,1,0,0
24.0,55000,MORTGAGE,8.0,EDUCATION,B,6000,11.99,1,0.11,N,2,2022,1,0,0
22.0,27000,RENT,0.0,VENTURE,D,5000,10.99,1,0.19,Y,2,2022,1,0,1
22.0,27000,RENT,6.0,DEBTCONSOLIDATION,A,5000,9.32,0,0.19,N,2,2022,0,0,0
22.0,27000,RENT,1.0,VENTURE,B,5000,10.08,0,0.19,N,2,2022,0,0,0
25.0,27096,RENT,7.0,DEBTCONSOLIDATION,A,5000,7.9,1,0.18,N,2,2022,1,0,0
22.0,61000,MORTGAGE,1.0,DEBTCONSOLIDATION,B,8000,11.49,0,0.13,N,2,2022,0,0,0
23.0,61000,MORTGAGE,2.0,VENTURE,E,18400,19.29,0,0.3,N,2,2022,0,0,0
22.0,61000,MORTGAGE,6.0,EDUCATION,A,12000,7.49,0,0.2,N,2,2022,0,0,0
26.0,61000,MORTGAGE,4.0,PERSONAL,A,8000,7.49,0,0.13,N,2,2022,0,0,0
23.0,61000,MORTGAGE,0.0,PERSONAL,A,10000,6.99,0,0.16,N,2,2022,0,1,0
22.0,27360,RENT,5.0,EDUCATION,A,5000,7.51,0,0.18,N,2,2022,0,0,0
26.0,61000,MORTGAGE,8.0,MEDICAL,B,21000,10.99,0,0.34,N,2,2022,0,0,1
23.0,55000,MORTGAGE,6.0,DEBTCONSOLIDATION,D,10000,15.33,1,0.18,N,2,2022,1,0,0
25.0,61000,MORTGAGE,9.0,HOMEIMPROVEMENT,B,15000,9.88,0,0.25,N,2,2022,0,0,0
24.0,56400,RENT,4.0,MEDICAL,D,8000,14.96,1,0.14,Y,2,2022,1,0,0
26.0,63000,RENT,2.0,VENTURE,B,8000,12.53,0,0.13,N,2,2022,0,0,0
25.0,63900,RENT,1.0,VENTURE,A,8000,6.03,0,0.13,N,2,2022,0,0,0
24.0,64000,RENT,8.0,HOMEIMPROVEMENT,A,8000,7.9,0,0.13,N,2,2022,0,0,0
23.0,64000,RENT,5.0,VENTURE,B,8000,10.0,0,0.13,N,2,2022,0,0,0
22.0,65000,RENT,0.0,VENTURE,B,8000,10.59,0,0.12,N,2,2022,0,0,0
23.0,61200,MORTGAGE,2.0,VENTURE,A,9000,10.99,0,0.15,N,2,2022,0,0,1
23.0,55200,MORTGAGE,1.0,PERSONAL,E,15250,15.68,1,0.28,N,2,2022,1,0,0
24.0,55200,MORTGAGE,0.0,MEDICAL,D,6000,14.42,1,0.11,Y,2,2022,1,0,0
26.0,61200,OWN,4.0,HOMEIMPROVEMENT,C,1500,12.84,0,0.02,Y,2,2022,0,0,0
24.0,61200,MORTGAGE,5.0,EDUCATION,B,5100,10.51,0,0.08,N,2,2022,0,0,0
23.0,65000,RENT,2.0,DEBTCONSOLIDATION,C,8000,14.72,0,0.12,Y,2,2022,0,0,0
24.0,65004,RENT,4.0,PERSONAL,A,8000,8.49,0,0.12,N,2,2022,0,0,0
23.0,55400,MORTGAGE,1.0,MEDICAL,D,5500,14.61,1,0.1,N,2,2022,1,0,0
22.0,61402,MORTGAGE,7.0,EDUCATION,B,10800,9.99,0,0.18,N,2,2022,0,0,0
21.0,65500,RENT,6.0,EDUCATION,C,8000,12.84,0,0.12,Y,2,2022,0,0,0
23.0,61498,MORTGAGE,5.0,PERSONAL,B,5000,11.36,0,0.08,N,2,2022,0,0,0
26.0,67000,RENT,9.0,VENTURE,A,8000,7.14,0,0.12,N,2,2022,0,0,0
24.0,61500,MORTGAGE,8.0,VENTURE,B,3200,11.49,0,0.05,N,2,2022,0,0,0
24.0,61800,MORTGAGE,0.0,MEDICAL,A,1500,6.54,0,0.02,N,2,2022,0,0,0
22.0,70000,RENT,6.0,EDUCATION,A,8000,6.99,0,0.11,N,2,2022,0,0,0
23.0,70000,RENT,4.0,EDUCATION,D,8000,16.02,0,0.11,N,2,2022,0,0,0
26.0,62000,MORTGAGE,0.0,PERSONAL,A,12000,7.9,0,0.19,N,2,2022,0,0,0
23.0,62000,MORTGAGE,3.0,VENTURE,A,4000,8.9,0,0.06,N,2,2022,0,0,0
22.0,64000,RENT,0.0,PERSONAL,D,8000,14.84,1,0.13,N,2,2022,1,0,0
22.0,62000,MORTGAGE,2.0,DEBTCONSOLIDATION,C,13000,15.27,0,0.21,Y,2,2022,0,0,0
22.0,62000,MORTGAGE,6.0,EDUCATION,A,15075,6.03,0,0.24,N,2,2022,0,0,0
24.0,62000,MORTGAGE,8.0,PERSONAL,A,5875,6.03,0,0.09,N,2,2022,0,0,0
21.0,62000,MORTGAGE,2.0,DEBTCONSOLIDATION,A,6000,7.51,0,0.1,N,2,2022,0,0,0
25.0,62000,MORTGAGE,7.0,VENTURE,A,12000,5.42,0,0.19,N,2,2022,0,0,0
25.0,62000,MORTGAGE,9.0,VENTURE,B,8500,10.99,0,0.14,N,2,2022,0,0,0
24.0,74000,RENT,7.0,EDUCATION,D,8000,15.62,0,0.11,Y,2,2022,0,0,0
25.0,62000,MORTGAGE,9.0,HOMEIMPROVEMENT,C,3000,12.99,0,0.05,N,2,2022,0,0,0
25.0,69000,RENT,1.0,HOMEIMPROVEMENT,D,8000,13.99,1,0.12,Y,2,2022,1,0,0
22.0,62000,MORTGAGE,5.0,EDUCATION,B,9000,10.0,0,0.15,N,2,2022,0,0,0
26.0,62000,MORTGAGE,10.0,VENTURE,C,10000,13.43,0,0.16,Y,2,2022,0,0,0
23.0,56000,MORTGAGE,7.0,VENTURE,D,8000,14.54,1,0.14,Y,2,2022,1,0,0
24.0,79000,RENT,0.0,MEDICAL,B,8000,11.49,0,0.1,N,2,2022,0,0,0
24.0,62000,MORTGAGE,6.0,HOMEIMPROVEMENT,B,10000,10.74,0,0.16,N,2,2022,0,0,0
24.0,62000,MORTGAGE,8.0,EDUCATION,B,7750,10.0,0,0.13,N,2,2022,0,0,0
26.0,80000,RENT,0.0,HOMEIMPROVEMENT,A,8000,5.99,0,0.1,N,2,2022,0,0,0
23.0,62000,MORTGAGE,2.0,PERSONAL,A,10000,10.99,0,0.16,N,2,2022,0,0,1
22.0,62000,MORTGAGE,6.0,EDUCATION,A,1500,6.91,0,0.02,N,2,2022,0,0,0
24.0,81600,RENT,5.0,VENTURE,C,8000,12.84,0,0.1,Y,2,2022,0,0,0
26.0,62000,MORTGAGE,5.0,MEDICAL,A,10000,7.88,0,0.16,N,2,2022,0,0,0
25.0,62000,MORTGAGE,9.0,EDUCATION,B,2100,11.86,0,0.03,N,2,2022,0,0,0
24.0,85000,RENT,0.0,HOMEIMPROVEMENT,C,8000,13.06,0,0.09,Y,2,2022,0,0,0
21.0,56000,MORTGAGE,5.0,EDUCATION,B,18000,10.25,1,0.32,N,2,2022,1,0,0
22.0,86004,RENT,6.0,EDUCATION,C,8000,13.92,0,0.09,Y,2,2022,0,0,0
25.0,87000,RENT,3.0,MEDICAL,B,8000,10.37,0,0.09,N,2,2022,0,0,0
23.0,62000,MORTGAGE,4.0,MEDICAL,B,10000,12.18,0,0.16,N,2,2022,0,0,0
24.0,62000,MORTGAGE,8.0,VENTURE,E,20000,16.7,0,0.32,N,2,2022,0,0,0
22.0,62000,OWN,1.0,VENTURE,B,10000,11.58,0,0.16,N,2,2022,0,0,0
23.0,62000,MORTGAGE,7.0,DEBTCONSOLIDATION,B,6400,10.08,0,0.1,N,2,2022,0,0,0
23.0,62000,MORTGAGE,4.0,VENTURE,B,9600,9.2,0,0.15,N,2,2022,0,0,0
25.0,84000,RENT,1.0,VENTURE,E,8000,16.45,1,0.1,N,2,2022,1,0,0
26.0,62004,MORTGAGE,3.0,MEDICAL,B,4000,9.99,0,0.06,N,2,2022,0,0,0
23.0,56004,MORTGAGE,7.0,PERSONAL,B,15000,11.26,1,0.27,N,2,2022,1,0,0
22.0,62004,MORTGAGE,6.0,EDUCATION,A,3600,7.37,0,0.06,N,2,2022,0,0,0
24.0,62100,MORTGAGE,8.0,EDUCATION,C,6000,12.53,0,0.1,N,2,2022,0,0,0
22.0,56208,MORTGAGE,6.0,DEBTCONSOLIDATION,D,12000,16.29,1,0.21,Y,2,2022,1,0,0
22.0,108000,RENT,1.0,PERSONAL,D,8000,16.29,1,0.07,Y,2,2022,1,0,0
22.0,56400,MORTGAGE,6.0,EDUCATION,D,8400,14.91,1,0.15,N,2,2022,1,0,0
24.0,131400,RENT,8.0,DEBTCONSOLIDATION,D,8000,15.99,1,0.06,N,2,2022,1,0,0
24.0,62400,MORTGAGE,3.0,EDUCATION,A,9500,6.54,0,0.15,N,2,2022,0,0,0
22.0,62400,MORTGAGE,6.0,EDUCATION,D,2400,14.46,0,0.04,Y,2,2022,0,0,0
22.0,62400,MORTGAGE,2.0,VENTURE,C,12600,13.85,0,0.2,Y,2,2022,0,0,0
22.0,30000,RENT,1.0,EDUCATION,B,8050,12.69,1,0.27,N,2,2022,1,0,0
22.0,48000,RENT,6.0,EDUCATION,B,8050,10.0,0,0.17,N,2,2022,0,0,0
21.0,50000,RENT,5.0,DEBTCONSOLIDATION,A,8075,6.17,0,0.16,N,2,2022,0,0,0
23.0,62471,MORTGAGE,0.0,EDUCATION,A,12000,6.91,0,0.19,N,2,2022,0,1,0
23.0,78000,RENT,7.0,DEBTCONSOLIDATION,A,8100,7.29,0,0.1,N,2,2022,0,0,0
24.0,85000,RENT,6.0,HOMEIMPROVEMENT,A,8100,10.99,0,0.1,N,2,2022,0,0,1
25.0,62496,MORTGAGE,1.0,HOMEIMPROVEMENT,A,8000,7.51,0,0.13,N,2,2022,0,0,0
26.0,62500,MORTGAGE,9.0,MEDICAL,B,8000,11.49,0,0.13,N,2,2022,0,0,0
24.0,62500,MORTGAGE,2.0,VENTURE,A,6000,5.79,0,0.1,N,2,2022,0,0,0
24.0,40944,RENT,0.0,MEDICAL,B,8200,11.36,0,0.2,N,2,2022,0,0,0
24.0,62500,OWN,8.0,PERSONAL,C,6500,13.22,0,0.1,Y,2,2022,0,0,0
21.0,33000,RENT,4.0,PERSONAL,B,8250,10.99,0,0.25,N,2,2022,0,0,1
22.0,62589,OWN,0.0,VENTURE,C,7000,13.35,0,0.11,Y,2,2022,0,1,0
24.0,62677,MORTGAGE,2.0,MEDICAL,B,6000,10.2,0,0.1,N,2,2022,0,0,0
24.0,83000,RENT,4.0,HOMEIMPROVEMENT,A,8300,7.88,0,0.1,N,2,2022,0,0,0
22.0,56920,MORTGAGE,6.0,VENTURE,D,10000,14.59,1,0.18,Y,2,2022,1,0,0
25.0,63000,MORTGAGE,9.0,PERSONAL,B,14000,12.42,0,0.22,N,2,2022,0,0,0
23.0,63000,MORTGAGE,7.0,EDUCATION,A,20000,7.9,0,0.32,N,2,2022,0,0,0
23.0,63000,MORTGAGE,2.0,PERSONAL,B,10000,10.59,0,0.16,N,2,2022,0,0,0
23.0,63000,MORTGAGE,8.0,EDUCATION,A,7300,7.49,0,0.12,N,2,2022,0,0,0
21.0,63000,MORTGAGE,2.0,PERSONAL,B,10000,10.59,0,0.16,N,2,2022,0,0,0
25.0,63000,MORTGAGE,2.0,HOMEIMPROVEMENT,B,20000,9.99,0,0.32,N,2,2022,0,0,0
22.0,63000,MORTGAGE,6.0,MEDICAL,A,10800,5.99,0,0.17,N,2,2022,0,0,0
22.0,41000,RENT,0.0,EDUCATION,A,8400,8.94,0,0.2,N,2,2022,0,0,0
26.0,63000,MORTGAGE,10.0,MEDICAL,A,10000,6.91,0,0.16,N,2,2022,0,0,0
22.0,63000,MORTGAGE,6.0,EDUCATION,A,4500,5.42,0,0.07,N,2,2022,0,0,0
25.0,63000,MORTGAGE,9.0,EDUCATION,B,23750,11.49,0,0.4,N,2,2022,0,0,0
23.0,39000,RENT,5.0,PERSONAL,C,8400,13.79,1,0.22,N,2,2022,1,0,0
26.0,48000,RENT,4.0,DEBTCONSOLIDATION,B,8400,11.12,0,0.17,N,2,2022,0,0,0
26.0,51996,RENT,8.0,MEDICAL,C,8400,13.99,0,0.16,Y,2,2022,0,0,0
22.0,63000,MORTGAGE,2.0,DEBTCONSOLIDATION,A,4000,10.99,0,0.06,N,2,2022,0,0,1
22.0,55000,RENT,2.0,VENTURE,A,8400,7.88,0,0.15,N,2,2022,0,0,0
25.0,63000,MORTGAGE,3.0,EDUCATION,C,3000,13.47,0,0.05,N,2,2022,0,0,0
23.0,56000,RENT,3.0,DEBTCONSOLIDATION,B,8400,10.99,0,0.15,N,2,2022,0,0,0
22.0,63000,MORTGAGE,2.0,EDUCATION,A,14100,8.0,0,0.22,N,2,2022,0,0,0
25.0,60000,RENT,1.0,VENTURE,A,8400,7.29,0,0.14,N,2,2022,0,0,0
25.0,63000,MORTGAGE,0.0,EDUCATION,D,23750,13.87,0,0.4,N,2,2022,0,0,0
22.0,62000,RENT,0.0,MEDICAL,C,8400,13.47,0,0.14,Y,2,2022,0,0,0
23.0,63150,MORTGAGE,7.0,MEDICAL,B,12000,9.91,0,0.19,N,2,2022,0,0,0
26.0,63180,OWN,4.0,HOMEIMPROVEMENT,C,5825,13.43,0,0.09,Y,2,2022,0,0,0
23.0,63189,MORTGAGE,7.0,VENTURE,B,8000,10.74,0,0.13,N,2,2022,0,0,0
24.0,66000,RENT,0.0,HOMEIMPROVEMENT,A,8400,10.99,0,0.13,N,2,2022,0,0,1
23.0,61000,RENT,2.0,PERSONAL,D,8400,14.84,1,0.14,N,2,2022,1,0,0
26.0,68926,RENT,4.0,PERSONAL,D,8400,17.27,0,0.12,N,2,2022,0,0,0
22.0,63400,MORTGAGE,6.0,PERSONAL,B,10500,9.99,0,0.17,N,2,2022,0,0,0
26.0,90000,RENT,8.0,PERSONAL,C,8400,10.99,0,0.09,N,2,2022,0,0,1
22.0,63500,MORTGAGE,3.0,EDUCATION,C,7000,10.99,0,0.11,N,2,2022,0,0,1
23.0,100300,RENT,3.0,MEDICAL,D,8400,14.84,1,0.07,N,2,2022,1,0,0
26.0,140000,RENT,5.0,VENTURE,B,8400,12.53,0,0.06,N,2,2022,0,0,0
24.0,63554,MORTGAGE,0.0,DEBTCONSOLIDATION,A,2500,7.51,0,0.04,N,2,2022,0,1,0
25.0,18000,RENT,3.0,VENTURE,C,8500,10.28,1,0.44000000000000006,N,2,2022,1,0,0
26.0,19200,RENT,0.0,DEBTCONSOLIDATION,B,8500,9.99,1,0.44,N,2,2022,1,0,0
22.0,63600,OWN,1.0,VENTURE,A,4000,6.76,0,0.06,N,2,2022,0,0,0
24.0,57655,MORTGAGE,7.0,MEDICAL,D,9925,15.58,1,0.17,N,2,2022,1,0,0
22.0,42000,RENT,3.0,MEDICAL,B,8550,11.99,0,0.2,N,2,2022,0,0,0
26.0,36000,RENT,5.0,MEDICAL,B,8550,10.25,1,0.24,N,2,2022,1,0,0
25.0,32000,RENT,2.0,DEBTCONSOLIDATION,D,8575,15.62,1,0.27,Y,2,2022,1,0,0
26.0,64000,MORTGAGE,7.0,HOMEIMPROVEMENT,A,5000,6.62,0,0.08,N,2,2022,0,0,0
22.0,40000,RENT,0.0,VENTURE,A,8600,7.66,0,0.21,N,2,2022,0,0,0
24.0,64000,MORTGAGE,5.0,VENTURE,D,12000,16.77,0,0.19,N,2,2022,0,0,0
25.0,95000,RENT,0.0,HOMEIMPROVEMENT,A,8600,8.59,0,0.09,N,2,2022,0,0,0
22.0,64000,MORTGAGE,1.0,DEBTCONSOLIDATION,A,6625,6.62,0,0.1,N,2,2022,0,0,0
25.0,42000,RENT,7.0,EDUCATION,D,8675,15.99,0,0.21,Y,2,2022,0,0,0
23.0,28000,RENT,0.0,EDUCATION,A,8700,6.03,1,0.31,N,2,2022,1,0,0
23.0,64000,MORTGAGE,7.0,EDUCATION,A,2100,6.03,0,0.03,N,2,2022,0,0,0
25.0,64000,MORTGAGE,9.0,HOMEIMPROVEMENT,A,9000,5.99,0,0.14,N,2,2022,0,0,0
23.0,64000,MORTGAGE,7.0,DEBTCONSOLIDATION,B,8000,10.99,0,0.13,N,2,2022,0,0,0
24.0,29004,RENT,5.0,MEDICAL,B,8725,12.18,0,0.3,N,2,2022,0,0,0
24.0,64000,MORTGAGE,8.0,VENTURE,B,4000,10.0,0,0.06,N,2,2022,0,0,0
25.0,64000,MORTGAGE,10.0,MEDICAL,A,5000,7.29,0,0.08,N,2,2022,0,0,0
22.0,46104,RENT,4.0,EDUCATION,A,8775,7.29,0,0.19,N,2,2022,0,0,0
22.0,23900,RENT,0.0,PERSONAL,B,9000,10.99,1,0.38,N,2,2022,1,0,1
25.0,25000,RENT,5.0,MEDICAL,B,9000,11.49,1,0.36,N,2,2022,1,0,0
24.0,25000,RENT,2.0,MEDICAL,B,9000,11.48,1,0.36,N,2,2022,1,0,0
22.0,25920,RENT,1.0,MEDICAL,C,9000,10.59,1,0.35,N,2,2022,1,0,0
26.0,64000,MORTGAGE,2.0,PERSONAL,D,8000,14.96,0,0.13,Y,2,2022,0,0,0
22.0,28800,RENT,5.0,MEDICAL,B,9000,10.99,1,0.31,N,2,2022,1,0,0
21.0,30000,RENT,5.0,MEDICAL,C,9000,12.99,0,0.3,Y,2,2022,0,0,0
26.0,30000,RENT,8.0,EDUCATION,A,9000,5.99,1,0.3,N,2,2022,1,0,0
26.0,64212,MORTGAGE,5.0,PERSONAL,C,9600,14.27,0,0.15,Y,2,2022,0,0,0
26.0,64260,MORTGAGE,3.0,MEDICAL,A,4500,8.94,0,0.07,N,2,2022,0,0,0
23.0,64500,MORTGAGE,6.0,MEDICAL,B,7000,10.99,0,0.11,N,2,2022,0,0,0
23.0,64500,MORTGAGE,4.0,EDUCATION,A,5000,10.99,0,0.08,N,2,2022,0,0,1
24.0,64500,MORTGAGE,8.0,EDUCATION,C,1200,14.72,0,0.02,N,2,2022,0,0,0
21.0,64500,MORTGAGE,2.0,EDUCATION,B,15000,11.83,0,0.23,N,2,2022,0,0,0
25.0,33000,RENT,5.0,MEDICAL,A,9000,7.14,0,0.27,N,2,2022,0,0,0
26.0,34320,RENT,2.0,EDUCATION,A,9000,6.62,1,0.26,N,2,2022,1,0,0
23.0,29000,RENT,2.0,EDUCATION,B,9000,11.71,1,0.31,N,2,2022,1,0,0
26.0,64700,MORTGAGE,5.0,HOMEIMPROVEMENT,C,17500,10.99,0,0.27,Y,2,2022,0,0,1
25.0,64800,MORTGAGE,9.0,EDUCATION,B,4500,10.65,0,0.07,N,2,2022,0,0,0
22.0,29000,RENT,7.0,MEDICAL,B,9000,10.99,1,0.31,N,2,2022,1,0,1
23.0,64800,MORTGAGE,7.0,PERSONAL,C,4000,13.99,0,0.06,Y,2,2022,0,0,0
23.0,36000,RENT,3.0,EDUCATION,B,9000,9.99,0,0.25,N,2,2022,0,0,0
23.0,64800,MORTGAGE,7.0,DEBTCONSOLIDATION,C,2400,13.23,0,0.04,N,2,2022,0,0,0
22.0,58800,MORTGAGE,0.0,PERSONAL,D,23500,15.33,1,0.4,N,2,2022,1,1,0
22.0,36000,RENT,3.0,EDUCATION,C,9000,10.99,0,0.25,Y,2,2022,0,0,1
26.0,64999,MORTGAGE,11.0,VENTURE,B,15000,10.99,0,0.23,N,2,2022,0,0,0
22.0,64999,MORTGAGE,6.0,VENTURE,D,2500,14.61,0,0.04,N,2,2022,0,0,0
21.0,36120,RENT,5.0,VENTURE,B,9000,10.39,0,0.25,N,2,2022,0,0,0
24.0,37000,RENT,5.0,VENTURE,A,9000,7.14,0,0.24,N,2,2022,0,0,0
23.0,65000,OWN,6.0,PERSONAL,B,6000,10.65,0,0.09,N,2,2022,0,0,0
24.0,38400,RENT,6.0,DEBTCONSOLIDATION,A,9000,7.9,0,0.23,N,2,2022,0,0,0
22.0,38500,RENT,1.0,MEDICAL,B,9000,10.83,0,0.23,N,2,2022,0,0,0
24.0,33996,RENT,1.0,EDUCATION,E,9000,16.0,1,0.26,Y,2,2022,1,0,0
26.0,65000,MORTGAGE,1.0,HOMEIMPROVEMENT,B,17000,9.91,0,0.26,N,2,2022,0,0,0
23.0,40000,RENT,1.0,EDUCATION,C,9000,12.61,0,0.23,Y,2,2022,0,0,0
24.0,65000,MORTGAGE,8.0,PERSONAL,B,6300,11.71,0,0.1,N,2,2022,0,0,0
22.0,65000,MORTGAGE,0.0,PERSONAL,A,7200,8.9,0,0.11,N,2,2022,0,0,0
25.0,40000,RENT,1.0,PERSONAL,C,9000,12.53,0,0.23,N,2,2022,0,0,0
26.0,65000,MORTGAGE,11.0,VENTURE,A,12000,7.9,0,0.18,N,2,2022,0,0,0
23.0,35500,RENT,2.0,HOMEIMPROVEMENT,D,9000,15.99,1,0.25,Y,2,2022,1,0,0
24.0,65000,MORTGAGE,8.0,DEBTCONSOLIDATION,B,6600,10.65,0,0.1,N,2,2022,0,0,0
25.0,59000,MORTGAGE,9.0,DEBTCONSOLIDATION,A,5000,6.03,1,0.08,N,2,2022,1,0,0
26.0,65000,MORTGAGE,10.0,EDUCATION,A,5000,7.51,0,0.08,N,2,2022,0,0,0
24.0,65000,MORTGAGE,2.0,PERSONAL,B,8000,12.69,0,0.12,N,2,2022,0,0,0
21.0,36140,RENT,5.0,EDUCATION,A,9000,8.94,1,0.25,N,2,2022,1,0,0
26.0,42600,RENT,3.0,PERSONAL,D,9000,14.96,0,0.21,N,2,2022,0,0,0
24.0,65000,MORTGAGE,9.0,PERSONAL,C,4200,15.27,0,0.06,N,2,2022,0,0,0
26.0,44000,RENT,4.0,DEBTCONSOLIDATION,B,9000,10.99,0,0.2,N,2,2022,0,0,0
23.0,45000,RENT,7.0,EDUCATION,B,9000,10.65,0,0.2,N,2,2022,0,0,0
25.0,65000,MORTGAGE,3.0,EDUCATION,C,10000,12.99,0,0.15,N,2,2022,0,0,0
26.0,65000,OWN,1.0,HOMEIMPROVEMENT,C,4800,13.49,0,0.07,Y,2,2022,0,0,0
26.0,59000,MORTGAGE,5.0,MEDICAL,D,8000,15.99,1,0.14,Y,2,2022,1,0,0
26.0,45000,RENT,0.0,DEBTCONSOLIDATION,B,9000,10.39,0,0.2,N,2,2022,0,0,0
24.0,65000,OWN,6.0,PERSONAL,D,4400,16.89,0,0.07,N,2,2022,0,0,0
22.0,48000,RENT,2.0,DEBTCONSOLIDATION,A,9000,7.88,0,0.19,N,2,2022,0,0,0
26.0,65000,MORTGAGE,9.0,EDUCATION,A,20500,6.99,0,0.32,N,2,2022,0,0,0
25.0,48000,RENT,3.0,PERSONAL,C,9000,13.79,0,0.19,Y,2,2022,0,0,0
24.0,65000,MORTGAGE,1.0,PERSONAL,B,6000,10.99,0,0.09,N,2,2022,0,0,0
20.0,65000,MORTGAGE,4.0,EDUCATION,B,4800,9.99,0,0.07,N,2,2022,0,0,0
26.0,50760,RENT,3.0,DEBTCONSOLIDATION,A,9000,8.94,0,0.18,N,2,2022,0,0,0
23.0,65000,MORTGAGE,5.0,DEBTCONSOLIDATION,A,2275,10.99,0,0.04,N,2,2022,0,0,1
25.0,65000,MORTGAGE,3.0,HOMEIMPROVEMENT,B,1200,10.99,0,0.02,N,2,2022,0,0,0
23.0,51000,RENT,2.0,EDUCATION,B,9000,10.99,0,0.18,N,2,2022,0,0,0
26.0,51400,RENT,4.0,DEBTCONSOLIDATION,C,9000,13.61,0,0.18,N,2,2022,0,0,0
23.0,52000,RENT,0.0,VENTURE,B,9000,12.69,0,0.17,N,2,2022,0,0,0
24.0,65000,MORTGAGE,3.0,EDUCATION,A,8000,5.99,0,0.12,N,2,2022,0,0,0
23.0,65000,MORTGAGE,7.0,EDUCATION,A,10000,7.49,0,0.15,N,2,2022,0,0,0
23.0,65000,MORTGAGE,4.0,EDUCATION,D,13600,15.62,0,0.21,Y,2,2022,0,0,0
24.0,52800,RENT,2.0,VENTURE,A,9000,7.9,0,0.17,N,2,2022,0,0,0
24.0,65000,OWN,8.0,PERSONAL,A,6000,6.99,0,0.09,N,2,2022,0,0,0
25.0,55000,RENT,5.0,HOMEIMPROVEMENT,B,9000,11.11,0,0.16,N,2,2022,0,0,0
21.0,59000,MORTGAGE,5.0,HOMEIMPROVEMENT,B,5000,9.99,1,0.08,N,2,2022,1,0,0
26.0,55000,RENT,0.0,VENTURE,A,9000,10.99,0,0.16,N,2,2022,0,0,1
24.0,65000,MORTGAGE,8.0,MEDICAL,A,10000,5.79,0,0.15,N,2,2022,0,0,0
24.0,55000,RENT,2.0,HOMEIMPROVEMENT,C,9000,14.72,0,0.16,Y,2,2022,0,0,0
26.0,38400,RENT,8.0,VENTURE,D,9100,15.37,0,0.24,Y,2,2022,0,0,0
23.0,43200,RENT,2.0,VENTURE,D,9100,13.24,1,0.21,N,2,2022,1,0,0
24.0,54996,RENT,6.0,MEDICAL,B,9100,10.99,0,0.17,N,2,2022,0,0,1
22.0,30000,RENT,6.0,MEDICAL,B,9150,10.59,0,0.3,N,2,2022,0,0,0
22.0,22800,RENT,0.0,PERSONAL,B,9200,9.88,1,0.4,N,2,2022,1,1,0
21.0,43000,RENT,2.0,MEDICAL,A,9200,8.94,0,0.21,N,2,2022,0,0,0
23.0,50000,RENT,5.0,EDUCATION,E,9200,15.68,0,0.18,N,2,2022,0,0,0
23.0,66000,RENT,0.0,MEDICAL,B,9200,11.86,0,0.14,N,2,2022,0,0,0
22.0,24000,RENT,1.0,HOMEIMPROVEMENT,A,9250,8.94,1,0.39,N,2,2022,1,0,0
23.0,65000,MORTGAGE,7.0,VENTURE,A,6250,6.76,0,0.1,N,2,2022,0,0,0
22.0,65000,MORTGAGE,2.0,DEBTCONSOLIDATION,B,13000,10.38,0,0.2,N,2,2022,0,0,0
24.0,65000,MORTGAGE,6.0,PERSONAL,B,11000,11.49,0,0.17,N,2,2022,0,0,0
23.0,40000,RENT,7.0,EDUCATION,D,9250,16.07,0,0.23,N,2,2022,0,0,0
26.0,65000,MORTGAGE,11.0,HOMEIMPROVEMENT,A,10950,7.88,0,0.17,N,2,2022,0,0,0
26.0,65000,MORTGAGE,6.0,VENTURE,E,22000,17.19,0,0.34,N,2,2022,0,0,0
22.0,65000,MORTGAGE,6.0,EDUCATION,A,10000,7.88,0,0.15,N,2,2022,0,0,0
22.0,30000,RENT,1.0,PERSONAL,B,9375,11.71,1,0.31,N,2,2022,1,0,0
22.0,65000,MORTGAGE,6.0,VENTURE,B,6000,10.99,0,0.09,N,2,2022,0,0,1
25.0,59000,MORTGAGE,9.0,EDUCATION,B,20000,11.36,1,0.34,N,2,2022,1,0,0
26.0,45500,RENT,2.0,EDUCATION,B,9400,9.91,0,0.21,N,2,2022,0,0,0
24.0,65000,OWN,3.0,PERSONAL,B,6000,11.36,0,0.09,N,2,2022,0,0,0
22.0,45000,RENT,6.0,MEDICAL,C,9425,13.49,0,0.21,Y,2,2022,0,0,0
21.0,26000,RENT,1.0,DEBTCONSOLIDATION,D,9450,16.77,1,0.36,N,2,2022,1,0,0
24.0,65000,MORTGAGE,1.0,EDUCATION,A,8500,7.51,0,0.13,N,2,2022,0,0,0
24.0,33600,RENT,2.0,PERSONAL,A,9450,7.66,1,0.28,N,2,2022,1,0,0
24.0,30000,RENT,1.0,VENTURE,C,9500,13.92,1,0.32,N,2,2022,1,0,0
24.0,37157,RENT,4.0,MEDICAL,B,9500,10.99,0,0.26,N,2,2022,0,0,0
24.0,59000,OWN,2.0,MEDICAL,E,12000,17.74,1,0.2,Y,2,2022,1,0,0
22.0,65000,MORTGAGE,6.0,VENTURE,A,17000,8.94,0,0.26,N,2,2022,0,0,0
23.0,41000,RENT,5.0,EDUCATION,A,9500,7.88,0,0.23,N,2,2022,0,0,0
23.0,44064,RENT,0.0,EDUCATION,B,9500,11.26,0,0.22,N,2,2022,0,0,0
22.0,59000,OTHER,1.0,DEBTCONSOLIDATION,D,15000,10.99,1,0.25,Y,2,2022,1,0,1
22.0,65000,MORTGAGE,6.0,VENTURE,A,1500,9.32,0,0.02,N,2,2022,0,0,0
22.0,50000,RENT,6.0,MEDICAL,A,9500,6.99,0,0.19,N,2,2022,0,0,0
26.0,65000,MORTGAGE,6.0,MEDICAL,B,9250,10.99,0,0.14,N,2,2022,0,0,1
23.0,54000,RENT,7.0,MEDICAL,C,9500,14.65,0,0.18,N,2,2022,0,0,0
26.0,54011,RENT,10.0,EDUCATION,D,9500,16.29,0,0.18,N,2,2022,0,0,0
25.0,65000,MORTGAGE,0.0,DEBTCONSOLIDATION,A,2000,7.37,0,0.03,N,2,2022,0,0,0
25.0,61000,RENT,4.0,VENTURE,A,9500,7.51,0,0.16,N,2,2022,0,0,0
22.0,21600,RENT,0.0,EDUCATION,A,9600,7.49,1,0.44,N,2,2022,1,0,0
23.0,22000,RENT,3.0,EDUCATION,C,9600,13.16,1,0.44,N,2,2022,1,0,0
23.0,65000,MORTGAGE,7.0,EDUCATION,A,4000,7.75,0,0.06,N,2,2022,0,0,0
23.0,65000,MORTGAGE,0.0,PERSONAL,A,12800,8.38,0,0.2,N,2,2022,0,0,0
22.0,65004,MORTGAGE,6.0,MEDICAL,A,5500,6.03,0,0.08,N,2,2022,0,0,0
26.0,33996,RENT,1.0,MEDICAL,B,9600,9.88,0,0.28,N,2,2022,0,0,0
25.0,65004,MORTGAGE,9.0,MEDICAL,A,4500,6.92,0,0.07,N,2,2022,0,0,0
22.0,65004,MORTGAGE,5.0,EDUCATION,A,6500,10.99,0,0.1,N,2,2022,0,0,1
22.0,34800,RENT,7.0,PERSONAL,G,9600,19.16,1,0.28,Y,2,2022,1,0,0
25.0,35000,RENT,5.0,VENTURE,B,9600,9.91,0,0.27,N,2,2022,0,0,0
23.0,35400,RENT,4.0,VENTURE,B,9600,11.89,0,0.27,N,2,2022,0,0,0
22.0,65004,MORTGAGE,0.0,EDUCATION,C,13000,13.23,0,0.2,N,2,2022,0,0,0
23.0,65004,OWN,5.0,VENTURE,C,7000,12.87,0,0.11,Y,2,2022,0,0,0
25.0,34000,RENT,7.0,PERSONAL,D,9600,14.54,1,0.28,N,2,2022,1,0,0
22.0,40000,RENT,0.0,MEDICAL,C,9600,14.72,0,0.24,Y,2,2022,0,0,0
22.0,65416,MORTGAGE,6.0,EDUCATION,A,8000,6.92,0,0.12,N,2,2022,0,0,0
25.0,65454,MORTGAGE,9.0,DEBTCONSOLIDATION,B,8400,11.99,0,0.13,N,2,2022,0,0,0
22.0,42500,RENT,1.0,EDUCATION,C,9600,11.22,0,0.23,Y,2,2022,0,0,0
23.0,65500,MORTGAGE,3.0,PERSONAL,B,16800,10.99,0,0.26,N,2,2022,0,0,1
22.0,39000,RENT,5.0,PERSONAL,D,9600,16.77,1,0.25,Y,2,2022,1,0,0
24.0,65544,OWN,4.0,EDUCATION,B,5000,10.74,0,0.08,N,2,2022,0,0,0
23.0,45000,RENT,2.0,EDUCATION,B,9600,10.25,0,0.21,N,2,2022,0,0,0
26.0,59600,MORTGAGE,9.0,VENTURE,E,21000,16.45,1,0.35,N,2,2022,1,0,0
25.0,65600,MORTGAGE,1.0,MEDICAL,C,10000,11.78,0,0.15,Y,2,2022,0,0,0
22.0,65856,MORTGAGE,6.0,MEDICAL,C,16800,13.92,0,0.26,N,2,2022,0,0,0
24.0,50500,RENT,7.0,HOMEIMPROVEMENT,A,9600,10.99,0,0.19,N,2,2022,0,0,1
25.0,51000,RENT,0.0,MEDICAL,C,9600,10.99,0,0.19,Y,2,2022,0,0,1
26.0,60000,MORTGAGE,0.0,MEDICAL,A,5000,7.9,1,0.08,N,2,2022,1,0,0
26.0,53000,RENT,7.0,VENTURE,B,9600,11.71,0,0.18,N,2,2022,0,0,0
22.0,66000,MORTGAGE,0.0,EDUCATION,A,6000,7.51,0,0.09,N,2,2022,0,0,0
23.0,66000,MORTGAGE,5.0,VENTURE,A,6000,6.62,0,0.09,N,2,2022,0,0,0
25.0,49000,RENT,10.0,EDUCATION,A,9600,7.51,1,0.2,N,2,2022,1,0,0
23.0,55000,RENT,7.0,VENTURE,A,9600,7.49,0,0.17,N,2,2022,0,0,0
26.0,55000,RENT,4.0,VENTURE,A,9600,7.66,0,0.17,N,2,2022,0,0,0
22.0,49000,RENT,3.0,DEBTCONSOLIDATION,D,9600,10.99,1,0.2,N,2,2022,1,0,1
22.0,60000,MORTGAGE,0.0,EDUCATION,A,14000,7.49,1,0.23,N,2,2022,1,1,0
23.0,60000,RENT,0.0,EDUCATION,C,9600,14.65,0,0.16,Y,2,2022,0,0,0
25.0,60000,RENT,9.0,DEBTCONSOLIDATION,A,9600,7.9,0,0.16,N,2,2022,0,0,0
26.0,66000,MORTGAGE,7.0,PERSONAL,B,4000,11.99,0,0.06,N,2,2022,0,0,0
23.0,66000,MORTGAGE,8.0,EDUCATION,B,8750,9.99,0,0.13,N,2,2022,0,0,0
23.0,54000,RENT,2.0,PERSONAL,F,9600,20.62,1,0.18,Y,2,2022,1,0,0
25.0,54000,RENT,5.0,HOMEIMPROVEMENT,D,9600,15.62,1,0.18,N,2,2022,1,0,0
26.0,66000,MORTGAGE,10.0,DEBTCONSOLIDATION,A,15500,7.49,0,0.23,N,2,2022,0,0,0
24.0,66000,MORTGAGE,7.0,VENTURE,C,11200,13.99,0,0.17,N,2,2022,0,0,0
21.0,66000,MORTGAGE,5.0,EDUCATION,A,4500,7.49,0,0.07,N,2,2022,0,0,0
22.0,65000,RENT,3.0,MEDICAL,C,9600,11.97,0,0.15,N,2,2022,0,0,0
26.0,66000,MORTGAGE,6.0,DEBTCONSOLIDATION,B,7000,9.63,0,0.11,N,2,2022,0,0,0
24.0,65450,RENT,7.0,DEBTCONSOLIDATION,A,9600,8.49,0,0.15,N,2,2022,0,0,0
22.0,68004,RENT,4.0,DEBTCONSOLIDATION,A,9600,7.51,0,0.14,N,2,2022,0,0,0
22.0,66000,MORTGAGE,6.0,VENTURE,B,2400,10.99,0,0.04,N,2,2022,0,0,1
22.0,66000,MORTGAGE,5.0,DEBTCONSOLIDATION,A,8500,7.51,0,0.13,N,2,2022,0,0,0
23.0,66000,MORTGAGE,3.0,VENTURE,A,6000,7.88,0,0.09,N,2,2022,0,0,0
24.0,66000,MORTGAGE,5.0,DEBTCONSOLIDATION,B,13000,10.25,0,0.2,N,2,2022,0,0,0
21.0,66000,MORTGAGE,4.0,DEBTCONSOLIDATION,A,7000,7.88,0,0.11,N,2,2022,0,0,0
26.0,80000,RENT,4.0,EDUCATION,A,9600,10.99,0,0.12,N,2,2022,0,0,1
22.0,81960,RENT,6.0,PERSONAL,A,9600,7.29,0,0.12,N,2,2022,0,0,0
25.0,83000,RENT,3.0,EDUCATION,B,9600,10.99,0,0.12,N,2,2022,0,0,0
24.0,77964,RENT,4.0,DEBTCONSOLIDATION,D,9600,14.42,1,0.12,N,2,2022,1,0,0
25.0,66000,MORTGAGE,0.0,HOMEIMPROVEMENT,B,18500,12.21,0,0.28,N,2,2022,0,0,0
22.0,66000,MORTGAGE,6.0,EDUCATION,C,15000,11.72,0,0.23,Y,2,2022,0,0,0
24.0,94000,RENT,6.0,PERSONAL,C,9600,12.99,0,0.1,Y,2,2022,0,0,0
24.0,94837,RENT,8.0,HOMEIMPROVEMENT,B,9600,11.99,0,0.1,N,2,2022,0,0,0
22.0,66396,MORTGAGE,6.0,EDUCATION,C,15000,13.48,0,0.23,N,2,2022,0,0,0
23.0,66480,OWN,6.0,EDUCATION,A,4000,8.32,0,0.06,N,2,2022,0,0,0
21.0,28000,RENT,1.0,HOMEIMPROVEMENT,C,9700,11.34,1,0.35,N,2,2022,1,0,0
24.0,66766,MORTGAGE,0.0,HOMEIMPROVEMENT,A,9000,6.99,0,0.13,N,2,2022,0,1,0
24.0,66996,MORTGAGE,5.0,EDUCATION,B,10000,9.62,0,0.15,N,2,2022,0,0,0
22.0,20000,RENT,0.0,VENTURE,A,10000,6.62,1,0.44000000000000006,N,2,2022,1,1,0
22.0,20008,RENT,2.0,EDUCATION,B,10000,10.95,1,0.44000000000000006,N,2,2022,1,0,0
21.0,21000,RENT,2.0,EDUCATION,B,10000,11.71,1,0.44000000000000006,N,2,2022,1,0,0
22.0,21000,RENT,4.0,EDUCATION,C,10000,13.72,1,0.44000000000000006,Y,2,2022,1,0,0
26.0,67000,MORTGAGE,1.0,VENTURE,A,23750,7.51,0,0.43,N,2,2022,0,0,0
26.0,22000,RENT,9.0,MEDICAL,D,10000,14.59,1,0.44000000000000006,Y,2,2022,1,0,0
24.0,67000,MORTGAGE,9.0,EDUCATION,A,10400,5.99,0,0.16,N,2,2022,0,0,0
23.0,67000,MORTGAGE,2.0,DEBTCONSOLIDATION,A,5600,7.49,0,0.08,N,2,2022,0,0,0
22.0,23000,RENT,6.0,MEDICAL,B,10000,9.88,1,0.43,N,2,2022,1,0,0
26.0,23624,RENT,6.0,PERSONAL,B,10000,9.88,1,0.42,N,2,2022,1,0,0
21.0,24000,RENT,5.0,EDUCATION,A,10000,10.99,1,0.42,N,2,2022,1,0,1
26.0,24000,RENT,3.0,MEDICAL,A,10000,10.99,1,0.42,N,2,2022,1,0,1
23.0,67000,MORTGAGE,3.0,DEBTCONSOLIDATION,A,9250,5.79,0,0.14,N,2,2022,0,0,0
22.0,67000,MORTGAGE,7.0,DEBTCONSOLIDATION,A,8800,7.51,0,0.13,N,2,2022,0,0,0
21.0,24000,RENT,0.0,DEBTCONSOLIDATION,C,10000,13.48,1,0.42,N,2,2022,1,1,0
23.0,67000,OWN,1.0,VENTURE,A,3250,6.76,0,0.05,N,2,2022,0,0,0
22.0,67000,OWN,3.0,EDUCATION,A,12000,8.59,0,0.18,N,2,2022,0,0,0
24.0,24000,RENT,3.0,VENTURE,B,10000,8.7,1,0.42,N,2,2022,1,0,0
21.0,67000,MORTGAGE,5.0,EDUCATION,D,23750,15.65,0,0.37,Y,2,2022,0,0,0
23.0,67000,MORTGAGE,0.0,VENTURE,A,6000,9.32,0,0.09,N,2,2022,0,0,0
23.0,67000,MORTGAGE,1.0,EDUCATION,E,16000,16.32,0,0.24,Y,2,2022,0,0,0
24.0,25000,RENT,4.0,VENTURE,B,10000,11.36,1,0.4,N,2,2022,1,0,0
22.0,25000,RENT,0.0,PERSONAL,A,10000,8.59,1,0.4,N,2,2022,1,0,0
25.0,25000,RENT,3.0,PERSONAL,D,10000,14.11,1,0.4,Y,2,2022,1,0,0
23.0,67200,MORTGAGE,7.0,VENTURE,A,16000,6.03,0,0.24,N,2,2022,0,0,0
22.0,67200,MORTGAGE,2.0,PERSONAL,B,5000,9.99,0,0.07,N,2,2022,0,0,0
25.0,67200,MORTGAGE,9.0,MEDICAL,C,5000,13.8,0,0.07,Y,2,2022,0,0,0
23.0,25920,RENT,4.0,EDUCATION,D,10000,15.58,1,0.39,N,2,2022,1,0,0
25.0,67200,MORTGAGE,6.0,HOMEIMPROVEMENT,B,3250,11.49,0,0.05,N,2,2022,0,0,0
26.0,67260,MORTGAGE,9.0,HOMEIMPROVEMENT,A,6500,7.14,0,0.1,N,2,2022,0,0,0
24.0,26000,RENT,8.0,EDUCATION,E,10000,16.63,1,0.38,Y,2,2022,1,0,0
21.0,52244,MORTGAGE,5.0,MEDICAL,C,4000,10.99,1,0.07,N,2,2022,1,0,1
24.0,61499,MORTGAGE,8.0,DEBTCONSOLIDATION,D,19600,15.65,1,0.32,N,2,2022,1,0,0
24.0,67500,MORTGAGE,2.0,EDUCATION,B,14400,11.71,0,0.21,N,2,2022,0,0,0
22.0,26400,RENT,1.0,PERSONAL,D,10000,16.02,1,0.38,N,2,2022,1,0,0
21.0,26400,RENT,3.0,MEDICAL,A,10000,10.99,1,0.38,N,2,2022,1,0,1
22.0,26400,RENT,3.0,PERSONAL,B,10000,9.88,1,0.38,N,2,2022,1,0,0
23.0,27000,RENT,5.0,MEDICAL,B,10000,10.99,1,0.37,N,2,2022,1,0,1
24.0,27000,RENT,0.0,DEBTCONSOLIDATION,C,10000,12.73,1,0.37,N,2,2022,1,0,0
23.0,27996,RENT,7.0,DEBTCONSOLIDATION,A,10000,10.99,1,0.36,N,2,2022,1,0,1
25.0,29000,RENT,5.0,VENTURE,A,10000,7.49,1,0.34,N,2,2022,1,0,0
24.0,29000,RENT,1.0,VENTURE,B,10000,10.74,1,0.34,N,2,2022,1,0,0
24.0,67992,MORTGAGE,8.0,DEBTCONSOLIDATION,B,12000,10.75,0,0.18,N,2,2022,0,0,0
23.0,30000,RENT,7.0,EDUCATION,C,10000,13.99,1,0.33,N,2,2022,1,0,0
23.0,30000,RENT,3.0,DEBTCONSOLIDATION,A,10000,7.49,1,0.33,N,2,2022,1,0,0
22.0,68000,MORTGAGE,6.0,EDUCATION,C,9000,15.27,0,0.13,N,2,2022,0,0,0
23.0,52700,MORTGAGE,7.0,MEDICAL,D,8000,16.29,1,0.13,Y,2,2022,1,0,0
25.0,30000,RENT,9.0,MEDICAL,A,10000,7.51,1,0.33,N,2,2022,1,0,0
22.0,30000,RENT,4.0,EDUCATION,B,10000,11.86,1,0.33,N,2,2022,1,0,0
22.0,68000,MORTGAGE,6.0,PERSONAL,A,10000,7.49,0,0.15,N,2,2022,0,0,0
22.0,30000,RENT,5.0,PERSONAL,C,10000,13.98,1,0.33,Y,2,2022,1,0,0
22.0,68000,MORTGAGE,6.0,PERSONAL,B,10000,10.74,0,0.15,N,2,2022,0,0,0
26.0,68000,MORTGAGE,3.0,DEBTCONSOLIDATION,A,10000,5.79,0,0.15,N,2,2022,0,0,0
24.0,68000,MORTGAGE,1.0,VENTURE,A,6000,10.99,0,0.09,N,2,2022,0,0,1
23.0,68000,MORTGAGE,2.0,VENTURE,B,10000,10.37,0,0.15,N,2,2022,0,0,0
21.0,30000,RENT,1.0,MEDICAL,B,10000,11.14,1,0.33,N,2,2022,1,0,0
22.0,30000,RENT,7.0,VENTURE,B,10000,11.14,1,0.33,N,2,2022,1,0,0
23.0,30000,RENT,3.0,PERSONAL,B,10000,11.14,1,0.33,N,2,2022,1,0,0
22.0,68000,MORTGAGE,6.0,EDUCATION,B,10000,10.99,0,0.15,N,2,2022,0,0,1
22.0,68000,MORTGAGE,6.0,MEDICAL,A,13000,7.88,0,0.19,N,2,2022,0,0,0
24.0,68000,MORTGAGE,7.0,EDUCATION,A,6000,7.88,0,0.09,N,2,2022,0,0,0
24.0,30000,RENT,4.0,DEBTCONSOLIDATION,C,10000,11.66,1,0.33,N,2,2022,1,0,0
24.0,30000,RENT,0.0,PERSONAL,A,10000,8.38,1,0.33,N,2,2022,1,0,0
25.0,30720,RENT,6.0,EDUCATION,B,10000,10.37,1,0.33,N,2,2022,1,0,0
26.0,30720,RENT,5.0,DEBTCONSOLIDATION,A,10000,7.88,1,0.33,N,2,2022,1,0,0
26.0,68000,MORTGAGE,10.0,EDUCATION,A,6500,10.99,0,0.1,N,2,2022,0,0,1
24.0,31000,RENT,2.0,VENTURE,C,10000,14.65,1,0.32,N,2,2022,1,0,0
22.0,31000,RENT,3.0,VENTURE,E,10000,19.42,1,0.32,Y,2,2022,1,0,0
23.0,31000,RENT,0.0,MEDICAL,A,10000,7.51,1,0.32,N,2,2022,1,0,0
23.0,68000,MORTGAGE,2.0,DEBTCONSOLIDATION,C,21000,12.84,0,0.31,N,2,2022,0,0,0
26.0,52700,MORTGAGE,3.0,MEDICAL,D,7500,13.8,1,0.12,N,2,2022,1,0,0
23.0,62000,MORTGAGE,8.0,HOMEIMPROVEMENT,C,9000,11.03,1,0.15,N,2,2022,1,0,0
22.0,32000,RENT,4.0,VENTURE,D,10000,16.07,1,0.31,N,2,2022,1,0,0
21.0,32400,RENT,1.0,EDUCATION,B,10000,11.48,1,0.31,N,2,2022,1,0,0
25.0,62400,OWN,7.0,PERSONAL,E,4000,18.39,1,0.06,Y,2,2022,1,0,0
26.0,33200,RENT,2.0,MEDICAL,B,10000,11.49,0,0.3,N,2,2022,0,0,0
26.0,68500,MORTGAGE,0.0,EDUCATION,B,6500,11.14,0,0.09,N,2,2022,0,0,0
23.0,68686,MORTGAGE,7.0,DEBTCONSOLIDATION,A,6000,10.99,0,0.09,N,2,2022,0,0,1
25.0,33996,RENT,4.0,HOMEIMPROVEMENT,C,10000,12.53,1,0.29,N,2,2022,1,0,0
22.0,34500,RENT,0.0,DEBTCONSOLIDATION,C,10000,13.79,0,0.29,N,2,2022,0,0,0
24.0,68900,MORTGAGE,2.0,HOMEIMPROVEMENT,B,19500,11.83,0,0.28,N,2,2022,0,0,0
26.0,34995,RENT,4.0,EDUCATION,A,10000,7.88,0,0.29,N,2,2022,0,0,0
21.0,69000,MORTGAGE,5.0,PERSONAL,A,13250,6.62,0,0.19,N,2,2022,0,0,0
26.0,63000,MORTGAGE,4.0,EDUCATION,C,12000,15.27,1,0.19,N,2,2022,1,0,0
25.0,69000,MORTGAGE,9.0,MEDICAL,A,23750,6.99,0,0.36,N,2,2022,0,0,0
22.0,69000,MORTGAGE,0.0,EDUCATION,A,15000,8.49,0,0.22,N,2,2022,0,0,0
23.0,35000,RENT,1.0,EDUCATION,A,10000,5.79,0,0.29,N,2,2022,0,0,0
22.0,69000,MORTGAGE,6.0,MEDICAL,A,6500,5.99,0,0.09,N,2,2022,0,0,0
24.0,69000,MORTGAGE,9.0,DEBTCONSOLIDATION,B,3000,11.11,0,0.04,N,2,2022,0,0,0
22.0,35000,RENT,2.0,VENTURE,B,10000,10.99,0,0.29,N,2,2022,0,0,1
23.0,35000,RENT,3.0,DEBTCONSOLIDATION,C,10000,13.22,0,0.29,N,2,2022,0,0,0
25.0,69000,MORTGAGE,5.0,PERSONAL,B,20000,10.75,0,0.29,N,2,2022,0,0,0
24.0,69000,MORTGAGE,9.0,MEDICAL,A,7200,7.88,0,0.1,N,2,2022,0,0,0
25.0,69000,MORTGAGE,3.0,VENTURE,A,6000,7.88,0,0.09,N,2,2022,0,0,0
26.0,69000,MORTGAGE,2.0,DEBTCONSOLIDATION,A,11000,10.99,0,0.16,N,2,2022,0,0,1
24.0,69000,MORTGAGE,7.0,HOMEIMPROVEMENT,E,5200,17.19,0,0.08,N,2,2022,0,0,0
22.0,69000,MORTGAGE,4.0,EDUCATION,A,1000,7.4,0,0.01,N,2,2022,0,0,0
22.0,69000,MORTGAGE,4.0,EDUCATION,D,15000,14.42,0,0.22,Y,2,2022,0,0,0
23.0,69000,MORTGAGE,0.0,EDUCATION,B,8000,10.95,0,0.12,N,2,2022,0,0,0
23.0,69000,MORTGAGE,1.0,VENTURE,B,19000,9.51,0,0.28,N,2,2022,0,0,0
22.0,36000,RENT,5.0,MEDICAL,C,10000,13.49,0,0.28,N,2,2022,0,0,0
22.0,69500,MORTGAGE,6.0,VENTURE,C,6000,13.48,0,0.09,Y,2,2022,0,0,0
25.0,36000,RENT,0.0,PERSONAL,B,10000,11.11,0,0.28,N,2,2022,0,0,0
22.0,36000,RENT,3.0,EDUCATION,C,10000,14.72,0,0.28,N,2,2022,0,0,0
25.0,69570,OWN,0.0,PERSONAL,A,1500,7.74,0,0.02,N,2,2022,0,0,0
25.0,36000,RENT,2.0,PERSONAL,B,10000,10.99,0,0.28,N,2,2022,0,0,1
25.0,69600,MORTGAGE,9.0,VENTURE,B,7000,11.49,0,0.1,N,2,2022,0,0,0
23.0,36000,RENT,0.0,EDUCATION,A,10000,8.59,0,0.28,N,2,2022,0,0,0
22.0,69867,MORTGAGE,2.0,EDUCATION,B,13000,11.14,0,0.19,N,2,2022,0,0,0
25.0,69900,MORTGAGE,9.0,VENTURE,A,5050,5.42,0,0.07,N,2,2022,0,0,0
26.0,69912,MORTGAGE,9.0,VENTURE,A,8000,6.99,0,0.11,N,2,2022,0,0,0
22.0,69950,MORTGAGE,6.0,EDUCATION,C,9750,14.65,0,0.14,N,2,2022,0,0,0
22.0,30400,RENT,2.0,VENTURE,D,10000,12.8,1,0.33,N,2,2022,1,0,0
26.0,69996,MORTGAGE,10.0,DEBTCONSOLIDATION,C,14000,13.49,0,0.2,N,2,2022,0,0,0
22.0,37000,RENT,0.0,DEBTCONSOLIDATION,B,10000,10.99,0,0.27,N,2,2022,0,1,1
24.0,69996,OWN,4.0,MEDICAL,A,10000,10.99,0,0.14,N,2,2022,0,0,1
23.0,69996,MORTGAGE,5.0,VENTURE,B,12000,11.11,0,0.17,N,2,2022,0,0,0
22.0,37000,RENT,2.0,EDUCATION,A,10000,8.59,0,0.27,N,2,2022,0,0,0
22.0,38000,RENT,5.0,PERSONAL,C,10000,13.49,0,0.26,N,2,2022,0,0,0
25.0,32000,RENT,3.0,VENTURE,C,10000,12.99,1,0.31,Y,2,2022,1,0,0
23.0,38000,RENT,4.0,PERSONAL,B,10000,10.99,0,0.26,N,2,2022,0,0,0
24.0,69996,MORTGAGE,5.0,VENTURE,A,12000,10.99,0,0.17,N,2,2022,0,0,1
23.0,69996,MORTGAGE,4.0,VENTURE,A,4000,8.0,0,0.06,N,2,2022,0,0,0
22.0,69996,MORTGAGE,6.0,DEBTCONSOLIDATION,B,15000,12.21,0,0.21,N,2,2022,0,0,0
24.0,69996,MORTGAGE,6.0,HOMEIMPROVEMENT,B,5000,10.2,0,0.07,N,2,2022,0,0,0
22.0,38004,RENT,3.0,EDUCATION,B,10000,10.75,0,0.26,N,2,2022,0,0,0
24.0,64000,MORTGAGE,7.0,HOMEIMPROVEMENT,C,16000,14.65,1,0.25,N,2,2022,1,0,0
22.0,70000,MORTGAGE,5.0,DEBTCONSOLIDATION,C,8000,13.49,0,0.11,Y,2,2022,0,0,0
22.0,70000,MORTGAGE,6.0,MEDICAL,A,6000,6.03,0,0.09,N,2,2022,0,0,0
23.0,70000,MORTGAGE,7.0,EDUCATION,C,2000,13.49,0,0.03,Y,2,2022,0,0,0
26.0,38832,RENT,0.0,DEBTCONSOLIDATION,B,10000,10.37,0,0.26,N,2,2022,0,0,0
25.0,70000,MORTGAGE,1.0,DEBTCONSOLIDATION,C,11300,14.65,0,0.16,Y,2,2022,0,0,0
25.0,70000,MORTGAGE,9.0,PERSONAL,B,1000,12.69,0,0.01,N,2,2022,0,0,0
22.0,70000,MORTGAGE,2.0,EDUCATION,A,5000,6.03,0,0.07,N,2,2022,0,0,0
26.0,70000,MORTGAGE,9.0,VENTURE,A,23750,7.9,0,0.44000000000000006,N,2,2022,0,0,0
25.0,39500,RENT,2.0,MEDICAL,A,10000,5.99,0,0.25,N,2,2022,0,0,0
22.0,39580,RENT,3.0,EDUCATION,B,10000,9.99,0,0.25,N,2,2022,0,0,0
22.0,39600,RENT,5.0,DEBTCONSOLIDATION,B,10000,11.71,0,0.25,N,2,2022,0,0,0
22.0,33948,RENT,4.0,MEDICAL,A,10000,8.32,1,0.29,N,2,2022,1,0,0
23.0,39996,RENT,8.0,MEDICAL,B,10000,10.99,0,0.25,N,2,2022,0,0,1
24.0,64000,MORTGAGE,7.0,VENTURE,F,4000,20.89,1,0.06,N,2,2022,1,0,0
25.0,70000,OWN,9.0,HOMEIMPROVEMENT,B,10000,10.99,0,0.14,N,2,2022,0,0,1
22.0,64000,MORTGAGE,3.0,DEBTCONSOLIDATION,B,14400,11.71,1,0.23,N,2,2022,1,0,0
23.0,70000,MORTGAGE,0.0,EDUCATION,A,10500,7.51,0,0.15,N,2,2022,0,1,0
22.0,70000,MORTGAGE,4.0,VENTURE,A,5025,10.99,0,0.07,N,2,2022,0,0,1
23.0,40000,RENT,7.0,EDUCATION,C,10000,10.99,0,0.25,N,2,2022,0,0,1
24.0,34000,RENT,1.0,HOMEIMPROVEMENT,B,10000,12.69,1,0.29,N,2,2022,1,0,0
24.0,64000,MORTGAGE,8.0,PERSONAL,A,14500,5.42,1,0.23,N,2,2022,1,0,0
23.0,70000,MORTGAGE,3.0,VENTURE,A,15000,8.49,0,0.21,N,2,2022,0,0,0
22.0,40000,RENT,7.0,EDUCATION,B,10000,10.37,0,0.25,N,2,2022,0,0,0
24.0,40000,RENT,0.0,MEDICAL,A,10000,5.79,0,0.25,N,2,2022,0,0,0
21.0,40000,RENT,5.0,EDUCATION,A,10000,10.99,0,0.25,N,2,2022,0,0,1
26.0,70000,MORTGAGE,6.0,HOMEIMPROVEMENT,A,4000,8.49,0,0.06,N,2,2022,0,0,0
22.0,70000,MORTGAGE,1.0,DEBTCONSOLIDATION,A,4500,5.42,0,0.06,N,2,2022,0,0,0
26.0,70000,MORTGAGE,0.0,DEBTCONSOLIDATION,A,8000,10.99,0,0.11,N,2,2022,0,0,1
24.0,40000,RENT,3.0,VENTURE,A,10000,10.99,0,0.25,N,2,2022,0,0,1
22.0,70000,MORTGAGE,2.0,DEBTCONSOLIDATION,A,6000,5.42,0,0.09,N,2,2022,0,0,0
22.0,40000,RENT,6.0,MEDICAL,B,10000,12.21,0,0.25,N,2,2022,0,0,0
23.0,70000,MORTGAGE,5.0,MEDICAL,C,10000,14.79,0,0.14,Y,2,2022,0,0,0
22.0,70000,MORTGAGE,6.0,VENTURE,B,6000,11.49,0,0.09,N,2,2022,0,0,0
25.0,70000,OWN,4.0,PERSONAL,A,4000,7.42,0,0.06,N,2,2022,0,0,0
24.0,70000,OWN,0.0,PERSONAL,A,6000,5.42,0,0.09,N,2,2022,0,1,0
24.0,41004,RENT,2.0,DEBTCONSOLIDATION,B,10000,11.14,0,0.24,N,2,2022,0,0,0
22.0,64000,MORTGAGE,6.0,DEBTCONSOLIDATION,A,6000,10.99,1,0.09,N,2,2022,1,0,1
25.0,70000,MORTGAGE,9.0,VENTURE,B,20000,10.59,0,0.29,N,2,2022,0,0,0
23.0,70000,MORTGAGE,0.0,EDUCATION,B,2500,11.99,0,0.04,N,2,2022,0,1,0
23.0,42000,RENT,4.0,VENTURE,C,10000,10.99,0,0.24,N,2,2022,0,0,1
22.0,36000,RENT,0.0,VENTURE,C,10000,15.27,1,0.28,N,2,2022,1,0,0
25.0,42000,RENT,9.0,MEDICAL,C,10000,14.27,0,0.24,N,2,2022,0,0,0
25.0,42000,RENT,5.0,EDUCATION,C,10000,12.99,0,0.24,Y,2,2022,0,0,0
22.0,70000,MORTGAGE,6.0,VENTURE,B,2000,10.74,0,0.03,N,2,2022,0,0,0
22.0,42000,RENT,3.0,EDUCATION,A,10000,6.92,0,0.24,N,2,2022,0,0,0
23.0,70000,MORTGAGE,7.0,DEBTCONSOLIDATION,A,3500,5.42,0,0.05,N,2,2022,0,0,0
22.0,42000,RENT,3.0,PERSONAL,C,10000,13.98,0,0.24,N,2,2022,0,0,0
22.0,36000,RENT,4.0,PERSONAL,B,10000,11.36,1,0.28,N,2,2022,1,0,0
25.0,42000,RENT,1.0,VENTURE,B,10000,10.99,0,0.24,N,2,2022,0,0,0
24.0,70000,MORTGAGE,7.0,MEDICAL,B,23750,10.99,0,0.36,N,2,2022,0,0,1
25.0,70000,MORTGAGE,9.0,DEBTCONSOLIDATION,A,4000,6.92,0,0.06,N,2,2022,0,0,0
26.0,70000,MORTGAGE,10.0,PERSONAL,B,8000,10.0,0,0.11,N,2,2022,0,0,0
22.0,70000,MORTGAGE,5.0,VENTURE,C,8000,13.35,0,0.11,Y,2,2022,0,0,0
24.0,43000,RENT,8.0,EDUCATION,A,10000,5.79,0,0.23,N,2,2022,0,0,0
22.0,70000,MORTGAGE,3.0,DEBTCONSOLIDATION,B,10000,10.36,0,0.14,N,2,2022,0,0,0
24.0,70000,MORTGAGE,8.0,VENTURE,B,23750,9.62,0,0.36,N,2,2022,0,0,0
22.0,37200,RENT,6.0,PERSONAL,B,10000,10.99,1,0.27,N,2,2022,1,0,1
25.0,70000,MORTGAGE,9.0,PERSONAL,A,12000,5.79,0,0.17,N,2,2022,0,0,0
24.0,44000,RENT,2.0,PERSONAL,A,10000,7.49,0,0.23,N,2,2022,0,0,0
23.0,70000,MORTGAGE,7.0,EDUCATION,A,20000,6.17,0,0.29,N,2,2022,0,0,0
23.0,44796,RENT,2.0,DEBTCONSOLIDATION,B,10000,11.48,0,0.22,N,2,2022,0,0,0
26.0,64000,MORTGAGE,5.0,DEBTCONSOLIDATION,D,7000,15.95,1,0.11,N,2,2022,1,0,0
25.0,45000,RENT,4.0,MEDICAL,B,10000,12.69,0,0.22,N,2,2022,0,0,0
22.0,45000,RENT,6.0,MEDICAL,B,10000,9.91,0,0.22,N,2,2022,0,0,0
22.0,70000,MORTGAGE,6.0,EDUCATION,D,16000,16.32,0,0.23,Y,2,2022,0,0,0
25.0,45000,RENT,0.0,VENTURE,C,10000,12.98,0,0.22,Y,2,2022,0,0,0
22.0,70000,MORTGAGE,1.0,MEDICAL,A,8400,7.88,0,0.12,N,2,2022,0,0,0
24.0,70000,OWN,4.0,VENTURE,D,8000,15.95,0,0.11,Y,2,2022,0,0,0
23.0,70000,MORTGAGE,7.0,PERSONAL,A,6000,7.51,0,0.09,N,2,2022,0,0,0
22.0,45000,RENT,4.0,EDUCATION,A,10000,7.51,0,0.22,N,2,2022,0,0,0
24.0,45000,RENT,3.0,DEBTCONSOLIDATION,A,10000,7.51,0,0.22,N,2,2022,0,0,0
22.0,39000,RENT,2.0,PERSONAL,D,10000,16.07,1,0.26,Y,2,2022,1,0,0
25.0,70000,OWN,4.0,HOMEIMPROVEMENT,D,12000,14.59,0,0.17,N,2,2022,0,0,0
22.0,45000,RENT,3.0,PERSONAL,E,10000,17.93,0,0.22,Y,2,2022,0,0,0
21.0,45000,RENT,3.0,EDUCATION,B,10000,10.25,0,0.22,N,2,2022,0,0,0
24.0,70000,MORTGAGE,9.0,DEBTCONSOLIDATION,B,16000,10.62,0,0.23,N,2,2022,0,0,0
24.0,70000,MORTGAGE,1.0,VENTURE,B,23750,10.62,0,0.36,N,2,2022,0,0,0
24.0,70000,MORTGAGE,8.0,HOMEIMPROVEMENT,B,4800,11.36,0,0.07,N,2,2022,0,0,0
21.0,45000,RENT,5.0,EDUCATION,B,10000,10.99,0,0.22,N,2,2022,0,0,1
26.0,45000,RENT,4.0,MEDICAL,D,10000,14.11,0,0.22,Y,2,2022,0,0,0
24.0,70000,OWN,0.0,EDUCATION,B,15000,12.18,0,0.21,N,2,2022,0,0,0
22.0,52000,RENT,7.0,DEBTCONSOLIDATION,C,4300,10.99,0,0.08,Y,2,2022,0,0,1
22.0,70000,OWN,6.0,MEDICAL,B,12000,12.53,0,0.17,N,2,2022,0,0,0
22.0,27500,RENT,1.0,VENTURE,B,4250,10.99,0,0.15,N,2,2022,0,0,0
24.0,35000,RENT,8.0,PERSONAL,A,4250,6.99,0,0.12,N,2,2022,0,0,0
24.0,70000,OWN,8.0,PERSONAL,B,23750,12.18,0,0.35,N,2,2022,0,0,0
23.0,45600,RENT,5.0,MEDICAL,C,4250,10.99,0,0.09,Y,2,2022,0,0,1
26.0,70000,MORTGAGE,10.0,HOMEIMPROVEMENT,A,12000,8.94,0,0.17,N,2,2022,0,0,0
26.0,48000,RENT,10.0,PERSONAL,B,4225,9.83,0,0.09,N,2,2022,0,0,0
22.0,70000,MORTGAGE,5.0,DEBTCONSOLIDATION,C,15000,13.92,0,0.21,N,2,2022,0,0,0
23.0,45756,RENT,8.0,MEDICAL,A,10000,7.29,0,0.22,N,2,2022,0,0,0
22.0,70000,MORTGAGE,0.0,EDUCATION,D,9600,15.37,0,0.14,N,2,2022,0,0,0
24.0,70000,OTHER,4.0,PERSONAL,A,9000,9.63,0,0.13,N,2,2022,0,0,0
22.0,30000,RENT,2.0,VENTURE,D,4200,15.31,1,0.14,Y,2,2022,1,0,0
22.0,31200,RENT,3.0,VENTURE,C,4200,13.57,0,0.13,Y,2,2022,0,0,0
24.0,70000,MORTGAGE,1.0,VENTURE,B,15000,11.46,0,0.21,N,2,2022,0,0,0
24.0,70000,MORTGAGE,9.0,MEDICAL,A,7500,8.32,0,0.11,N,2,2022,0,0,0
22.0,29000,RENT,6.0,HOMEIMPROVEMENT,A,4200,6.62,1,0.14,N,2,2022,1,0,0
22.0,29000,RENT,0.0,HOMEIMPROVEMENT,D,4200,10.99,1,0.14,N,2,2022,1,0,1
25.0,40000,RENT,2.0,EDUCATION,B,4200,9.63,0,0.1,N,2,2022,0,0,0
24.0,70092,MORTGAGE,0.0,DEBTCONSOLIDATION,B,13950,11.14,0,0.2,N,2,2022,0,0,0
23.0,70200,MORTGAGE,3.0,MEDICAL,A,5000,7.14,0,0.07,N,2,2022,0,0,0
24.0,42000,RENT,9.0,EDUCATION,A,4200,7.9,0,0.1,N,2,2022,0,0,0
22.0,36000,RENT,4.0,MEDICAL,B,4200,9.91,1,0.12,N,2,2022,1,0,0
25.0,37000,RENT,1.0,DEBTCONSOLIDATION,F,4200,10.99,1,0.11,Y,2,2022,1,0,1
24.0,55243,MORTGAGE,6.0,MEDICAL,B,2900,9.62,1,0.04,N,2,2022,1,0,0
25.0,65000,MORTGAGE,4.0,PERSONAL,A,6000,8.9,1,0.09,N,2,2022,1,0,0
22.0,71000,MORTGAGE,6.0,VENTURE,C,1500,15.23,0,0.02,Y,2,2022,0,0,0
23.0,54000,RENT,2.0,MEDICAL,B,4200,10.99,1,0.08,N,2,2022,1,0,0
23.0,71000,MORTGAGE,7.0,VENTURE,A,8500,5.79,0,0.12,N,2,2022,0,0,0
25.0,71000,OWN,0.0,VENTURE,A,3250,5.79,0,0.05,N,2,2022,0,1,0
24.0,71000,MORTGAGE,8.0,EDUCATION,B,3500,11.49,0,0.05,N,2,2022,0,0,0
26.0,65000,RENT,3.0,HOMEIMPROVEMENT,A,4200,7.29,0,0.06,N,2,2022,0,0,0
25.0,65000,RENT,2.0,DEBTCONSOLIDATION,B,4200,10.99,0,0.06,N,2,2022,0,0,1
23.0,60996,RENT,2.0,PERSONAL,D,4200,15.58,1,0.07,N,2,2022,1,0,0
22.0,55250,MORTGAGE,2.0,MEDICAL,D,7400,14.84,1,0.11,N,2,2022,1,0,0
24.0,71000,MORTGAGE,8.0,EDUCATION,B,20000,11.36,0,0.28,N,2,2022,0,0,0
22.0,71000,MORTGAGE,6.0,PERSONAL,A,3200,7.4,0,0.05,N,2,2022,0,0,0
23.0,100000,RENT,4.0,VENTURE,B,4150,10.65,0,0.04,N,2,2022,0,0,0
25.0,22812,RENT,5.0,EDUCATION,D,4125,14.54,0,0.18,Y,2,2022,0,0,0
23.0,42000,RENT,1.0,MEDICAL,A,4100,7.88,0,0.1,N,2,2022,0,0,0
26.0,71040,MORTGAGE,1.0,DEBTCONSOLIDATION,A,3000,5.79,0,0.04,N,2,2022,0,0,0
25.0,82000,RENT,2.0,VENTURE,B,4050,9.99,0,0.05,N,2,2022,0,0,0
24.0,54000,RENT,3.0,EDUCATION,A,4025,6.76,0,0.07,N,2,2022,0,0,0
26.0,46877,RENT,0.0,DEBTCONSOLIDATION,A,10000,5.42,0,0.21,N,2,2022,0,1,0
26.0,47004,RENT,5.0,PERSONAL,D,10000,15.05,0,0.21,N,2,2022,0,0,0
24.0,72000,MORTGAGE,8.0,PERSONAL,A,18000,7.9,0,0.25,N,2,2022,0,0,0
23.0,72000,MORTGAGE,5.0,PERSONAL,D,12000,16.29,0,0.17,N,2,2022,0,0,0
23.0,48000,RENT,6.0,VENTURE,D,10000,15.62,0,0.21,Y,2,2022,0,0,0
25.0,72000,MORTGAGE,9.0,EDUCATION,B,14000,12.42,0,0.19,N,2,2022,0,0,0
23.0,48000,RENT,1.0,DEBTCONSOLIDATION,A,10000,7.29,0,0.21,N,2,2022,0,0,0
21.0,48000,RENT,1.0,DEBTCONSOLIDATION,A,10000,5.79,0,0.21,N,2,2022,0,0,0
23.0,72000,MORTGAGE,7.0,VENTURE,B,2400,12.69,0,0.03,N,2,2022,0,0,0
24.0,72000,MORTGAGE,8.0,PERSONAL,A,12000,6.03,0,0.17,N,2,2022,0,0,0
22.0,72000,OWN,2.0,MEDICAL,A,15000,7.9,0,0.21,N,2,2022,0,0,0
23.0,72000,MORTGAGE,7.0,EDUCATION,A,20000,7.49,0,0.28,N,2,2022,0,0,0
23.0,72000,OWN,0.0,PERSONAL,A,15000,6.99,0,0.21,N,2,2022,0,1,0
22.0,48996,RENT,4.0,EDUCATION,C,10000,12.87,0,0.2,N,2,2022,0,0,0
22.0,43000,RENT,3.0,MEDICAL,D,10000,16.77,1,0.23,N,2,2022,1,0,0
22.0,72000,MORTGAGE,3.0,EDUCATION,A,8400,5.42,0,0.12,N,2,2022,0,0,0
24.0,72000,MORTGAGE,8.0,MEDICAL,C,6000,13.49,0,0.08,N,2,2022,0,0,0
22.0,49920,RENT,6.0,DEBTCONSOLIDATION,B,10000,11.14,0,0.2,N,2,2022,0,0,0
24.0,72000,MORTGAGE,1.0,PERSONAL,A,12000,5.42,0,0.17,N,2,2022,0,0,0
26.0,72000,MORTGAGE,1.0,HOMEIMPROVEMENT,D,10500,15.28,0,0.15,Y,2,2022,0,0,0
24.0,72000,MORTGAGE,7.0,PERSONAL,A,3000,10.99,0,0.04,N,2,2022,0,0,1
23.0,50000,RENT,0.0,DEBTCONSOLIDATION,A,10000,10.99,0,0.2,N,2,2022,0,0,1
24.0,72000,MORTGAGE,4.0,VENTURE,C,2100,10.99,0,0.03,Y,2,2022,0,0,1
22.0,72000,MORTGAGE,7.0,EDUCATION,A,10000,10.99,0,0.14,N,2,2022,0,0,1
24.0,50000,RENT,1.0,PERSONAL,B,10000,11.71,0,0.2,N,2,2022,0,0,0
24.0,50000,RENT,3.0,PERSONAL,A,10000,7.49,0,0.2,N,2,2022,0,0,0
22.0,50000,RENT,6.0,EDUCATION,B,10000,10.99,0,0.2,N,2,2022,0,0,0
22.0,50000,RENT,3.0,DEBTCONSOLIDATION,C,10000,13.99,0,0.2,Y,2,2022,0,0,0
21.0,72000,MORTGAGE,5.0,DEBTCONSOLIDATION,A,2000,6.54,0,0.03,N,2,2022,0,0,0
24.0,72000,MORTGAGE,4.0,MEDICAL,B,5000,9.25,0,0.07,N,2,2022,0,0,0
23.0,50000,RENT,0.0,EDUCATION,A,10000,6.92,0,0.2,N,2,2022,0,0,0
24.0,72000,MORTGAGE,1.0,VENTURE,B,6000,9.99,0,0.08,N,2,2022,0,0,0
23.0,50000,RENT,7.0,MEDICAL,A,10000,10.99,0,0.2,N,2,2022,0,0,1
26.0,50000,RENT,1.0,HOMEIMPROVEMENT,A,10000,6.91,0,0.2,N,2,2022,0,0,0
23.0,72000,MORTGAGE,0.0,PERSONAL,B,5000,11.86,0,0.07,N,2,2022,0,0,0
23.0,72000,MORTGAGE,7.0,MEDICAL,C,8000,13.61,0,0.11,Y,2,2022,0,0,0
23.0,72000,MORTGAGE,7.0,VENTURE,A,9000,6.76,0,0.13,N,2,2022,0,0,0
22.0,50000,RENT,4.0,MEDICAL,A,10000,6.17,0,0.2,N,2,2022,0,0,0
23.0,72000,MORTGAGE,7.0,EDUCATION,A,6400,7.51,0,0.09,N,2,2022,0,0,0
25.0,50000,RENT,4.0,EDUCATION,E,10000,16.82,0,0.2,Y,2,2022,0,0,0
22.0,72000,MORTGAGE,3.0,EDUCATION,B,5000,10.99,0,0.07,N,2,2022,0,0,1
22.0,50000,RENT,4.0,EDUCATION,A,10000,9.32,0,0.2,N,2,2022,0,0,0
22.0,50004,RENT,6.0,PERSONAL,B,10000,12.21,0,0.2,N,2,2022,0,0,0
23.0,56100,MORTGAGE,5.0,MEDICAL,C,18000,14.22,1,0.27,Y,2,2022,1,0,0
25.0,72000,OWN,0.0,HOMEIMPROVEMENT,E,18000,16.82,0,0.25,Y,2,2022,0,1,0
22.0,44307,RENT,6.0,HOMEIMPROVEMENT,B,10000,11.36,1,0.23,N,2,2022,1,0,0
25.0,50500,RENT,3.0,DEBTCONSOLIDATION,C,10000,13.85,0,0.2,N,2,2022,0,0,0
22.0,45000,RENT,6.0,HOMEIMPROVEMENT,C,10000,15.96,1,0.22,N,2,2022,1,0,0
26.0,72000,MORTGAGE,5.0,HOMEIMPROVEMENT,A,6600,10.99,0,0.09,N,2,2022,0,0,1
24.0,51000,RENT,1.0,EDUCATION,B,10000,11.83,0,0.2,N,2,2022,0,0,0
24.0,72000,MORTGAGE,0.0,EDUCATION,B,9000,10.99,0,0.13,N,2,2022,0,0,1
22.0,45000,RENT,1.0,VENTURE,E,10000,10.99,1,0.22,N,2,2022,1,0,1
22.0,51360,RENT,4.0,EDUCATION,D,10000,10.99,0,0.19,N,2,2022,0,0,1
24.0,52000,RENT,2.0,DEBTCONSOLIDATION,B,10000,9.91,0,0.19,N,2,2022,0,0,0
24.0,52000,RENT,3.0,EDUCATION,B,10000,12.42,0,0.19,N,2,2022,0,0,0
25.0,72000,MORTGAGE,7.0,EDUCATION,B,23750,11.89,0,0.35,N,2,2022,0,0,0
25.0,52000,RENT,9.0,EDUCATION,D,10000,10.99,0,0.19,N,2,2022,0,0,1
26.0,66000,MORTGAGE,9.0,DEBTCONSOLIDATION,D,15000,14.42,1,0.23,N,2,2022,1,0,0
25.0,52000,RENT,1.0,HOMEIMPROVEMENT,A,10000,6.91,0,0.19,N,2,2022,0,0,0
22.0,72000,OTHER,6.0,VENTURE,B,15000,11.58,0,0.21,N,2,2022,0,0,0
23.0,52000,RENT,7.0,VENTURE,A,10000,6.54,0,0.19,N,2,2022,0,0,0
24.0,72000,MORTGAGE,8.0,HOMEIMPROVEMENT,E,5000,13.93,0,0.07,Y,2,2022,0,0,0
23.0,46000,RENT,2.0,DEBTCONSOLIDATION,D,10000,12.61,1,0.22,N,2,2022,1,0,0
21.0,72252,MORTGAGE,0.0,VENTURE,A,8000,6.99,0,0.11,N,2,2022,0,0,0
23.0,56403,MORTGAGE,7.0,MEDICAL,D,23750,16.49,1,0.44000000000000006,N,2,2022,1,0,0
24.0,72400,MORTGAGE,4.0,PERSONAL,E,23750,17.99,0,0.35,Y,2,2022,0,0,0
26.0,54000,RENT,6.0,EDUCATION,A,10000,7.9,0,0.19,N,2,2022,0,0,0
23.0,66500,MORTGAGE,0.0,DEBTCONSOLIDATION,B,22000,8.88,1,0.33,N,2,2022,1,0,0
26.0,54316,RENT,10.0,MEDICAL,B,10000,11.86,0,0.18,N,2,2022,0,0,0
26.0,72600,MORTGAGE,3.0,MEDICAL,A,4500,7.74,0,0.06,N,2,2022,0,0,0
26.0,72645,OWN,5.0,VENTURE,A,12000,10.99,0,0.17,N,2,2022,0,0,1
24.0,54996,RENT,5.0,MEDICAL,C,10000,12.99,0,0.18,N,2,2022,0,0,0
25.0,48996,RENT,9.0,MEDICAL,D,10000,14.54,1,0.2,Y,2,2022,1,0,0
24.0,72800,MORTGAGE,8.0,PERSONAL,C,11200,13.79,0,0.15,N,2,2022,0,0,0
25.0,72893,MORTGAGE,9.0,PERSONAL,C,20000,13.22,0,0.27,N,2,2022,0,0,0
22.0,73000,MORTGAGE,6.0,VENTURE,A,7000,7.49,0,0.1,N,2,2022,0,0,0
22.0,73000,MORTGAGE,6.0,EDUCATION,B,7000,10.59,0,0.1,N,2,2022,0,0,0
22.0,73000,MORTGAGE,7.0,VENTURE,D,12000,16.89,0,0.16,Y,2,2022,0,0,0
24.0,73000,MORTGAGE,1.0,MEDICAL,B,10000,11.99,0,0.14,N,2,2022,0,0,0
23.0,55000,RENT,0.0,EDUCATION,B,10000,10.59,0,0.18,N,2,2022,0,0,0
22.0,55000,RENT,7.0,MEDICAL,B,10000,10.37,0,0.18,N,2,2022,0,0,0
22.0,73000,MORTGAGE,6.0,MEDICAL,A,5000,7.49,0,0.07,N,2,2022,0,0,0
24.0,55000,RENT,5.0,HOMEIMPROVEMENT,A,10000,5.42,0,0.18,N,2,2022,0,0,0
24.0,73000,MORTGAGE,4.0,EDUCATION,A,6500,5.42,0,0.09,N,2,2022,0,0,0
22.0,49000,RENT,6.0,PERSONAL,E,10000,16.45,1,0.2,N,2,2022,1,0,0
25.0,73000,MORTGAGE,8.0,DEBTCONSOLIDATION,C,3500,13.23,0,0.05,N,2,2022,0,0,0
24.0,73000,MORTGAGE,3.0,EDUCATION,C,8000,13.23,0,0.11,Y,2,2022,0,0,0
25.0,55016,RENT,0.0,VENTURE,C,10000,13.16,0,0.18,Y,2,2022,0,0,0
23.0,73000,MORTGAGE,7.0,EDUCATION,C,7500,13.22,0,0.1,Y,2,2022,0,0,0
24.0,73000,MORTGAGE,7.0,DEBTCONSOLIDATION,A,14400,8.94,0,0.2,N,2,2022,0,0,0
24.0,56000,RENT,3.0,MEDICAL,B,10000,12.21,0,0.18,N,2,2022,0,0,0
26.0,67000,MORTGAGE,2.0,DEBTCONSOLIDATION,D,6500,14.11,1,0.1,Y,2,2022,1,0,0
22.0,73063,MORTGAGE,4.0,PERSONAL,C,11200,10.99,0,0.15,Y,2,2022,0,0,1
23.0,73164,MORTGAGE,7.0,VENTURE,B,1000,10.36,0,0.01,N,2,2022,0,0,0
25.0,73200,MORTGAGE,7.0,DEBTCONSOLIDATION,A,5000,10.99,0,0.07,N,2,2022,0,0,1
21.0,67400,MORTGAGE,2.0,VENTURE,E,20000,17.74,1,0.3,Y,2,2022,1,0,0
23.0,73426,MORTGAGE,0.0,EDUCATION,C,7500,10.99,0,0.1,N,2,2022,0,0,1
26.0,73440,OWN,1.0,PERSONAL,B,23750,9.91,0,0.44000000000000006,N,2,2022,0,0,0
24.0,73440,MORTGAGE,7.0,EDUCATION,A,7000,6.99,0,0.1,N,2,2022,0,0,0
24.0,51000,RENT,0.0,DEBTCONSOLIDATION,E,10000,17.19,1,0.2,N,2,2022,1,1,0
24.0,67524,MORTGAGE,4.0,PERSONAL,B,10000,9.99,1,0.15,N,2,2022,1,0,0
24.0,73600,MORTGAGE,7.0,HOMEIMPROVEMENT,B,23750,11.36,0,0.33,N,2,2022,0,0,0
22.0,58000,RENT,6.0,DEBTCONSOLIDATION,A,10000,6.54,0,0.17,N,2,2022,0,0,0
23.0,58000,RENT,2.0,DEBTCONSOLIDATION,A,10000,7.88,0,0.17,N,2,2022,0,0,0
22.0,74000,MORTGAGE,6.0,EDUCATION,B,9000,10.99,0,0.12,N,2,2022,0,0,1
26.0,74000,MORTGAGE,10.0,DEBTCONSOLIDATION,B,1200,12.69,0,0.02,N,2,2022,0,0,0
23.0,74000,MORTGAGE,7.0,EDUCATION,B,10000,10.99,0,0.14,N,2,2022,0,0,1
22.0,74000,MORTGAGE,6.0,EDUCATION,A,10000,7.88,0,0.14,N,2,2022,0,0,0
22.0,60000,RENT,2.0,MEDICAL,B,10000,11.71,0,0.17,N,2,2022,0,0,0
23.0,74000,MORTGAGE,0.0,DEBTCONSOLIDATION,B,17500,10.99,0,0.24,N,2,2022,0,0,1
22.0,60000,RENT,0.0,PERSONAL,A,10000,5.99,0,0.17,N,2,2022,0,1,0
23.0,74000,MORTGAGE,7.0,EDUCATION,B,12000,11.58,0,0.16,N,2,2022,0,0,0
24.0,74000,MORTGAGE,6.0,MEDICAL,B,5000,12.21,0,0.07,N,2,2022,0,0,0
24.0,54000,RENT,5.0,PERSONAL,B,10000,10.37,1,0.19,N,2,2022,1,0,0
24.0,60000,RENT,4.0,MEDICAL,A,10000,6.54,0,0.17,N,2,2022,0,0,0
24.0,74448,MORTGAGE,8.0,EDUCATION,A,4000,10.99,0,0.05,N,2,2022,0,0,1
23.0,60000,RENT,5.0,DEBTCONSOLIDATION,A,10000,7.14,0,0.17,N,2,2022,0,0,0
23.0,68500,MORTGAGE,7.0,PERSONAL,D,9800,14.84,1,0.14,N,2,2022,1,0,0
24.0,60000,RENT,1.0,MEDICAL,C,10000,12.73,0,0.17,Y,2,2022,0,0,0
26.0,68551,MORTGAGE,1.0,EDUCATION,C,4000,14.22,1,0.06,Y,2,2022,1,0,0
21.0,60000,RENT,5.0,EDUCATION,B,10000,12.18,0,0.17,N,2,2022,0,0,0
25.0,58313,MORTGAGE,9.0,MEDICAL,E,5300,19.91,1,0.08,Y,2,2022,1,0,0
25.0,74678,MORTGAGE,9.0,DEBTCONSOLIDATION,B,4000,10.62,0,0.05,N,2,2022,0,0,0
21.0,60000,RENT,3.0,MEDICAL,B,10000,12.18,0,0.17,N,2,2022,0,0,0
23.0,60000,RENT,3.0,EDUCATION,E,10000,10.99,0,0.17,N,2,2022,0,0,1
21.0,74880,MORTGAGE,5.0,PERSONAL,A,8500,7.14,0,0.11,N,2,2022,0,0,0
24.0,74900,MORTGAGE,5.0,VENTURE,B,18300,10.99,0,0.24,N,2,2022,0,0,0
24.0,74900,MORTGAGE,8.0,VENTURE,A,3500,6.39,0,0.05,N,2,2022,0,0,0
24.0,60000,RENT,6.0,VENTURE,A,10000,9.32,0,0.17,N,2,2022,0,0,0
23.0,75000,MORTGAGE,5.0,EDUCATION,A,23750,7.9,0,0.42,N,2,2022,0,0,0
23.0,54000,RENT,7.0,PERSONAL,D,10000,14.11,1,0.19,N,2,2022,1,0,0
25.0,60000,RENT,2.0,HOMEIMPROVEMENT,C,10000,12.09,0,0.17,N,2,2022,0,0,0
23.0,75000,MORTGAGE,7.0,VENTURE,B,5400,12.69,0,0.07,N,2,2022,0,0,0
24.0,60629,RENT,7.0,HOMEIMPROVEMENT,A,10000,7.51,0,0.16,N,2,2022,0,0,0
22.0,61500,RENT,3.0,MEDICAL,C,10000,14.22,0,0.16,N,2,2022,0,0,0
23.0,75000,MORTGAGE,7.0,PERSONAL,A,10200,6.03,0,0.14,N,2,2022,0,0,0
26.0,56000,RENT,10.0,HOMEIMPROVEMENT,B,10000,12.69,1,0.18,N,2,2022,1,0,0
22.0,43200,RENT,6.0,EDUCATION,B,4000,11.11,0,0.09,N,2,2022,0,0,0
24.0,44000,RENT,1.0,EDUCATION,B,4000,8.7,0,0.09,N,2,2022,0,0,0
23.0,75000,MORTGAGE,4.0,VENTURE,B,12000,9.91,0,0.16,N,2,2022,0,0,0
22.0,45000,RENT,6.0,PERSONAL,A,4000,7.9,0,0.09,N,2,2022,0,0,0
25.0,75000,MORTGAGE,4.0,VENTURE,B,23750,9.91,0,0.32,N,2,2022,0,0,0
24.0,75000,MORTGAGE,4.0,VENTURE,B,16000,12.42,0,0.21,N,2,2022,0,0,0
22.0,75000,MORTGAGE,6.0,MEDICAL,C,15000,14.27,0,0.2,N,2,2022,0,0,0
21.0,45000,RENT,5.0,VENTURE,C,4000,12.87,0,0.09,Y,2,2022,0,0,0
23.0,45000,RENT,7.0,VENTURE,D,4000,16.32,0,0.09,Y,2,2022,0,0,0
25.0,39000,RENT,0.0,HOMEIMPROVEMENT,E,4000,17.74,1,0.1,N,2,2022,1,0,0
24.0,45000,RENT,8.0,MEDICAL,B,4000,11.83,0,0.09,N,2,2022,0,0,0
23.0,75000,OWN,5.0,PERSONAL,B,21000,12.42,0,0.28,N,2,2022,0,0,0
24.0,75000,MORTGAGE,4.0,HOMEIMPROVEMENT,A,15000,6.03,0,0.2,N,2,2022,0,0,0
23.0,62000,RENT,1.0,DEBTCONSOLIDATION,A,10000,8.94,0,0.16,N,2,2022,0,0,0
26.0,62000,RENT,1.0,DEBTCONSOLIDATION,B,10000,11.26,0,0.16,N,2,2022,0,0,0
24.0,75000,MORTGAGE,3.0,VENTURE,A,16000,6.62,0,0.21,N,2,2022,0,0,0
22.0,62322,RENT,7.0,EDUCATION,B,10000,10.99,0,0.16,N,2,2022,0,0,1
22.0,62364,RENT,2.0,EDUCATION,B,10000,10.99,0,0.16,N,2,2022,0,0,0
25.0,62366,RENT,8.0,EDUCATION,A,10000,8.94,0,0.16,N,2,2022,0,0,0
25.0,69000,MORTGAGE,4.0,EDUCATION,C,4500,14.65,1,0.07,Y,2,2022,1,0,0
25.0,75000,MORTGAGE,5.0,EDUCATION,A,5800,10.99,0,0.08,N,2,2022,0,0,1
21.0,75000,MORTGAGE,5.0,VENTURE,B,14125,10.99,0,0.19,N,2,2022,0,0,0
26.0,75000,MORTGAGE,9.0,EDUCATION,C,4000,12.99,0,0.05,N,2,2022,0,0,0
23.0,75000,MORTGAGE,4.0,PERSONAL,A,7000,8.49,0,0.09,N,2,2022,0,0,0
26.0,75000,MORTGAGE,5.0,HOMEIMPROVEMENT,A,12500,5.99,0,0.17,N,2,2022,0,0,0
26.0,69000,MORTGAGE,10.0,HOMEIMPROVEMENT,D,6200,15.99,1,0.09,N,2,2022,1,0,0
22.0,69000,MORTGAGE,6.0,DEBTCONSOLIDATION,D,10000,15.62,1,0.14,Y,2,2022,1,0,0
22.0,75000,MORTGAGE,6.0,EDUCATION,A,11000,5.42,0,0.15,N,2,2022,0,0,0
24.0,65000,RENT,3.0,PERSONAL,B,10000,12.42,0,0.15,N,2,2022,0,0,0
26.0,75000,MORTGAGE,4.0,HOMEIMPROVEMENT,A,7000,6.99,0,0.09,N,2,2022,0,0,0
21.0,65000,RENT,1.0,EDUCATION,B,10000,9.99,0,0.15,N,2,2022,0,0,0
22.0,65000,RENT,1.0,DEBTCONSOLIDATION,B,10000,10.0,0,0.15,N,2,2022,0,0,0
26.0,75000,MORTGAGE,6.0,MEDICAL,A,13000,6.99,0,0.17,N,2,2022,0,0,0
22.0,65000,RENT,2.0,EDUCATION,B,10000,9.88,0,0.15,N,2,2022,0,0,0
22.0,75000,MORTGAGE,4.0,MEDICAL,A,9000,6.99,0,0.12,N,2,2022,0,0,0
26.0,75000,MORTGAGE,7.0,VENTURE,A,10000,7.49,0,0.13,N,2,2022,0,0,0
25.0,65000,RENT,0.0,EDUCATION,B,10000,10.95,0,0.15,N,2,2022,0,0,0
24.0,75000,MORTGAGE,5.0,HOMEIMPROVEMENT,A,12000,5.99,0,0.16,N,2,2022,0,0,0
25.0,65900,RENT,2.0,DEBTCONSOLIDATION,A,10000,8.49,0,0.15,N,2,2022,0,0,0
26.0,75000,MORTGAGE,6.0,EDUCATION,A,5000,7.66,0,0.07,N,2,2022,0,0,0
23.0,75000,OWN,5.0,VENTURE,A,10000,6.92,0,0.13,N,2,2022,0,0,0
22.0,75000,MORTGAGE,6.0,EDUCATION,A,10600,5.79,0,0.14,N,2,2022,0,0,0
24.0,67600,RENT,7.0,HOMEIMPROVEMENT,D,10000,16.02,0,0.15,Y,2,2022,0,0,0
24.0,68000,RENT,3.0,PERSONAL,D,10000,16.02,0,0.15,Y,2,2022,0,0,0
22.0,75000,MORTGAGE,3.0,EDUCATION,A,9000,5.79,0,0.12,N,2,2022,0,0,0
23.0,75000,MORTGAGE,3.0,VENTURE,C,10200,12.68,0,0.14,Y,2,2022,0,0,0
26.0,63000,RENT,1.0,VENTURE,E,10000,16.4,1,0.16,Y,2,2022,1,0,0
25.0,75000,MORTGAGE,3.0,PERSONAL,A,6000,6.92,0,0.08,N,2,2022,0,0,0
24.0,69600,RENT,2.0,PERSONAL,A,10000,8.38,0,0.14,N,2,2022,0,0,0
23.0,75000,MORTGAGE,0.0,EDUCATION,B,12000,9.62,0,0.16,N,2,2022,0,0,0
24.0,70000,RENT,1.0,EDUCATION,B,10000,11.71,0,0.14,N,2,2022,0,0,0
25.0,58650,MORTGAGE,0.0,MEDICAL,A,5200,6.54,1,0.08,N,2,2022,1,0,0
24.0,75000,MORTGAGE,9.0,HOMEIMPROVEMENT,A,11500,5.42,0,0.15,N,2,2022,0,0,0
24.0,69000,MORTGAGE,4.0,DEBTCONSOLIDATION,D,23750,15.57,1,0.36,N,2,2022,1,0,0
23.0,75000,OWN,8.0,EDUCATION,A,8000,6.17,0,0.11,N,2,2022,0,0,0
22.0,75000,MORTGAGE,6.0,MEDICAL,B,23750,9.25,0,0.33,N,2,2022,0,0,0
24.0,70000,RENT,8.0,VENTURE,E,10000,16.45,0,0.14,N,2,2022,0,0,0
23.0,75000,MORTGAGE,7.0,EDUCATION,B,7100,9.25,0,0.09,N,2,2022,0,0,0
22.0,75000,MORTGAGE,6.0,DEBTCONSOLIDATION,A,18000,5.79,0,0.24,N,2,2022,0,0,0
22.0,75000,MORTGAGE,0.0,PERSONAL,D,19800,15.57,0,0.26,Y,2,2022,0,0,0
24.0,70000,RENT,1.0,EDUCATION,B,10000,9.88,0,0.14,N,2,2022,0,0,0
24.0,70000,RENT,4.0,VENTURE,C,10000,12.41,0,0.14,Y,2,2022,0,0,0
22.0,70800,RENT,6.0,EDUCATION,C,10000,12.61,0,0.14,Y,2,2022,0,0,0
23.0,70872,RENT,7.0,DEBTCONSOLIDATION,C,10000,10.99,0,0.14,N,2,2022,0,0,1
22.0,71000,RENT,3.0,MEDICAL,A,10000,7.29,0,0.14,N,2,2022,0,0,0
23.0,71496,RENT,7.0,EDUCATION,A,10000,7.51,0,0.14,N,2,2022,0,0,0
22.0,75000,MORTGAGE,6.0,PERSONAL,A,9000,7.14,0,0.12,N,2,2022,0,0,0
26.0,65600,RENT,5.0,EDUCATION,D,10000,13.55,1,0.15,Y,2,2022,1,0,0
22.0,72000,RENT,5.0,PERSONAL,D,10000,17.27,0,0.14,N,2,2022,0,0,0
24.0,75000,MORTGAGE,8.0,PERSONAL,B,1200,11.49,0,0.02,N,2,2022,0,0,0
23.0,75000,MORTGAGE,7.0,VENTURE,B,17000,11.12,0,0.23,N,2,2022,0,0,0
22.0,75000,MORTGAGE,6.0,EDUCATION,C,16000,13.61,0,0.21,N,2,2022,0,0,0
23.0,72000,RENT,3.0,PERSONAL,A,10000,6.91,0,0.14,N,2,2022,0,0,0
24.0,75000,MORTGAGE,8.0,MEDICAL,A,15000,7.51,0,0.2,N,2,2022,0,0,0
21.0,75000,MORTGAGE,4.0,MEDICAL,B,23750,10.99,0,0.33,N,2,2022,0,0,1
22.0,66500,RENT,0.0,VENTURE,D,10000,14.11,1,0.15,Y,2,2022,1,0,0
24.0,75000,MORTGAGE,6.0,VENTURE,B,23750,10.99,0,0.33,N,2,2022,0,0,0
23.0,69000,MORTGAGE,0.0,HOMEIMPROVEMENT,D,15000,14.96,1,0.22,N,2,2022,1,0,0
21.0,75000,MORTGAGE,5.0,PERSONAL,C,20000,13.11,0,0.27,Y,2,2022,0,0,0
23.0,75000,MORTGAGE,3.0,MEDICAL,C,11000,13.85,0,0.15,N,2,2022,0,0,0
24.0,75000,OWN,8.0,EDUCATION,B,15000,10.99,0,0.2,N,2,2022,0,0,1
25.0,75000,OWN,9.0,EDUCATION,B,5600,10.62,0,0.07,N,2,2022,0,0,0
23.0,75000,RENT,0.0,PERSONAL,B,10000,11.49,0,0.13,N,2,2022,0,0,0
23.0,75000,MORTGAGE,7.0,EDUCATION,A,8000,7.05,0,0.11,N,2,2022,0,0,0
23.0,75000,MORTGAGE,4.0,EDUCATION,A,8000,8.59,0,0.11,N,2,2022,0,0,0
25.0,69000,RENT,3.0,HOMEIMPROVEMENT,D,10000,14.09,1,0.14,Y,2,2022,1,0,0
24.0,75000,MORTGAGE,8.0,HOMEIMPROVEMENT,B,23750,11.83,0,0.33,N,2,2022,0,0,0
26.0,75000,RENT,10.0,EDUCATION,D,10000,15.58,0,0.13,Y,2,2022,0,0,0
23.0,75000,RENT,0.0,DEBTCONSOLIDATION,A,10000,9.63,0,0.13,N,2,2022,0,0,0
22.0,58650,MORTGAGE,6.0,MEDICAL,D,23750,14.96,1,0.36,N,2,2022,1,0,0
24.0,75000,OWN,8.0,MEDICAL,B,16500,12.18,0,0.22,N,2,2022,0,0,0
26.0,75000,MORTGAGE,10.0,DEBTCONSOLIDATION,A,10000,8.94,0,0.13,N,2,2022,0,0,0
22.0,78000,RENT,3.0,VENTURE,B,10000,12.42,0,0.13,N,2,2022,0,0,0
21.0,78000,RENT,4.0,VENTURE,A,10000,5.99,0,0.13,N,2,2022,0,0,0
23.0,78204,RENT,0.0,EDUCATION,A,10000,7.49,0,0.13,N,2,2022,0,0,0
22.0,75000,MORTGAGE,3.0,PERSONAL,A,5600,8.0,0,0.07,N,2,2022,0,0,0
22.0,79000,RENT,3.0,DEBTCONSOLIDATION,A,10000,7.88,0,0.13,N,2,2022,0,0,0
22.0,74000,RENT,2.0,PERSONAL,A,10000,7.51,1,0.14,N,2,2022,1,0,0
22.0,80000,RENT,5.0,EDUCATION,C,10000,14.27,0,0.13,N,2,2022,0,0,0
23.0,80000,RENT,5.0,PERSONAL,A,10000,8.49,0,0.13,N,2,2022,0,0,0
22.0,75000,MORTGAGE,7.0,DEBTCONSOLIDATION,B,8000,12.21,0,0.11,N,2,2022,0,0,0
25.0,80000,RENT,0.0,MEDICAL,B,10000,10.37,0,0.13,N,2,2022,0,0,0
24.0,74000,RENT,1.0,HOMEIMPROVEMENT,D,10000,14.54,1,0.14,N,2,2022,1,0,0
22.0,75000,OWN,6.0,EDUCATION,A,4800,8.0,0,0.06,N,2,2022,0,0,0
24.0,69000,MORTGAGE,1.0,EDUCATION,B,4900,10.96,1,0.07,N,2,2022,1,0,0
23.0,75000,MORTGAGE,0.0,EDUCATION,A,6000,8.0,0,0.08,N,2,2022,0,0,0
25.0,75000,MORTGAGE,9.0,PERSONAL,C,10000,11.34,0,0.13,Y,2,2022,0,0,0
24.0,80004,RENT,3.0,EDUCATION,A,10000,6.62,0,0.12,N,2,2022,0,0,0
23.0,80038,RENT,3.0,PERSONAL,B,10000,10.59,0,0.12,N,2,2022,0,0,0
24.0,75200,OWN,5.0,EDUCATION,A,6500,7.14,0,0.09,N,2,2022,0,0,0
25.0,75500,MORTGAGE,9.0,EDUCATION,B,7000,11.36,0,0.09,N,2,2022,0,0,0
26.0,75555,MORTGAGE,4.0,MEDICAL,B,10000,10.39,0,0.13,N,2,2022,0,0,0
24.0,75600,MORTGAGE,5.0,VENTURE,A,7200,5.99,0,0.1,N,2,2022,0,0,0
25.0,75600,MORTGAGE,7.0,MEDICAL,C,15000,12.68,0,0.2,N,2,2022,0,0,0
24.0,75744,MORTGAGE,2.0,PERSONAL,B,15000,10.38,0,0.2,N,2,2022,0,0,0
22.0,75744,MORTGAGE,6.0,VENTURE,B,6700,11.83,0,0.09,N,2,2022,0,0,0
25.0,84000,RENT,5.0,HOMEIMPROVEMENT,C,10000,13.49,0,0.12,N,2,2022,0,0,0
23.0,84000,RENT,7.0,DEBTCONSOLIDATION,A,10000,5.99,0,0.12,N,2,2022,0,0,0
26.0,75873,MORTGAGE,6.0,PERSONAL,B,1200,10.25,0,0.02,N,2,2022,0,0,0
26.0,59497,OWN,2.0,MEDICAL,E,7000,17.88,1,0.1,N,2,2022,1,0,0
23.0,75996,MORTGAGE,7.0,MEDICAL,B,15000,10.62,0,0.2,N,2,2022,0,0,0
24.0,76000,MORTGAGE,8.0,PERSONAL,A,12000,6.03,0,0.16,N,2,2022,0,0,0
22.0,73000,RENT,0.0,PERSONAL,D,10000,18.25,1,0.14,Y,2,2022,1,0,0
22.0,76000,MORTGAGE,5.0,VENTURE,B,23750,10.99,0,0.32,N,2,2022,0,0,0
24.0,76000,MORTGAGE,9.0,DEBTCONSOLIDATION,B,20050,10.59,0,0.26,N,2,2022,0,0,0
26.0,85000,RENT,3.0,HOMEIMPROVEMENT,A,10000,10.99,0,0.12,N,2,2022,0,0,1
24.0,85000,RENT,6.0,PERSONAL,C,10000,13.72,0,0.12,Y,2,2022,0,0,0
25.0,76000,MORTGAGE,9.0,PERSONAL,C,6000,12.98,0,0.08,Y,2,2022,0,0,0
26.0,85500,RENT,0.0,EDUCATION,A,10000,10.99,0,0.12,N,2,2022,0,0,1
25.0,86000,RENT,10.0,HOMEIMPROVEMENT,D,10000,10.99,0,0.12,N,2,2022,0,0,1
23.0,76000,OWN,3.0,EDUCATION,B,18000,10.99,0,0.24,N,2,2022,0,0,0
24.0,75996,RENT,1.0,DEBTCONSOLIDATION,E,10000,16.0,1,0.13,N,2,2022,1,0,0
26.0,88000,RENT,10.0,VENTURE,B,10000,12.69,0,0.11,N,2,2022,0,0,0
24.0,90000,RENT,0.0,DEBTCONSOLIDATION,A,10000,10.99,0,0.11,N,2,2022,0,0,1
25.0,59623,MORTGAGE,9.0,MEDICAL,B,3400,10.99,1,0.05,N,2,2022,1,0,1
26.0,76160,MORTGAGE,10.0,EDUCATION,A,7400,7.51,0,0.1,N,2,2022,0,0,0
25.0,90000,RENT,9.0,DEBTCONSOLIDATION,B,10000,12.42,0,0.11,N,2,2022,0,0,0
25.0,90000,RENT,5.0,PERSONAL,A,10000,7.49,0,0.11,N,2,2022,0,0,0
25.0,76300,MORTGAGE,9.0,HOMEIMPROVEMENT,B,3000,11.86,0,0.04,N,2,2022,0,0,0
24.0,90000,RENT,8.0,HOMEIMPROVEMENT,B,10000,10.99,0,0.11,N,2,2022,0,0,1
23.0,90000,RENT,4.0,VENTURE,A,10000,7.51,0,0.11,N,2,2022,0,0,0
23.0,91000,RENT,5.0,EDUCATION,B,10000,10.2,0,0.11,N,2,2022,0,0,0
22.0,76800,MORTGAGE,4.0,PERSONAL,A,12000,8.9,0,0.16,N,2,2022,0,0,0
25.0,76800,MORTGAGE,5.0,PERSONAL,C,20000,10.99,0,0.26,Y,2,2022,0,0,1
23.0,76896,MORTGAGE,8.0,EDUCATION,B,23750,11.71,0,0.33,N,2,2022,0,0,0
24.0,77000,MORTGAGE,6.0,DEBTCONSOLIDATION,B,12000,12.42,0,0.16,N,2,2022,0,0,0
26.0,92652,RENT,4.0,VENTURE,C,10000,13.23,0,0.11,Y,2,2022,0,0,0
23.0,93000,RENT,6.0,EDUCATION,C,10000,14.26,0,0.11,N,2,2022,0,0,0
24.0,94000,RENT,8.0,HOMEIMPROVEMENT,E,10000,18.64,0,0.11,N,2,2022,0,0,0
23.0,77000,OWN,3.0,VENTURE,A,3500,5.99,0,0.05,N,2,2022,0,0,0
24.0,77000,MORTGAGE,1.0,HOMEIMPROVEMENT,B,4000,11.99,0,0.05,N,2,2022,0,0,0
24.0,77000,MORTGAGE,2.0,EDUCATION,B,3850,11.11,0,0.05,N,2,2022,0,0,0
24.0,95000,RENT,8.0,DEBTCONSOLIDATION,A,10000,10.99,0,0.11,N,2,2022,0,0,1
23.0,65400,RENT,1.0,DEBTCONSOLIDATION,C,10075,13.98,0,0.15,Y,2,2022,0,0,0
25.0,77000,MORTGAGE,6.0,EDUCATION,D,8000,15.33,0,0.1,N,2,2022,0,0,0
20.0,77000,MORTGAGE,4.0,VENTURE,A,6000,8.0,0,0.08,N,2,2022,0,0,0
24.0,71000,MORTGAGE,6.0,EDUCATION,B,5000,10.39,1,0.07,N,2,2022,1,0,0
23.0,71000,MORTGAGE,2.0,DEBTCONSOLIDATION,E,20000,15.13,1,0.28,Y,2,2022,1,0,0
25.0,77004,MORTGAGE,9.0,PERSONAL,B,15000,9.63,0,0.19,N,2,2022,0,0,0
23.0,77004,MORTGAGE,7.0,VENTURE,A,6000,7.88,0,0.08,N,2,2022,0,0,0
25.0,77004,MORTGAGE,2.0,DEBTCONSOLIDATION,C,16000,13.92,0,0.21,N,2,2022,0,0,0
20.0,77052,MORTGAGE,4.0,EDUCATION,B,23750,11.36,0,0.31,N,2,2022,0,0,0
25.0,77078,MORTGAGE,1.0,DEBTCONSOLIDATION,B,3425,12.18,0,0.04,N,2,2022,0,0,0
23.0,55000,RENT,0.0,PERSONAL,C,10200,12.73,0,0.19,Y,2,2022,0,0,0
24.0,22000,RENT,8.0,EDUCATION,A,11000,7.51,1,0.44000000000000006,N,2,2022,1,0,0
21.0,29000,RENT,6.0,MEDICAL,C,11000,13.49,1,0.38,Y,2,2022,1,0,0
21.0,29004,RENT,5.0,MEDICAL,C,11000,14.22,1,0.38,N,2,2022,1,0,0
25.0,30720,RENT,2.0,HOMEIMPROVEMENT,C,11000,13.72,1,0.36,N,2,2022,1,0,0
23.0,33000,RENT,0.0,DEBTCONSOLIDATION,A,11000,7.66,1,0.33,N,2,2022,1,0,0
25.0,29000,RENT,9.0,PERSONAL,A,11000,8.49,1,0.38,N,2,2022,1,0,0
23.0,78000,MORTGAGE,7.0,EDUCATION,B,2400,12.42,0,0.03,N,2,2022,0,0,0
23.0,78000,MORTGAGE,0.0,MEDICAL,A,10000,6.62,0,0.13,N,2,2022,0,0,0
23.0,78000,MORTGAGE,5.0,EDUCATION,B,5000,11.71,0,0.06,N,2,2022,0,0,0
26.0,78000,MORTGAGE,7.0,PERSONAL,A,7200,6.62,0,0.09,N,2,2022,0,0,0
22.0,72000,MORTGAGE,1.0,PERSONAL,C,8500,15.96,1,0.12,N,2,2022,1,0,0
25.0,45000,RENT,2.0,DEBTCONSOLIDATION,C,11100,13.11,0,0.25,N,2,2022,0,0,0
23.0,78000,MORTGAGE,4.0,PERSONAL,A,15000,8.49,0,0.19,N,2,2022,0,0,0
26.0,78000,MORTGAGE,7.0,HOMEIMPROVEMENT,B,3000,11.49,0,0.04,N,2,2022,0,0,0
21.0,40000,OWN,5.0,MEDICAL,A,12000,8.9,0,0.3,N,2,2022,0,0,0
24.0,78000,MORTGAGE,3.0,DEBTCONSOLIDATION,B,20000,10.37,0,0.26,N,2,2022,0,0,0
25.0,78000,MORTGAGE,9.0,EDUCATION,A,8000,5.79,0,0.1,N,2,2022,0,0,0
23.0,78000,MORTGAGE,7.0,EDUCATION,A,4600,7.66,0,0.06,N,2,2022,0,0,0
22.0,40000,RENT,2.0,VENTURE,A,11200,7.88,0,0.28,N,2,2022,0,0,0
25.0,78000,MORTGAGE,0.0,DEBTCONSOLIDATION,A,10000,5.79,0,0.13,N,2,2022,0,0,0
26.0,78000,MORTGAGE,4.0,PERSONAL,B,1750,10.36,0,0.02,N,2,2022,0,0,0
23.0,45000,RENT,2.0,PERSONAL,B,11200,10.59,0,0.25,N,2,2022,0,0,0
23.0,72000,MORTGAGE,6.0,VENTURE,C,12000,13.61,1,0.17,Y,2,2022,1,0,0
23.0,72000,MORTGAGE,5.0,EDUCATION,F,19000,10.99,1,0.26,Y,2,2022,1,0,1
23.0,78000,MORTGAGE,7.0,EDUCATION,A,6150,7.88,0,0.08,N,2,2022,0,0,0
23.0,54000,RENT,4.0,EDUCATION,C,11200,13.99,0,0.21,Y,2,2022,0,0,0
22.0,78000,MORTGAGE,6.0,EDUCATION,E,16000,16.45,0,0.21,Y,2,2022,0,0,0
24.0,78000,MORTGAGE,5.0,DEBTCONSOLIDATION,C,8000,13.22,0,0.1,N,2,2022,0,0,0
22.0,78000,MORTGAGE,6.0,DEBTCONSOLIDATION,B,9600,10.95,0,0.12,N,2,2022,0,0,0
25.0,61200,MORTGAGE,9.0,MEDICAL,D,20000,14.74,1,0.28,Y,2,2022,1,0,0
25.0,68000,RENT,4.0,PERSONAL,B,11200,11.99,0,0.16,N,2,2022,0,0,0
22.0,69700,RENT,4.0,VENTURE,B,11200,10.99,0,0.16,N,2,2022,0,0,1
24.0,61200,MORTGAGE,9.0,MEDICAL,B,13500,10.83,1,0.19,N,2,2022,1,0,0
22.0,78000,OTHER,4.0,PERSONAL,B,5600,10.99,0,0.07,N,2,2022,0,0,1
25.0,72000,RENT,8.0,PERSONAL,B,11200,10.36,0,0.16,N,2,2022,0,0,0
24.0,78400,MORTGAGE,5.0,VENTURE,C,17400,13.48,0,0.22,N,2,2022,0,0,0
26.0,100016,RENT,10.0,EDUCATION,C,11200,13.98,0,0.11,Y,2,2022,0,0,0
22.0,78413,MORTGAGE,6.0,EDUCATION,B,17500,10.65,0,0.22,N,2,2022,0,0,0
25.0,78500,MORTGAGE,9.0,DEBTCONSOLIDATION,A,16000,7.88,0,0.2,N,2,2022,0,0,0
25.0,45000,RENT,2.0,DEBTCONSOLIDATION,A,11250,9.38,0,0.25,N,2,2022,0,0,0
25.0,78720,MORTGAGE,6.0,MEDICAL,B,10000,9.62,0,0.13,N,2,2022,0,0,0
26.0,78948,MORTGAGE,3.0,MEDICAL,B,17500,11.83,0,0.22,N,2,2022,0,0,0
22.0,72955,MORTGAGE,6.0,PERSONAL,B,7500,10.99,1,0.1,N,2,2022,1,0,1
22.0,45000,RENT,6.0,EDUCATION,C,11300,13.48,0,0.25,Y,2,2022,0,0,0
22.0,78996,OWN,6.0,MEDICAL,B,10000,11.11,0,0.13,N,2,2022,0,0,0
23.0,71000,RENT,7.0,MEDICAL,A,11300,7.49,0,0.16,N,2,2022,0,0,0
23.0,79000,MORTGAGE,7.0,EDUCATION,A,17825,6.62,0,0.23,N,2,2022,0,0,0
24.0,43000,RENT,3.0,MEDICAL,A,11400,10.99,0,0.27,N,2,2022,0,0,1
25.0,79000,OWN,3.0,VENTURE,A,14000,6.92,0,0.18,N,2,2022,0,0,0
22.0,79000,MORTGAGE,3.0,VENTURE,C,23750,13.8,0,0.44,Y,2,2022,0,0,0
25.0,79000,MORTGAGE,9.0,DEBTCONSOLIDATION,A,10000,5.79,0,0.13,N,2,2022,0,0,0
22.0,79000,MORTGAGE,6.0,EDUCATION,B,10000,10.99,0,0.13,N,2,2022,0,0,0
23.0,79000,MORTGAGE,2.0,EDUCATION,A,3200,7.88,0,0.04,N,2,2022,0,0,0
25.0,79000,MORTGAGE,2.0,MEDICAL,C,15000,13.79,0,0.19,N,2,2022,0,0,0
26.0,79200,MORTGAGE,8.0,MEDICAL,A,6075,6.03,0,0.08,N,2,2022,0,0,0
26.0,79500,MORTGAGE,1.0,EDUCATION,B,6000,11.36,0,0.08,N,2,2022,0,0,0
21.0,34500,RENT,2.0,HOMEIMPROVEMENT,D,11500,15.31,1,0.33,N,2,2022,1,0,0
25.0,79992,MORTGAGE,9.0,EDUCATION,A,10000,6.03,0,0.13,N,2,2022,0,0,0
23.0,34000,RENT,0.0,DEBTCONSOLIDATION,B,11500,11.49,1,0.34,N,2,2022,1,0,0
26.0,80000,MORTGAGE,5.0,VENTURE,D,12000,16.29,0,0.15,N,2,2022,0,0,0
24.0,42000,RENT,8.0,DEBTCONSOLIDATION,A,11500,7.88,0,0.27,N,2,2022,0,0,0
24.0,80000,MORTGAGE,9.0,MEDICAL,A,10000,10.99,0,0.13,N,2,2022,0,0,1
23.0,80000,MORTGAGE,7.0,EDUCATION,B,15000,12.42,0,0.19,N,2,2022,0,0,0
25.0,80000,MORTGAGE,4.0,MEDICAL,C,23750,13.49,0,0.31,N,2,2022,0,0,0
22.0,40000,OWN,4.0,EDUCATION,A,8000,5.79,0,0.2,N,2,2022,0,0,0
24.0,80000,MORTGAGE,8.0,HOMEIMPROVEMENT,A,18000,7.9,0,0.23,N,2,2022,0,0,0
24.0,63000,RENT,3.0,VENTURE,C,11500,14.79,0,0.18,N,2,2022,0,0,0
24.0,68298,RENT,3.0,VENTURE,A,11500,10.99,0,0.17,N,2,2022,0,0,1
25.0,80000,MORTGAGE,9.0,DEBTCONSOLIDATION,A,4000,6.62,0,0.05,N,2,2022,0,0,0
24.0,80000,MORTGAGE,7.0,VENTURE,A,12000,6.62,0,0.15,N,2,2022,0,0,0
25.0,74000,MORTGAGE,9.0,EDUCATION,A,18000,7.9,1,0.24,N,2,2022,1,0,0
24.0,125000,RENT,4.0,VENTURE,B,11500,10.38,0,0.09,N,2,2022,0,0,0
25.0,77954,RENT,9.0,DEBTCONSOLIDATION,D,11550,16.77,1,0.15,N,2,2022,1,0,0
22.0,80000,MORTGAGE,5.0,MEDICAL,B,9500,11.71,0,0.12,N,2,2022,0,0,0
26.0,71000,RENT,0.0,MEDICAL,B,11600,10.99,0,0.16,N,2,2022,0,0,0
23.0,57996,RENT,1.0,MEDICAL,C,11650,13.47,0,0.2,N,2,2022,0,0,0
26.0,30000,RENT,6.0,MEDICAL,B,11700,11.71,1,0.39,N,2,2022,1,0,0
25.0,80000,MORTGAGE,5.0,PERSONAL,A,18200,7.9,0,0.23,N,2,2022,0,0,0
22.0,66000,RENT,6.0,DEBTCONSOLIDATION,E,11750,17.14,1,0.18,N,2,2022,1,0,0
22.0,35000,RENT,4.0,VENTURE,B,11800,10.95,1,0.34,N,2,2022,1,0,0
25.0,80000,MORTGAGE,6.0,MEDICAL,A,3000,6.03,0,0.04,N,2,2022,0,0,0
23.0,42000,RENT,6.0,EDUCATION,B,11800,12.69,0,0.28,N,2,2022,0,0,0
22.0,42500,RENT,7.0,MEDICAL,D,11850,14.11,1,0.28,Y,2,2022,1,0,0
25.0,50000,RENT,6.0,PERSONAL,B,11875,10.65,0,0.24,N,2,2022,0,0,0
23.0,80000,MORTGAGE,7.0,VENTURE,B,22000,10.65,0,0.28,N,2,2022,0,0,0
22.0,80000,MORTGAGE,6.0,EDUCATION,B,23750,10.99,0,0.44,N,2,2022,0,0,1
25.0,80000,MORTGAGE,5.0,VENTURE,A,12000,5.99,0,0.15,N,2,2022,0,0,0
23.0,74000,MORTGAGE,5.0,DEBTCONSOLIDATION,D,23750,10.99,1,0.35,N,2,2022,1,0,1
22.0,24000,RENT,0.0,PERSONAL,C,12000,14.79,1,0.44000000000000006,N,2,2022,1,0,0
23.0,80000,MORTGAGE,7.0,EDUCATION,B,10000,10.99,0,0.13,N,2,2022,0,0,1
24.0,26000,RENT,5.0,MEDICAL,A,12000,7.9,1,0.44000000000000006,N,2,2022,1,0,0
24.0,80000,MORTGAGE,8.0,HOMEIMPROVEMENT,A,5550,8.49,0,0.07,N,2,2022,0,0,0
21.0,80000,MORTGAGE,5.0,EDUCATION,A,12000,5.99,0,0.15,N,2,2022,0,0,0
24.0,80000,MORTGAGE,2.0,MEDICAL,B,2500,11.49,0,0.03,N,2,2022,0,0,0
24.0,80000,MORTGAGE,4.0,VENTURE,A,3000,6.99,0,0.04,N,2,2022,0,0,0
24.0,29000,RENT,0.0,MEDICAL,D,12000,15.05,1,0.41,Y,2,2022,1,0,0
24.0,80000,MORTGAGE,8.0,VENTURE,D,5000,15.62,0,0.06,Y,2,2022,0,0,0
22.0,30000,RENT,2.0,EDUCATION,C,12000,13.72,1,0.4,N,2,2022,1,0,0
23.0,80000,MORTGAGE,3.0,VENTURE,A,5500,5.42,0,0.07,N,2,2022,0,0,0
22.0,30000,RENT,2.0,VENTURE,D,12000,14.46,1,0.4,N,2,2022,1,0,0
21.0,80000,MORTGAGE,5.0,EDUCATION,C,5000,12.99,0,0.06,N,2,2022,0,0,0
22.0,31200,RENT,6.0,EDUCATION,B,12000,10.39,1,0.38,N,2,2022,1,0,0
22.0,31800,RENT,0.0,DEBTCONSOLIDATION,A,12000,5.42,1,0.38,N,2,2022,1,1,0
22.0,80000,MORTGAGE,7.0,EDUCATION,B,1500,10.37,0,0.02,N,2,2022,0,0,0
24.0,32000,RENT,4.0,MEDICAL,A,12000,7.51,1,0.38,N,2,2022,1,0,0
22.0,74000,MORTGAGE,0.0,VENTURE,G,19000,20.48,1,0.26,Y,2,2022,1,0,0
24.0,32000,RENT,1.0,MEDICAL,A,12000,7.29,1,0.38,N,2,2022,1,0,0
24.0,32000,RENT,8.0,DEBTCONSOLIDATION,C,12000,12.87,1,0.38,Y,2,2022,1,0,0
22.0,32500,RENT,0.0,MEDICAL,B,12000,11.49,1,0.37,N,2,2022,1,0,0
24.0,80000,MORTGAGE,8.0,PERSONAL,D,23750,14.46,0,0.31,Y,2,2022,0,0,0
23.0,80000,OWN,7.0,PERSONAL,B,9000,9.62,0,0.11,N,2,2022,0,0,0
25.0,80000,MORTGAGE,0.0,VENTURE,A,12000,6.91,0,0.15,N,2,2022,0,0,0
25.0,80000,MORTGAGE,5.0,DEBTCONSOLIDATION,A,18000,5.79,0,0.23,N,2,2022,0,0,0
26.0,34138,RENT,3.0,DEBTCONSOLIDATION,B,12000,10.39,1,0.35,N,2,2022,1,0,0
22.0,34500,RENT,3.0,EDUCATION,D,12000,14.84,1,0.35,Y,2,2022,1,0,0
24.0,34500,RENT,4.0,MEDICAL,B,12000,10.38,1,0.35,N,2,2022,1,0,0
24.0,80000,MORTGAGE,6.0,PERSONAL,A,16000,7.88,0,0.2,N,2,2022,0,0,0
22.0,35000,RENT,2.0,PERSONAL,B,12000,10.99,1,0.34,N,2,2022,1,0,1
21.0,40000,OWN,1.0,EDUCATION,C,15000,13.16,0,0.38,N,2,2022,0,0,0
24.0,35000,RENT,1.0,VENTURE,A,12000,6.54,1,0.34,N,2,2022,1,0,0
26.0,35000,RENT,0.0,EDUCATION,C,12000,10.91,1,0.34,Y,2,2022,1,0,0
26.0,80000,MORTGAGE,5.0,DEBTCONSOLIDATION,A,7000,7.51,0,0.09,N,2,2022,0,0,0
22.0,36000,RENT,6.0,VENTURE,B,12000,11.49,1,0.33,N,2,2022,1,0,0
24.0,80000,MORTGAGE,8.0,EDUCATION,B,18000,10.62,0,0.23,N,2,2022,0,0,0
26.0,80000,MORTGAGE,10.0,EDUCATION,D,15000,16.07,0,0.19,N,2,2022,0,0,0
26.0,62900,OWN,4.0,MEDICAL,E,23750,10.99,1,0.33,Y,2,2022,1,0,1
22.0,31200,RENT,7.0,EDUCATION,B,12000,10.99,1,0.38,N,2,2022,1,0,0
25.0,80000,MORTGAGE,5.0,DEBTCONSOLIDATION,A,8500,7.51,0,0.11,N,2,2022,0,0,0
24.0,80000,MORTGAGE,0.0,MEDICAL,C,23750,10.99,0,0.31,Y,2,2022,0,0,1
22.0,37392,RENT,1.0,EDUCATION,B,12000,10.62,1,0.32,N,2,2022,1,0,0
22.0,80000,MORTGAGE,6.0,PERSONAL,A,5000,7.14,0,0.06,N,2,2022,0,0,0
21.0,32000,RENT,6.0,MEDICAL,D,12000,10.99,1,0.38,Y,2,2022,1,0,1
23.0,38000,RENT,7.0,PERSONAL,B,12000,11.71,1,0.32,N,2,2022,1,0,0
22.0,62900,MORTGAGE,6.0,MEDICAL,E,12000,16.35,1,0.16,Y,2,2022,1,0,0
25.0,80000,MORTGAGE,10.0,EDUCATION,D,23750,15.31,0,0.31,N,2,2022,0,0,0
24.0,80000,OWN,0.0,VENTURE,A,5500,8.94,0,0.07,N,2,2022,0,0,0
25.0,38340,RENT,9.0,MEDICAL,B,12000,11.71,1,0.31,N,2,2022,1,0,0
23.0,80000,MORTGAGE,7.0,PERSONAL,B,8500,11.14,0,0.11,N,2,2022,0,0,0
23.0,74000,MORTGAGE,4.0,HOMEIMPROVEMENT,B,23750,12.18,1,0.34,N,2,2022,1,0,0
26.0,80000,OWN,5.0,PERSONAL,C,7000,13.22,0,0.09,Y,2,2022,0,0,0
26.0,38400,RENT,0.0,MEDICAL,A,12000,5.99,1,0.31,N,2,2022,1,0,0
25.0,39600,RENT,2.0,MEDICAL,B,12000,10.99,0,0.3,N,2,2022,0,0,0
25.0,39779,RENT,8.0,VENTURE,A,12000,5.79,0,0.3,N,2,2022,0,0,0
23.0,80000,MORTGAGE,7.0,EDUCATION,B,17000,12.21,0,0.21,N,2,2022,0,0,0
22.0,80000,MORTGAGE,0.0,DEBTCONSOLIDATION,A,10000,8.32,0,0.13,N,2,2022,0,0,0
23.0,39996,RENT,6.0,PERSONAL,B,12000,9.63,0,0.3,N,2,2022,0,0,0
24.0,80000,OWN,8.0,MEDICAL,B,20000,9.51,0,0.25,N,2,2022,0,0,0
22.0,74000,MORTGAGE,6.0,HOMEIMPROVEMENT,C,11200,10.99,1,0.15,Y,2,2022,1,0,1
24.0,40000,RENT,6.0,MEDICAL,C,12000,13.49,0,0.3,N,2,2022,0,0,0
26.0,40000,RENT,2.0,MEDICAL,A,12000,7.51,0,0.3,N,2,2022,0,0,0
22.0,40000,RENT,2.0,DEBTCONSOLIDATION,B,12000,10.99,0,0.3,N,2,2022,0,0,0
26.0,40000,RENT,2.0,MEDICAL,A,12000,7.88,0,0.3,N,2,2022,0,0,0
23.0,80004,MORTGAGE,2.0,VENTURE,B,19000,10.62,0,0.24,N,2,2022,0,0,0
26.0,40000,RENT,1.0,PERSONAL,B,12000,11.58,0,0.3,N,2,2022,0,0,0
23.0,40100,RENT,7.0,MEDICAL,B,12000,9.91,0,0.3,N,2,2022,0,0,0
25.0,80140,MORTGAGE,4.0,DEBTCONSOLIDATION,B,11300,10.37,0,0.14,N,2,2022,0,0,0
26.0,40800,RENT,2.0,PERSONAL,A,12000,10.99,0,0.29,N,2,2022,0,0,1
23.0,42000,RENT,4.0,EDUCATION,C,12000,13.49,0,0.29,N,2,2022,0,0,0
22.0,74500,MORTGAGE,6.0,DEBTCONSOLIDATION,D,7500,13.17,1,0.1,N,2,2022,1,0,0
24.0,80689,MORTGAGE,1.0,DEBTCONSOLIDATION,C,16000,13.22,0,0.2,Y,2,2022,0,0,0
26.0,80730,MORTGAGE,7.0,HOMEIMPROVEMENT,A,9600,7.29,0,0.12,N,2,2022,0,0,0
21.0,42000,RENT,0.0,EDUCATION,C,12000,13.23,0,0.29,N,2,2022,0,0,0
23.0,80832,OWN,0.0,MEDICAL,D,15000,15.65,0,0.19,N,2,2022,0,0,0
26.0,81000,MORTGAGE,10.0,DEBTCONSOLIDATION,A,10750,8.49,0,0.13,N,2,2022,0,0,0
24.0,42500,RENT,9.0,PERSONAL,B,12000,11.36,0,0.28,N,2,2022,0,0,0
25.0,42900,RENT,5.0,EDUCATION,A,12000,8.9,0,0.28,N,2,2022,0,0,0
25.0,43000,RENT,1.0,VENTURE,C,12000,13.16,0,0.28,Y,2,2022,0,0,0
25.0,81000,OWN,9.0,VENTURE,D,12000,10.99,0,0.15,Y,2,2022,0,0,1
26.0,43680,RENT,0.0,PERSONAL,B,12000,10.37,0,0.27,N,2,2022,0,0,0
22.0,81000,MORTGAGE,6.0,EDUCATION,B,23750,9.88,0,0.3,N,2,2022,0,0,0
22.0,44160,RENT,7.0,VENTURE,D,12000,13.24,0,0.27,Y,2,2022,0,0,0
22.0,44412,RENT,3.0,PERSONAL,C,12000,13.11,0,0.27,Y,2,2022,0,0,0
25.0,81000,MORTGAGE,2.0,MEDICAL,B,5200,10.95,0,0.06,N,2,2022,0,0,0
24.0,81100,MORTGAGE,8.0,PERSONAL,B,3200,10.99,0,0.04,N,2,2022,0,0,1
25.0,39000,OWN,2.0,HOMEIMPROVEMENT,D,4400,14.84,0,0.11,N,2,2022,0,0,0
22.0,45000,RENT,6.0,EDUCATION,A,12000,6.62,0,0.27,N,2,2022,0,0,0
25.0,39000,OWN,3.0,MEDICAL,B,3600,11.86,0,0.09,N,2,2022,0,0,0
22.0,81400,MORTGAGE,4.0,MEDICAL,B,8500,10.99,0,0.1,N,2,2022,0,0,1
22.0,81500,MORTGAGE,6.0,PERSONAL,A,20000,6.54,0,0.25,N,2,2022,0,0,0
23.0,39000,OWN,7.0,MEDICAL,B,3000,10.62,0,0.08,N,2,2022,0,0,0
25.0,81600,MORTGAGE,10.0,HOMEIMPROVEMENT,B,20000,12.18,0,0.25,N,2,2022,0,0,0
22.0,81800,MORTGAGE,6.0,EDUCATION,A,2500,6.39,0,0.03,N,2,2022,0,0,0
21.0,39760,RENT,0.0,PERSONAL,D,12000,16.07,1,0.3,Y,2,2022,1,0,0
26.0,82000,MORTGAGE,5.0,EDUCATION,C,1000,14.27,0,0.01,Y,2,2022,0,0,0
26.0,82000,MORTGAGE,5.0,PERSONAL,A,19075,7.9,0,0.23,N,2,2022,0,0,0
23.0,82000,MORTGAGE,7.0,PERSONAL,D,9000,10.99,0,0.11,Y,2,2022,0,0,1
25.0,82000,MORTGAGE,3.0,HOMEIMPROVEMENT,B,15000,10.37,0,0.18,N,2,2022,0,0,0
25.0,47000,RENT,2.0,MEDICAL,C,12000,15.96,0,0.26,Y,2,2022,0,0,0
23.0,82000,MORTGAGE,5.0,PERSONAL,B,9600,10.0,0,0.12,N,2,2022,0,0,0
25.0,47000,RENT,3.0,MEDICAL,B,12000,10.37,0,0.26,N,2,2022,0,0,0
23.0,82000,MORTGAGE,0.0,MEDICAL,A,14400,10.99,0,0.18,N,2,2022,0,0,1
22.0,82000,MORTGAGE,6.0,EDUCATION,B,10750,9.25,0,0.13,N,2,2022,0,0,0
23.0,76000,MORTGAGE,8.0,DEBTCONSOLIDATION,B,6000,11.49,1,0.08,N,2,2022,1,0,0
26.0,38400,OWN,0.0,HOMEIMPROVEMENT,B,7000,12.69,0,0.18,N,2,2022,0,1,0
23.0,48000,RENT,3.0,PERSONAL,A,12000,6.03,0,0.25,N,2,2022,0,0,0
25.0,48000,RENT,0.0,MEDICAL,C,12000,13.49,0,0.25,Y,2,2022,0,0,0
22.0,82000,MORTGAGE,6.0,DEBTCONSOLIDATION,C,10000,12.87,0,0.12,Y,2,2022,0,0,0
26.0,82000,MORTGAGE,1.0,HOMEIMPROVEMENT,C,20000,13.57,0,0.24,N,2,2022,0,0,0
22.0,82000,MORTGAGE,6.0,DEBTCONSOLIDATION,C,6000,10.99,0,0.07,N,2,2022,0,0,1
26.0,76000,MORTGAGE,10.0,DEBTCONSOLIDATION,E,7200,16.35,1,0.09,Y,2,2022,1,0,0
26.0,82000,MORTGAGE,1.0,VENTURE,C,5000,13.47,0,0.06,Y,2,2022,0,0,0
23.0,54000,RENT,0.0,DEBTCONSOLIDATION,B,12000,12.42,1,0.22,N,2,2022,1,0,0
23.0,60000,RENT,2.0,DEBTCONSOLIDATION,B,12000,12.69,0,0.2,N,2,2022,0,0,0
26.0,82305,MORTGAGE,10.0,DEBTCONSOLIDATION,A,18600,6.99,0,0.23,N,2,2022,0,0,0
26.0,60000,RENT,5.0,DEBTCONSOLIDATION,A,12000,6.62,0,0.2,N,2,2022,0,0,0
25.0,60000,RENT,9.0,EDUCATION,A,12000,7.9,0,0.2,N,2,2022,0,0,0
23.0,60000,RENT,0.0,PERSONAL,A,12000,7.88,0,0.2,N,2,2022,0,0,0
22.0,60000,RENT,2.0,EDUCATION,B,12000,10.99,0,0.2,N,2,2022,0,0,0
21.0,83000,MORTGAGE,3.0,VENTURE,A,14000,8.49,0,0.17,N,2,2022,0,0,0
24.0,60000,RENT,5.0,MEDICAL,A,12000,9.63,0,0.2,N,2,2022,0,0,0
24.0,60000,RENT,0.0,PERSONAL,B,12000,12.21,0,0.2,N,2,2022,0,0,0
25.0,83000,MORTGAGE,9.0,HOMEIMPROVEMENT,B,13000,10.99,0,0.16,N,2,2022,0,0,0
23.0,38376,OWN,0.0,VENTURE,C,8400,13.8,0,0.22,Y,2,2022,0,1,0
23.0,60000,RENT,3.0,PERSONAL,A,12000,9.63,0,0.2,N,2,2022,0,0,0
22.0,38272,OWN,6.0,MEDICAL,B,4800,9.99,0,0.13,N,2,2022,0,0,0
23.0,83000,MORTGAGE,7.0,EDUCATION,B,1500,11.12,0,0.02,N,2,2022,0,0,0
24.0,60500,RENT,9.0,EDUCATION,D,12000,16.49,0,0.2,N,2,2022,0,0,0
21.0,83000,MORTGAGE,5.0,VENTURE,C,7000,12.73,0,0.08,Y,2,2022,0,0,0
23.0,23500,RENT,4.0,EDUCATION,C,3000,13.23,0,0.13,Y,2,2022,0,0,0
23.0,83004,MORTGAGE,7.0,VENTURE,C,3500,12.61,0,0.04,Y,2,2022,0,0,0
22.0,83004,MORTGAGE,6.0,EDUCATION,A,23750,7.88,0,0.29,N,2,2022,0,0,0
24.0,83004,MORTGAGE,6.0,DEBTCONSOLIDATION,B,23750,10.99,0,0.3,N,2,2022,0,0,1
24.0,38004,OWN,3.0,EDUCATION,C,3000,13.35,0,0.08,Y,2,2022,0,0,0
23.0,77200,MORTGAGE,4.0,EDUCATION,C,22000,13.23,1,0.28,N,2,2022,1,0,0
26.0,83500,MORTGAGE,0.0,MEDICAL,A,6500,8.59,0,0.08,N,2,2022,0,0,0
24.0,25000,RENT,3.0,MEDICAL,B,3000,10.95,0,0.12,N,2,2022,0,0,0
24.0,25000,RENT,3.0,EDUCATION,A,3000,8.32,0,0.12,N,2,2022,0,0,0
23.0,84000,MORTGAGE,7.0,EDUCATION,A,16000,6.03,0,0.19,N,2,2022,0,0,0
24.0,26400,RENT,7.0,MEDICAL,A,3000,10.99,0,0.11,N,2,2022,0,0,1
23.0,26880,RENT,6.0,DEBTCONSOLIDATION,C,3000,12.23,0,0.11,Y,2,2022,0,0,0
24.0,27000,RENT,0.0,VENTURE,B,3000,11.14,0,0.11,N,2,2022,0,0,0
25.0,84000,MORTGAGE,9.0,VENTURE,B,5000,10.99,0,0.06,N,2,2022,0,0,0
22.0,27996,RENT,4.0,MEDICAL,A,3000,10.99,0,0.11,N,2,2022,0,0,1
23.0,84000,MORTGAGE,7.0,EDUCATION,B,23000,11.99,0,0.27,N,2,2022,0,0,0
24.0,84000,MORTGAGE,8.0,EDUCATION,B,18000,9.99,0,0.21,N,2,2022,0,0,0
25.0,28800,RENT,2.0,DEBTCONSOLIDATION,B,3000,12.42,0,0.1,N,2,2022,0,0,0
22.0,84000,MORTGAGE,5.0,PERSONAL,A,10000,10.99,0,0.12,N,2,2022,0,0,1
26.0,84000,MORTGAGE,5.0,EDUCATION,C,21000,13.49,0,0.25,Y,2,2022,0,0,0
23.0,84000,MORTGAGE,4.0,DEBTCONSOLIDATION,A,7000,6.92,0,0.08,N,2,2022,0,0,0
25.0,29000,RENT,0.0,HOMEIMPROVEMENT,F,3000,20.25,1,0.1,Y,2,2022,1,0,0
22.0,84000,MORTGAGE,6.0,DEBTCONSOLIDATION,A,7200,5.79,0,0.09,N,2,2022,0,0,0
24.0,84000,MORTGAGE,8.0,HOMEIMPROVEMENT,A,8000,7.51,0,0.1,N,2,2022,0,0,0
23.0,62000,RENT,8.0,DEBTCONSOLIDATION,A,12000,5.79,0,0.19,N,2,2022,0,0,0
23.0,84000,MORTGAGE,7.0,PERSONAL,B,23750,10.25,0,0.3,N,2,2022,0,0,0
25.0,62204,RENT,3.0,VENTURE,D,12000,14.11,0,0.19,Y,2,2022,0,0,0
23.0,84000,MORTGAGE,7.0,VENTURE,B,23750,12.53,0,0.3,N,2,2022,0,0,0
24.0,78000,MORTGAGE,0.0,PERSONAL,B,15000,10.99,1,0.19,N,2,2022,1,0,1
23.0,78000,MORTGAGE,1.0,VENTURE,C,8000,12.87,1,0.1,N,2,2022,1,0,0
26.0,84000,MORTGAGE,6.0,HOMEIMPROVEMENT,C,2150,13.47,0,0.03,N,2,2022,0,0,0
22.0,84000,MORTGAGE,6.0,DEBTCONSOLIDATION,A,7500,8.63,0,0.09,N,2,2022,0,0,0
23.0,84000,MORTGAGE,2.0,EDUCATION,D,20000,12.61,0,0.24,Y,2,2022,0,0,0
23.0,63250,RENT,1.0,EDUCATION,B,12000,10.99,0,0.19,N,2,2022,0,0,1
23.0,64000,RENT,0.0,PERSONAL,C,12000,13.16,0,0.19,N,2,2022,0,0,0
23.0,84554,MORTGAGE,3.0,DEBTCONSOLIDATION,A,3600,6.03,0,0.04,N,2,2022,0,0,0
26.0,64404,RENT,3.0,EDUCATION,B,12000,11.89,0,0.19,N,2,2022,0,0,0
24.0,65000,RENT,5.0,DEBTCONSOLIDATION,A,12000,8.9,0,0.18,N,2,2022,0,0,0
24.0,84996,OWN,4.0,PERSONAL,D,8000,15.57,0,0.09,Y,2,2022,0,0,0
23.0,84996,MORTGAGE,0.0,EDUCATION,C,16750,14.35,0,0.2,N,2,2022,0,0,0
24.0,59000,RENT,5.0,MEDICAL,D,12000,15.28,1,0.2,Y,2,2022,1,0,0
25.0,84996,MORTGAGE,3.0,VENTURE,A,3000,10.99,0,0.04,N,2,2022,0,0,1
22.0,84996,OTHER,3.0,DEBTCONSOLIDATION,B,15000,11.48,0,0.18,N,2,2022,0,0,0
22.0,65400,RENT,1.0,EDUCATION,C,12000,13.06,0,0.18,N,2,2022,0,0,0
23.0,66000,RENT,7.0,EDUCATION,C,12000,14.65,0,0.18,Y,2,2022,0,0,0
26.0,66000,RENT,3.0,MEDICAL,B,12000,11.83,0,0.18,N,2,2022,0,0,0
25.0,62500,RENT,2.0,VENTURE,D,12000,16.77,1,0.19,N,2,2022,1,0,0
24.0,85000,MORTGAGE,8.0,VENTURE,A,15000,7.9,0,0.18,N,2,2022,0,0,0
22.0,85000,MORTGAGE,0.0,EDUCATION,C,20000,13.49,0,0.24,Y,2,2022,0,0,0
24.0,69500,RENT,8.0,PERSONAL,B,12000,10.65,0,0.17,N,2,2022,0,0,0
25.0,70000,RENT,9.0,VENTURE,A,12000,8.9,0,0.17,N,2,2022,0,0,0
23.0,70000,RENT,3.0,VENTURE,A,12000,7.9,0,0.17,N,2,2022,0,0,0
22.0,85000,MORTGAGE,0.0,VENTURE,A,15000,6.03,0,0.18,N,2,2022,0,1,0
25.0,70000,RENT,0.0,EDUCATION,B,12000,11.99,0,0.17,N,2,2022,0,0,0
22.0,73000,MORTGAGE,6.0,HOMEIMPROVEMENT,C,6000,13.49,1,0.08,Y,2,2022,1,0,0
22.0,64000,RENT,7.0,EDUCATION,C,12000,12.87,1,0.19,Y,2,2022,1,0,0
23.0,70000,RENT,4.0,MEDICAL,A,12000,10.99,0,0.17,N,2,2022,0,0,1
24.0,85000,MORTGAGE,8.0,PERSONAL,A,23750,10.99,0,0.41,N,2,2022,0,0,1
22.0,85000,MORTGAGE,6.0,PERSONAL,A,12500,10.99,0,0.15,N,2,2022,0,0,1
24.0,85000,MORTGAGE,2.0,PERSONAL,C,7500,13.99,0,0.09,Y,2,2022,0,0,0
24.0,85000,MORTGAGE,7.0,VENTURE,A,12000,5.99,0,0.14,N,2,2022,0,0,0
23.0,85000,MORTGAGE,6.0,EDUCATION,B,10000,10.99,0,0.12,N,2,2022,0,0,0
22.0,85000,MORTGAGE,3.0,PERSONAL,A,10000,5.99,0,0.12,N,2,2022,0,0,0
25.0,66000,RENT,9.0,PERSONAL,D,12000,16.89,1,0.18,N,2,2022,1,0,0
24.0,85000,OWN,2.0,EDUCATION,B,23750,11.99,0,0.32,N,2,2022,0,0,0
26.0,85000,MORTGAGE,10.0,EDUCATION,A,4650,8.49,0,0.05,N,2,2022,0,0,0
21.0,72100,RENT,6.0,PERSONAL,A,12000,5.79,0,0.17,N,2,2022,0,0,0
25.0,85000,MORTGAGE,10.0,VENTURE,B,16000,10.99,0,0.19,N,2,2022,0,0,0
25.0,85000,MORTGAGE,6.0,DEBTCONSOLIDATION,C,1500,13.06,0,0.02,N,2,2022,0,0,0
24.0,85000,OWN,4.0,HOMEIMPROVEMENT,D,6250,14.91,0,0.07,N,2,2022,0,0,0
26.0,85000,MORTGAGE,0.0,VENTURE,B,20000,10.37,0,0.24,N,2,2022,0,0,0
22.0,85000,MORTGAGE,6.0,EDUCATION,A,10000,10.99,0,0.12,N,2,2022,0,0,1
23.0,85000,MORTGAGE,0.0,EDUCATION,B,23750,10.74,0,0.28,N,2,2022,0,1,0
23.0,85000,MORTGAGE,3.0,EDUCATION,B,15000,10.0,0,0.18,N,2,2022,0,0,0
23.0,85000,MORTGAGE,2.0,EDUCATION,A,5000,5.42,0,0.06,N,2,2022,0,0,0
26.0,41004,RENT,2.0,MEDICAL,B,3000,11.14,0,0.07,N,2,2022,0,0,0
22.0,42000,RENT,6.0,DEBTCONSOLIDATION,B,3000,12.69,0,0.07,N,2,2022,0,0,0
24.0,73000,MORTGAGE,9.0,EDUCATION,E,23750,16.32,1,0.34,N,2,2022,1,0,0
25.0,85000,MORTGAGE,0.0,EDUCATION,A,14000,5.79,0,0.16,N,2,2022,0,0,0
26.0,85000,MORTGAGE,3.0,DEBTCONSOLIDATION,B,4000,9.25,0,0.05,N,2,2022,0,0,0
22.0,85000,MORTGAGE,6.0,EDUCATION,C,5000,12.61,0,0.06,N,2,2022,0,0,0
22.0,42000,RENT,6.0,PERSONAL,B,3000,11.49,0,0.07,N,2,2022,0,0,0
25.0,85000,MORTGAGE,4.0,HOMEIMPROVEMENT,A,5000,6.17,0,0.06,N,2,2022,0,0,0
22.0,85000,MORTGAGE,2.0,VENTURE,A,6000,7.88,0,0.07,N,2,2022,0,0,0
23.0,85000,MORTGAGE,8.0,DEBTCONSOLIDATION,C,5000,14.35,0,0.06,Y,2,2022,0,0,0
25.0,85000,MORTGAGE,7.0,PERSONAL,A,2000,10.99,0,0.02,N,2,2022,0,0,1
23.0,42000,RENT,5.0,EDUCATION,E,3000,17.93,0,0.07,Y,2,2022,0,0,0
25.0,85000,MORTGAGE,9.0,VENTURE,A,4000,7.88,0,0.05,N,2,2022,0,0,0
26.0,42000,RENT,10.0,MEDICAL,B,3000,11.83,0,0.07,N,2,2022,0,0,0
24.0,85000,MORTGAGE,2.0,HOMEIMPROVEMENT,B,7500,10.99,0,0.09,N,2,2022,0,0,1
23.0,85000,MORTGAGE,5.0,EDUCATION,A,8000,7.14,0,0.09,N,2,2022,0,0,0
21.0,85000,MORTGAGE,5.0,EDUCATION,B,23750,10.99,0,0.29,N,2,2022,0,0,0
23.0,36000,RENT,0.0,EDUCATION,C,3000,12.29,1,0.08,N,2,2022,1,0,0
22.0,42224,RENT,6.0,DEBTCONSOLIDATION,C,3000,13.48,0,0.07,Y,2,2022,0,0,0
23.0,85000,OWN,3.0,MEDICAL,D,15000,15.33,0,0.18,Y,2,2022,0,0,0
25.0,42264,RENT,3.0,DEBTCONSOLIDATION,B,3000,10.71,0,0.07,N,2,2022,0,0,0
25.0,68500,RENT,4.0,EDUCATION,C,12000,13.16,1,0.18,Y,2,2022,1,0,0
23.0,75000,RENT,3.0,EDUCATION,C,12000,14.27,0,0.16,Y,2,2022,0,0,0
26.0,85000,OWN,10.0,EDUCATION,B,10000,12.18,0,0.12,N,2,2022,0,0,0
22.0,75000,RENT,6.0,PERSONAL,C,12000,13.49,0,0.16,N,2,2022,0,0,0
24.0,75000,RENT,0.0,VENTURE,A,12000,6.62,0,0.16,N,2,2022,0,0,0
24.0,85000,MORTGAGE,1.0,DEBTCONSOLIDATION,A,4400,7.4,0,0.05,N,2,2022,0,0,0
22.0,75000,RENT,6.0,EDUCATION,A,12000,10.99,0,0.16,N,2,2022,0,0,1
23.0,75000,RENT,2.0,PERSONAL,C,12000,12.98,0,0.16,Y,2,2022,0,0,0
23.0,73000,OTHER,1.0,PERSONAL,F,23750,17.9,1,0.34,N,2,2022,1,0,0
25.0,85000,MORTGAGE,9.0,PERSONAL,A,1000,9.32,0,0.01,N,2,2022,0,0,0
22.0,62050,MORTGAGE,1.0,MEDICAL,D,6000,14.74,1,0.08,N,2,2022,1,0,0
21.0,75000,RENT,5.0,PERSONAL,C,12000,12.09,0,0.16,Y,2,2022,0,0,0
26.0,77000,RENT,2.0,DEBTCONSOLIDATION,B,12000,11.71,0,0.16,N,2,2022,0,0,0
24.0,73000,MORTGAGE,8.0,HOMEIMPROVEMENT,C,9325,12.53,1,0.13,N,2,2022,1,0,0
25.0,85000,OWN,1.0,HOMEIMPROVEMENT,C,5000,13.79,0,0.06,Y,2,2022,0,0,0
26.0,78000,RENT,4.0,DEBTCONSOLIDATION,A,12000,7.14,0,0.15,N,2,2022,0,0,0
25.0,78000,RENT,6.0,HOMEIMPROVEMENT,B,12000,12.53,0,0.15,N,2,2022,0,0,0
25.0,78500,RENT,2.0,MEDICAL,B,12000,10.99,0,0.15,N,2,2022,0,0,0
26.0,85000,MORTGAGE,10.0,HOMEIMPROVEMENT,C,4800,11.59,0,0.06,Y,2,2022,0,0,0
23.0,85000,MORTGAGE,7.0,DEBTCONSOLIDATION,A,7000,8.63,0,0.08,N,2,2022,0,0,0
23.0,73500,RENT,1.0,VENTURE,C,12000,12.99,1,0.16,N,2,2022,1,0,0
24.0,80000,RENT,5.0,VENTURE,B,12000,9.91,0,0.15,N,2,2022,0,0,0
23.0,85000,MORTGAGE,6.0,EDUCATION,D,9000,12.36,0,0.11,Y,2,2022,0,0,0
24.0,80000,RENT,5.0,MEDICAL,B,12000,12.69,0,0.15,N,2,2022,0,0,0
23.0,80000,RENT,5.0,MEDICAL,B,12000,12.42,0,0.15,N,2,2022,0,0,0
24.0,62900,RENT,8.0,MEDICAL,D,12000,15.62,1,0.16,Y,2,2022,1,0,0
24.0,85500,MORTGAGE,8.0,EDUCATION,B,20675,10.0,0,0.24,N,2,2022,0,0,0
21.0,85800,MORTGAGE,5.0,VENTURE,B,18900,10.99,0,0.22,N,2,2022,0,0,1
20.0,85920,MORTGAGE,3.0,DEBTCONSOLIDATION,A,12000,8.49,0,0.14,N,2,2022,0,0,0
22.0,86000,MORTGAGE,4.0,PERSONAL,A,23750,7.51,0,0.28,N,2,2022,0,0,0
23.0,86000,MORTGAGE,2.0,PERSONAL,A,15000,6.03,0,0.17,N,2,2022,0,0,0
25.0,74000,RENT,0.0,VENTURE,D,12000,14.11,1,0.16,Y,2,2022,1,0,0
22.0,86000,MORTGAGE,6.0,EDUCATION,B,10000,11.49,0,0.12,N,2,2022,0,0,0
25.0,86000,MORTGAGE,3.0,EDUCATION,A,8000,7.29,0,0.09,N,2,2022,0,0,0
26.0,86000,MORTGAGE,10.0,VENTURE,B,5000,11.12,0,0.06,N,2,2022,0,0,0
25.0,62903,MORTGAGE,9.0,MEDICAL,B,3000,10.65,1,0.04,N,2,2022,1,0,0
26.0,84000,RENT,10.0,EDUCATION,B,12000,10.99,0,0.14,N,2,2022,0,0,1
24.0,84000,RENT,1.0,PERSONAL,A,12000,6.91,0,0.14,N,2,2022,0,0,0
23.0,86250,MORTGAGE,5.0,VENTURE,A,20000,6.91,0,0.23,N,2,2022,0,0,0
23.0,74400,MORTGAGE,3.0,HOMEIMPROVEMENT,A,9000,7.66,1,0.12,N,2,2022,1,0,0
22.0,86400,MORTGAGE,6.0,PERSONAL,C,23750,13.85,0,0.28,N,2,2022,0,0,0
26.0,86604,MORTGAGE,5.0,HOMEIMPROVEMENT,A,4300,7.66,0,0.05,N,2,2022,0,0,0
24.0,86610,MORTGAGE,7.0,EDUCATION,C,8750,12.72,0,0.1,Y,2,2022,0,0,0
23.0,86670,MORTGAGE,4.0,PERSONAL,B,20000,12.53,0,0.23,N,2,2022,0,0,0
25.0,85000,RENT,1.0,EDUCATION,A,12000,10.99,0,0.14,N,2,2022,0,0,1
24.0,87000,MORTGAGE,1.0,VENTURE,A,4000,6.03,0,0.05,N,2,2022,0,0,0
23.0,85000,RENT,3.0,MEDICAL,A,12000,10.99,0,0.14,N,2,2022,0,0,1
25.0,73000,RENT,2.0,VENTURE,E,12000,10.99,1,0.16,N,2,2022,1,0,1
24.0,87000,MORTGAGE,7.0,VENTURE,B,15000,10.99,0,0.17,N,2,2022,0,0,1
23.0,85000,RENT,1.0,MEDICAL,A,12000,9.63,0,0.14,N,2,2022,0,0,0
21.0,85000,RENT,1.0,VENTURE,C,12000,11.97,0,0.14,N,2,2022,0,0,0
26.0,86004,RENT,0.0,EDUCATION,C,12000,12.99,0,0.14,N,2,2022,0,0,0
23.0,87000,MORTGAGE,5.0,DEBTCONSOLIDATION,C,15000,14.35,0,0.17,N,2,2022,0,0,0
23.0,87000,MORTGAGE,0.0,EDUCATION,C,12000,12.73,0,0.14,Y,2,2022,0,0,0
26.0,88000,RENT,10.0,PERSONAL,B,12000,12.42,0,0.14,N,2,2022,0,0,0
26.0,87000,MORTGAGE,9.0,DEBTCONSOLIDATION,C,23750,12.73,0,0.29,N,2,2022,0,0,0
26.0,87000,MORTGAGE,0.0,DEBTCONSOLIDATION,B,15000,10.62,0,0.17,N,2,2022,0,0,0
24.0,87000,MORTGAGE,7.0,HOMEIMPROVEMENT,B,23750,10.99,0,0.29,N,2,2022,0,0,0
23.0,87000,MORTGAGE,2.0,PERSONAL,D,23750,14.96,0,0.29,Y,2,2022,0,0,0
25.0,87000,OWN,5.0,EDUCATION,D,5500,14.61,0,0.06,N,2,2022,0,0,0
24.0,90000,RENT,4.0,PERSONAL,B,12000,9.91,0,0.13,N,2,2022,0,0,0
23.0,87000,MORTGAGE,0.0,PERSONAL,C,7500,11.28,0,0.09,Y,2,2022,0,0,0
23.0,36000,OWN,0.0,EDUCATION,A,5500,5.42,0,0.15,N,2,2022,0,1,0
24.0,87278,MORTGAGE,3.0,VENTURE,A,12000,5.42,0,0.14,N,2,2022,0,0,0
21.0,87500,OWN,5.0,EDUCATION,C,12000,10.99,0,0.14,N,2,2022,0,0,1
22.0,90000,RENT,7.0,VENTURE,A,12000,5.79,0,0.13,N,2,2022,0,0,0
23.0,87500,MORTGAGE,2.0,PERSONAL,B,1600,9.88,0,0.02,N,2,2022,0,0,0
26.0,87500,OTHER,3.0,VENTURE,D,7500,15.05,0,0.09,Y,2,2022,0,0,0
21.0,87547,MORTGAGE,2.0,EDUCATION,A,12000,5.99,0,0.14,N,2,2022,0,0,0
24.0,87600,MORTGAGE,8.0,EDUCATION,A,3000,5.99,0,0.03,N,2,2022,0,0,0
24.0,87663,MORTGAGE,5.0,HOMEIMPROVEMENT,B,14400,10.99,0,0.16,N,2,2022,0,0,1
24.0,88000,MORTGAGE,4.0,MEDICAL,B,6000,9.91,0,0.07,N,2,2022,0,0,0
23.0,88000,MORTGAGE,7.0,MEDICAL,C,12000,10.99,0,0.14,Y,2,2022,0,0,1
23.0,88000,MORTGAGE,1.0,VENTURE,B,15000,12.42,0,0.17,N,2,2022,0,0,0
24.0,92004,RENT,8.0,VENTURE,D,12000,14.46,0,0.13,Y,2,2022,0,0,0
23.0,88000,MORTGAGE,7.0,MEDICAL,C,18150,12.68,0,0.21,N,2,2022,0,0,0
24.0,88000,MORTGAGE,8.0,HOMEIMPROVEMENT,D,23750,14.54,0,0.28,N,2,2022,0,0,0
26.0,88000,MORTGAGE,10.0,HOMEIMPROVEMENT,A,3800,6.54,0,0.04,N,2,2022,0,0,0
26.0,88000,MORTGAGE,10.0,EDUCATION,A,10000,7.88,0,0.11,N,2,2022,0,0,0
23.0,88000,MORTGAGE,8.0,EDUCATION,A,10000,7.51,0,0.11,N,2,2022,0,0,0
23.0,88000,MORTGAGE,7.0,MEDICAL,A,10000,8.94,0,0.11,N,2,2022,0,0,0
22.0,88200,MORTGAGE,6.0,DEBTCONSOLIDATION,A,21000,6.17,0,0.24,N,2,2022,0,0,0
23.0,76268,MORTGAGE,7.0,DEBTCONSOLIDATION,B,15000,11.89,1,0.2,N,2,2022,1,0,0
24.0,88494,OWN,8.0,MEDICAL,B,23750,10.99,0,0.27,N,2,2022,0,0,1
24.0,100000,RENT,5.0,HOMEIMPROVEMENT,A,12000,7.9,0,0.12,N,2,2022,0,0,0
25.0,88668,MORTGAGE,2.0,MEDICAL,A,3000,6.62,0,0.03,N,2,2022,0,0,0
23.0,76800,MORTGAGE,0.0,EDUCATION,F,7200,20.89,1,0.09,N,2,2022,1,0,0
25.0,76800,MORTGAGE,9.0,DEBTCONSOLIDATION,D,15000,14.96,1,0.2,N,2,2022,1,0,0
22.0,88812,MORTGAGE,6.0,EDUCATION,D,23750,15.65,0,0.33,N,2,2022,0,0,0
25.0,89000,MORTGAGE,9.0,MEDICAL,A,14000,7.49,0,0.16,N,2,2022,0,0,0
25.0,77000,MORTGAGE,9.0,HOMEIMPROVEMENT,D,14500,15.95,1,0.19,Y,2,2022,1,0,0
26.0,89000,MORTGAGE,10.0,HOMEIMPROVEMENT,B,8000,10.99,0,0.09,N,2,2022,0,0,0
23.0,105000,RENT,0.0,EDUCATION,C,12000,12.61,0,0.11,N,2,2022,0,0,0
25.0,93000,RENT,0.0,DEBTCONSOLIDATION,D,12000,13.12,1,0.13,N,2,2022,1,0,0
24.0,110000,RENT,5.0,PERSONAL,A,12000,7.9,0,0.11,N,2,2022,0,0,0
25.0,110000,RENT,8.0,HOMEIMPROVEMENT,C,12000,12.23,0,0.11,Y,2,2022,0,0,0
26.0,110000,RENT,2.0,HOMEIMPROVEMENT,A,12000,7.88,0,0.11,N,2,2022,0,0,0
26.0,110000,RENT,4.0,VENTURE,B,12000,10.99,0,0.11,N,2,2022,0,0,1
26.0,89018,MORTGAGE,7.0,EDUCATION,C,5800,11.97,0,0.07,Y,2,2022,0,0,0
21.0,111016,RENT,5.0,PERSONAL,C,12000,13.11,0,0.11,N,2,2022,0,0,0
24.0,113000,RENT,4.0,DEBTCONSOLIDATION,A,12000,7.49,0,0.11,N,2,2022,0,0,0
22.0,119000,RENT,2.0,DEBTCONSOLIDATION,B,12000,10.36,0,0.1,N,2,2022,0,0,0
22.0,89800,MORTGAGE,6.0,DEBTCONSOLIDATION,B,20000,12.53,0,0.22,N,2,2022,0,0,0
25.0,120000,RENT,3.0,PERSONAL,B,12000,9.01,0,0.1,N,2,2022,0,0,0
25.0,123000,RENT,0.0,EDUCATION,A,12000,9.63,0,0.1,N,2,2022,0,0,0
25.0,123144,RENT,2.0,MEDICAL,B,12000,10.75,0,0.1,N,2,2022,0,0,0
25.0,36000,OWN,0.0,VENTURE,B,2400,12.21,0,0.07,N,2,2022,0,0,0
23.0,36000,OWN,2.0,MEDICAL,C,12000,12.53,0,0.33,N,2,2022,0,0,0
25.0,90000,MORTGAGE,2.0,MEDICAL,B,15000,12.42,0,0.17,N,2,2022,0,0,0
26.0,130000,RENT,5.0,EDUCATION,C,12000,14.22,0,0.09,Y,2,2022,0,0,0
25.0,90000,MORTGAGE,9.0,HOMEIMPROVEMENT,B,18000,9.91,0,0.2,N,2,2022,0,0,0
26.0,136000,RENT,2.0,PERSONAL,C,12000,14.72,0,0.09,Y,2,2022,0,0,0
22.0,78000,MORTGAGE,6.0,HOMEIMPROVEMENT,D,23750,16.77,1,0.32,N,2,2022,1,0,0
25.0,90000,MORTGAGE,9.0,PERSONAL,A,3600,7.9,0,0.04,N,2,2022,0,0,0
24.0,125375,RENT,0.0,MEDICAL,C,12000,14.27,1,0.08,N,2,2022,1,0,0
24.0,35556,OWN,9.0,EDUCATION,A,13000,5.79,0,0.37,N,2,2022,0,0,0
23.0,141500,RENT,7.0,EDUCATION,B,12000,11.11,0,0.07,N,2,2022,0,0,0
23.0,141500,RENT,0.0,EDUCATION,B,12000,10.59,0,0.06,N,2,2022,0,1,0
25.0,141500,RENT,9.0,EDUCATION,D,12000,16.49,0,0.05,N,2,2022,0,0,0
22.0,90000,MORTGAGE,2.0,MEDICAL,B,7000,10.99,0,0.08,N,2,2022,0,0,1
23.0,90000,MORTGAGE,7.0,MEDICAL,B,21000,12.42,0,0.23,N,2,2022,0,0,0
22.0,35400,OWN,6.0,EDUCATION,A,8000,6.03,0,0.23,N,2,2022,0,0,0
26.0,105000,RENT,1.0,HOMEIMPROVEMENT,B,12100,10.99,0,0.12,N,2,2022,0,0,1
22.0,90000,MORTGAGE,6.0,PERSONAL,A,6400,5.99,0,0.07,N,2,2022,0,0,0
21.0,82100,RENT,3.0,PERSONAL,A,12200,6.03,0,0.15,N,2,2022,0,0,0
24.0,26000,RENT,1.0,MEDICAL,B,12250,11.49,1,0.44000000000000006,N,2,2022,1,0,0
24.0,90000,MORTGAGE,0.0,DEBTCONSOLIDATION,C,8000,12.99,0,0.09,N,2,2022,0,0,0
23.0,90000,MORTGAGE,7.0,VENTURE,A,4900,6.99,0,0.05,N,2,2022,0,0,0
22.0,90000,MORTGAGE,6.0,EDUCATION,B,12000,10.99,0,0.13,N,2,2022,0,0,0
26.0,32000,RENT,4.0,DEBTCONSOLIDATION,A,12250,10.99,1,0.38,N,2,2022,1,0,1
25.0,90000,MORTGAGE,9.0,PERSONAL,A,10000,5.42,0,0.11,N,2,2022,0,0,0
25.0,90000,MORTGAGE,6.0,DEBTCONSOLIDATION,A,15000,8.49,0,0.17,N,2,2022,0,0,0
24.0,36000,RENT,0.0,DEBTCONSOLIDATION,B,12250,11.49,1,0.34,N,2,2022,1,0,0
22.0,44000,RENT,0.0,MEDICAL,D,12250,15.99,1,0.28,Y,2,2022,1,0,0
26.0,90000,MORTGAGE,10.0,HOMEIMPROVEMENT,B,5175,11.99,0,0.06,N,2,2022,0,0,0
24.0,30000,RENT,1.0,EDUCATION,B,12300,10.74,1,0.41,N,2,2022,1,0,0
23.0,39000,RENT,7.0,MEDICAL,A,12300,10.99,1,0.32,N,2,2022,1,0,1
25.0,90000,MORTGAGE,2.0,VENTURE,D,10000,15.28,0,0.11,Y,2,2022,0,0,0
24.0,90000,MORTGAGE,8.0,EDUCATION,C,23750,12.68,0,0.39,Y,2,2022,0,0,0
25.0,90000,MORTGAGE,4.0,VENTURE,B,10000,10.0,0,0.11,N,2,2022,0,0,0
24.0,90000,MORTGAGE,0.0,DEBTCONSOLIDATION,C,23750,13.06,0,0.27,Y,2,2022,0,0,0
25.0,36996,RENT,2.0,EDUCATION,E,12450,16.32,1,0.34,N,2,2022,1,0,0
26.0,40000,RENT,4.0,EDUCATION,A,12500,6.92,1,0.31,N,2,2022,1,0,0
22.0,90000,MORTGAGE,6.0,MEDICAL,B,6000,9.25,0,0.07,N,2,2022,0,0,0
22.0,90000,MORTGAGE,6.0,VENTURE,B,3500,9.25,0,0.04,N,2,2022,0,0,0
26.0,39000,RENT,5.0,MEDICAL,B,2800,10.0,0,0.07,N,2,2022,0,0,0
22.0,40000,RENT,0.0,EDUCATION,A,2800,7.49,0,0.07,N,2,2022,0,0,0
24.0,40000,RENT,8.0,MEDICAL,B,2800,10.25,0,0.07,N,2,2022,0,0,0
24.0,90000,MORTGAGE,8.0,DEBTCONSOLIDATION,C,19750,13.61,0,0.22,Y,2,2022,0,0,0
22.0,45000,RENT,1.0,PERSONAL,C,2800,13.49,0,0.06,Y,2,2022,0,0,0
24.0,50000,RENT,0.0,DEBTCONSOLIDATION,A,2800,5.79,0,0.06,N,2,2022,0,0,0
24.0,44000,RENT,5.0,PERSONAL,C,2800,14.17,1,0.06,N,2,2022,1,0,0
23.0,50000,RENT,4.0,MEDICAL,B,2800,11.86,0,0.06,N,2,2022,0,0,0
21.0,48000,RENT,5.0,PERSONAL,A,2800,8.9,1,0.06,N,2,2022,1,0,0
22.0,56000,RENT,4.0,VENTURE,D,2800,15.31,0,0.05,Y,2,2022,0,0,0
23.0,74000,RENT,7.0,VENTURE,D,2800,15.21,1,0.04,Y,2,2022,1,0,0
25.0,90000,MORTGAGE,9.0,DEBTCONSOLIDATION,B,15000,12.18,0,0.17,N,2,2022,0,0,0
23.0,18460,RENT,0.0,PERSONAL,A,2775,7.68,0,0.15,N,2,2022,0,0,0
23.0,16800,RENT,2.0,MEDICAL,D,2750,16.77,1,0.16,Y,2,2022,1,0,0
25.0,78000,MORTGAGE,9.0,DEBTCONSOLIDATION,D,8000,16.0,1,0.1,N,2,2022,1,0,0
22.0,90000,MORTGAGE,1.0,EDUCATION,C,2500,13.22,0,0.03,N,2,2022,0,0,0
24.0,31200,RENT,4.0,PERSONAL,B,2725,10.74,0,0.09,N,2,2022,0,0,0
22.0,90000,MORTGAGE,6.0,EDUCATION,B,20000,11.26,0,0.22,N,2,2022,0,0,0
23.0,78000,MORTGAGE,4.0,PERSONAL,B,15250,10.99,1,0.2,N,2,2022,1,0,1
23.0,90000,MORTGAGE,1.0,DEBTCONSOLIDATION,C,1500,12.84,0,0.02,N,2,2022,0,0,0
23.0,90000,MORTGAGE,1.0,EDUCATION,E,15000,16.32,0,0.17,N,2,2022,0,0,0
23.0,24000,RENT,7.0,DEBTCONSOLIDATION,B,2700,10.75,1,0.11,N,2,2022,1,0,0
25.0,78000,MORTGAGE,7.0,VENTURE,C,9000,11.78,1,0.12,Y,2,2022,1,0,0
26.0,30000,RENT,2.0,EDUCATION,B,2700,10.75,0,0.09,N,2,2022,0,0,0
25.0,35000,RENT,2.0,EDUCATION,A,2700,7.88,0,0.08,N,2,2022,0,0,0
26.0,90000,OWN,2.0,VENTURE,A,9500,8.07,0,0.11,N,2,2022,0,0,0
25.0,51000,RENT,1.0,DEBTCONSOLIDATION,B,2700,9.7,0,0.05,N,2,2022,0,0,0
24.0,90730,MORTGAGE,6.0,HOMEIMPROVEMENT,B,8000,10.99,0,0.09,N,2,2022,0,0,1
25.0,46200,RENT,1.0,DEBTCONSOLIDATION,F,2700,15.96,1,0.06,N,2,2022,1,0,0
24.0,90996,MORTGAGE,0.0,EDUCATION,B,8400,10.99,0,0.09,N,2,2022,0,0,0
21.0,90996,MORTGAGE,5.0,PERSONAL,B,6000,9.99,0,0.07,N,2,2022,0,0,0
23.0,46728,RENT,2.0,PERSONAL,B,2650,10.59,0,0.06,N,2,2022,0,0,0
22.0,91000,OWN,5.0,EDUCATION,A,15000,7.88,0,0.16,N,2,2022,0,0,0
24.0,79000,MORTGAGE,4.0,HOMEIMPROVEMENT,D,5000,15.33,1,0.06,N,2,2022,1,0,0
21.0,91000,MORTGAGE,5.0,VENTURE,B,20000,10.62,0,0.22,N,2,2022,0,0,0
24.0,16000,RENT,2.0,HOMEIMPROVEMENT,C,2600,10.99,1,0.16,Y,2,2022,1,0,1
21.0,35000,OWN,2.0,MEDICAL,A,11000,7.88,0,0.31,N,2,2022,0,0,0
21.0,27000,RENT,3.0,PERSONAL,C,2600,13.22,0,0.1,Y,2,2022,0,0,0
24.0,91000,MORTGAGE,0.0,DEBTCONSOLIDATION,B,7500,10.39,0,0.08,N,2,2022,0,0,0
23.0,91000,MORTGAGE,7.0,DEBTCONSOLIDATION,C,7500,11.97,0,0.08,Y,2,2022,0,0,0
23.0,91092,MORTGAGE,2.0,PERSONAL,C,10000,13.43,0,0.11,N,2,2022,0,0,0
25.0,35000,OWN,9.0,PERSONAL,C,4000,13.11,0,0.11,N,2,2022,0,0,0
23.0,91200,MORTGAGE,7.0,DEBTCONSOLIDATION,B,3000,8.88,0,0.03,N,2,2022,0,0,0
22.0,91200,OWN,6.0,PERSONAL,B,5000,11.48,0,0.05,N,2,2022,0,0,0
22.0,91234,MORTGAGE,6.0,PERSONAL,B,12000,11.83,0,0.13,N,2,2022,0,0,0
23.0,35000,OWN,7.0,MEDICAL,B,10000,10.25,0,0.29,N,2,2022,0,0,0
21.0,91500,MORTGAGE,4.0,PERSONAL,C,8000,13.61,0,0.09,N,2,2022,0,0,0
23.0,92000,MORTGAGE,2.0,DEBTCONSOLIDATION,B,15000,9.91,0,0.16,N,2,2022,0,0,0
21.0,12960,RENT,2.0,VENTURE,B,2525,10.99,1,0.19,N,2,2022,1,0,1
23.0,92000,MORTGAGE,5.0,EDUCATION,B,2400,12.69,0,0.03,N,2,2022,0,0,0
23.0,92000,MORTGAGE,7.0,EDUCATION,A,4800,7.49,0,0.05,N,2,2022,0,0,0
22.0,35000,OWN,6.0,MEDICAL,B,5000,11.14,0,0.14,N,2,2022,0,0,0
26.0,92000,OWN,3.0,HOMEIMPROVEMENT,B,22500,10.99,0,0.24,N,2,2022,0,0,0
21.0,42000,RENT,4.0,EDUCATION,A,12500,8.94,0,0.3,N,2,2022,0,0,0
26.0,68000,MORTGAGE,11.0,MEDICAL,D,23750,15.65,1,0.31,N,2,2022,1,0,0
23.0,92000,MORTGAGE,7.0,MEDICAL,C,18000,12.68,0,0.2,Y,2,2022,0,0,0
22.0,14400,RENT,2.0,PERSONAL,E,2500,10.99,1,0.17,N,2,2022,1,0,1
24.0,92000,MORTGAGE,9.0,PERSONAL,E,23750,17.93,0,0.27,Y,2,2022,0,0,0
23.0,15600,RENT,3.0,EDUCATION,B,2500,10.65,1,0.16,N,2,2022,1,0,0
24.0,92000,OWN,4.0,MEDICAL,B,7200,9.88,0,0.08,N,2,2022,0,0,0
23.0,92000,MORTGAGE,7.0,VENTURE,E,10000,16.7,0,0.11,Y,2,2022,0,0,0
23.0,92000,MORTGAGE,7.0,PERSONAL,B,15000,11.26,0,0.16,N,2,2022,0,0,0
25.0,92000,MORTGAGE,9.0,MEDICAL,B,13000,11.26,0,0.14,N,2,2022,0,0,0
22.0,92000,OTHER,2.0,MEDICAL,C,6000,12.22,0,0.07,N,2,2022,0,0,0
23.0,92000,MORTGAGE,0.0,EDUCATION,B,12950,9.96,0,0.14,N,2,2022,0,0,0
21.0,18000,RENT,3.0,EDUCATION,A,2500,7.88,0,0.14,N,2,2022,0,0,0
26.0,80004,MORTGAGE,7.0,DEBTCONSOLIDATION,C,7500,15.23,1,0.09,Y,2,2022,1,0,0
22.0,18984,RENT,6.0,HOMEIMPROVEMENT,C,2500,14.22,1,0.13,Y,2,2022,1,0,0
25.0,80004,MORTGAGE,8.0,PERSONAL,A,6000,8.0,1,0.07,N,2,2022,1,0,0
26.0,80040,MORTGAGE,6.0,PERSONAL,A,10000,10.99,1,0.12,N,2,2022,1,0,1
25.0,20000,RENT,2.0,PERSONAL,D,2500,15.7,1,0.13,N,2,2022,1,0,0
24.0,80400,MORTGAGE,8.0,PERSONAL,C,10000,11.66,1,0.12,N,2,2022,1,0,0
23.0,46000,RENT,1.0,EDUCATION,B,12500,11.11,0,0.27,N,2,2022,0,0,0
26.0,44000,RENT,4.0,HOMEIMPROVEMENT,G,12500,21.825000000000003,1,0.28,Y,2,2022,1,0,0
23.0,92500,MORTGAGE,5.0,EDUCATION,A,2500,10.99,0,0.03,N,2,2022,0,0,1
22.0,50000,RENT,4.0,MEDICAL,A,12500,7.29,0,0.25,N,2,2022,0,0,0
25.0,92700,MORTGAGE,5.0,VENTURE,C,1500,14.65,0,0.02,Y,2,2022,0,0,0
26.0,92700,MORTGAGE,6.0,EDUCATION,B,1500,9.63,0,0.02,N,2,2022,0,0,0
24.0,34800,OWN,8.0,VENTURE,B,1700,10.38,0,0.05,N,2,2022,0,0,0
22.0,34800,OWN,4.0,MEDICAL,C,7350,14.22,0,0.21,N,2,2022,0,0,0
26.0,34656,OWN,2.0,PERSONAL,A,5500,7.51,0,0.16,N,2,2022,0,0,0
25.0,93000,MORTGAGE,1.0,VENTURE,A,12000,6.62,0,0.13,N,2,2022,0,0,0
24.0,54996,RENT,0.0,MEDICAL,C,12500,12.87,0,0.23,N,2,2022,0,0,0
26.0,93000,MORTGAGE,0.0,DEBTCONSOLIDATION,A,8000,6.99,0,0.09,N,2,2022,0,0,0
24.0,60000,RENT,4.0,EDUCATION,B,12500,11.49,0,0.21,N,2,2022,0,0,0
25.0,60000,RENT,4.0,EDUCATION,B,12500,11.89,0,0.21,N,2,2022,0,0,0
22.0,62000,RENT,6.0,MEDICAL,A,12500,7.29,0,0.2,N,2,2022,0,0,0
22.0,65000,RENT,1.0,EDUCATION,A,12500,6.91,0,0.19,N,2,2022,0,0,0
25.0,80400,RENT,2.0,VENTURE,A,12500,9.38,0,0.16,N,2,2022,0,0,0
24.0,73000,RENT,6.0,DEBTCONSOLIDATION,D,12500,6.0,1,0.17,N,2,2022,1,0,0
26.0,95000,RENT,3.0,MEDICAL,C,12500,12.61,0,0.13,N,2,2022,0,0,0
25.0,93080,MORTGAGE,3.0,DEBTCONSOLIDATION,C,8450,13.49,0,0.09,Y,2,2022,0,0,0
22.0,93240,MORTGAGE,6.0,PERSONAL,A,7000,9.63,0,0.08,N,2,2022,0,0,0
26.0,93450,MORTGAGE,1.0,HOMEIMPROVEMENT,B,12000,11.26,0,0.13,N,2,2022,0,0,0
24.0,47250,RENT,5.0,EDUCATION,B,12600,11.83,0,0.27,N,2,2022,0,0,0
22.0,110000,RENT,3.0,DEBTCONSOLIDATION,B,12600,10.75,0,0.11,N,2,2022,0,0,0
24.0,93600,MORTGAGE,0.0,MEDICAL,A,3600,5.42,0,0.04,N,2,2022,0,1,0
22.0,93600,MORTGAGE,6.0,EDUCATION,B,5000,9.99,0,0.05,N,2,2022,0,0,0
22.0,93600,MORTGAGE,0.0,DEBTCONSOLIDATION,A,6000,10.99,0,0.06,N,2,2022,0,0,1
23.0,70000,RENT,0.0,VENTURE,A,12700,10.99,0,0.18,N,2,2022,0,0,1
26.0,94000,MORTGAGE,8.0,PERSONAL,A,15000,6.17,0,0.16,N,2,2022,0,0,0
22.0,40000,RENT,0.0,MEDICAL,A,12800,8.9,1,0.32,N,2,2022,1,0,0
21.0,40000,RENT,0.0,VENTURE,B,12800,12.69,1,0.32,N,2,2022,1,1,0
26.0,42000,RENT,4.0,EDUCATION,B,12800,10.59,0,0.3,N,2,2022,0,0,0
22.0,44400,RENT,3.0,EDUCATION,C,12800,12.73,0,0.29,N,2,2022,0,0,0
22.0,42200,RENT,6.0,VENTURE,D,12800,15.21,1,0.3,N,2,2022,1,0,0
22.0,94200,MORTGAGE,6.0,PERSONAL,B,20000,8.88,0,0.21,N,2,2022,0,0,0
26.0,94500,OWN,10.0,VENTURE,A,2000,5.42,0,0.02,N,2,2022,0,0,0
25.0,94500,MORTGAGE,5.0,HOMEIMPROVEMENT,B,13500,10.0,0,0.14,N,2,2022,0,0,0
23.0,58000,RENT,1.0,MEDICAL,B,12800,12.42,0,0.22,N,2,2022,0,0,0
26.0,60000,RENT,7.0,VENTURE,C,12800,12.84,0,0.21,N,2,2022,0,0,0
23.0,82800,MORTGAGE,1.0,HOMEIMPROVEMENT,B,12000,9.76,1,0.14,N,2,2022,1,0,0
23.0,94965,MORTGAGE,3.0,EDUCATION,C,8000,13.22,0,0.08,N,2,2022,0,0,0
24.0,95000,MORTGAGE,7.0,DEBTCONSOLIDATION,B,15000,12.69,0,0.16,N,2,2022,0,0,0
26.0,35000,RENT,10.0,MEDICAL,B,12875,10.99,1,0.37,N,2,2022,1,0,1
26.0,95000,MORTGAGE,10.0,VENTURE,C,15000,15.96,0,0.16,Y,2,2022,0,0,0
21.0,44000,RENT,0.0,EDUCATION,D,12875,15.31,1,0.29,N,2,2022,1,0,0
22.0,95000,MORTGAGE,3.0,DEBTCONSOLIDATION,B,7200,11.49,0,0.08,N,2,2022,0,0,0
22.0,50000,RENT,0.0,DEBTCONSOLIDATION,B,13000,12.42,0,0.26,N,2,2022,0,0,0
22.0,33716,OWN,6.0,EDUCATION,A,13750,6.92,0,0.41,N,2,2022,0,0,0
26.0,95000,MORTGAGE,9.0,EDUCATION,D,23750,16.89,0,0.26,Y,2,2022,0,0,0
24.0,45996,RENT,1.0,MEDICAL,C,13000,13.47,1,0.28,Y,2,2022,1,0,0
24.0,95000,MORTGAGE,3.0,DEBTCONSOLIDATION,B,23750,11.99,0,0.37,N,2,2022,0,0,0
25.0,52000,RENT,3.0,PERSONAL,D,13000,15.31,0,0.25,Y,2,2022,0,0,0
22.0,52128,RENT,6.0,VENTURE,A,13000,8.94,0,0.25,N,2,2022,0,0,0
22.0,95000,MORTGAGE,2.0,MEDICAL,B,5000,10.59,0,0.05,N,2,2022,0,0,0
26.0,54000,RENT,3.0,HOMEIMPROVEMENT,E,13000,17.93,0,0.24,Y,2,2022,0,0,0
22.0,95000,MORTGAGE,0.0,MEDICAL,A,9000,8.49,0,0.09,N,2,2022,0,0,0
23.0,83000,MORTGAGE,7.0,EDUCATION,B,23750,11.11,1,0.29,N,2,2022,1,0,0
26.0,95000,MORTGAGE,9.0,VENTURE,D,17000,15.65,0,0.18,N,2,2022,0,0,0
22.0,95000,MORTGAGE,0.0,MEDICAL,A,6875,6.54,0,0.07,N,2,2022,0,0,0
22.0,60000,RENT,0.0,DEBTCONSOLIDATION,A,13000,8.94,0,0.22,N,2,2022,0,0,0
25.0,62000,RENT,2.0,HOMEIMPROVEMENT,A,13000,6.91,0,0.21,N,2,2022,0,0,0
21.0,33600,OWN,5.0,MEDICAL,A,10000,7.88,0,0.3,N,2,2022,0,0,0
24.0,65000,RENT,6.0,EDUCATION,C,13000,13.49,0,0.2,Y,2,2022,0,0,0
24.0,65004,RENT,0.0,VENTURE,B,13000,10.99,0,0.2,N,2,2022,0,0,1
24.0,95000,MORTGAGE,3.0,HOMEIMPROVEMENT,A,18000,7.88,0,0.19,N,2,2022,0,0,0
21.0,95000,MORTGAGE,5.0,VENTURE,A,15000,10.99,0,0.16,N,2,2022,0,0,1
26.0,95000,MORTGAGE,10.0,VENTURE,B,5000,9.88,0,0.05,N,2,2022,0,0,0
24.0,70000,RENT,2.0,DEBTCONSOLIDATION,B,13000,10.0,0,0.19,N,2,2022,0,0,0
26.0,95000,OWN,5.0,EDUCATION,A,8000,10.99,0,0.08,N,2,2022,0,0,1
23.0,83000,MORTGAGE,5.0,DEBTCONSOLIDATION,D,5000,14.61,1,0.06,N,2,2022,1,0,0
23.0,75000,RENT,6.0,DEBTCONSOLIDATION,A,13000,6.91,0,0.17,N,2,2022,0,0,0
23.0,76000,RENT,3.0,MEDICAL,C,13000,10.99,0,0.17,Y,2,2022,0,0,1
25.0,95000,MORTGAGE,7.0,PERSONAL,A,5000,7.43,0,0.05,N,2,2022,0,0,0
25.0,87000,RENT,6.0,DEBTCONSOLIDATION,A,13000,7.29,0,0.15,N,2,2022,0,0,0
23.0,90000,RENT,4.0,DEBTCONSOLIDATION,C,13000,12.73,0,0.14,N,2,2022,0,0,0
23.0,95327,OWN,4.0,VENTURE,A,4325,7.74,0,0.05,N,2,2022,0,0,0
21.0,95400,MORTGAGE,0.0,PERSONAL,A,12000,5.42,0,0.13,N,2,2022,0,0,0
26.0,69700,RENT,4.0,MEDICAL,D,13000,14.42,1,0.16,Y,2,2022,1,0,0
24.0,110000,RENT,4.0,DEBTCONSOLIDATION,A,13000,8.9,0,0.12,N,2,2022,0,0,0
24.0,33000,OWN,7.0,VENTURE,A,14000,10.99,0,0.42,N,2,2022,0,0,1
22.0,71400,MORTGAGE,4.0,MEDICAL,C,21600,15.27,1,0.26,Y,2,2022,1,0,0
25.0,96000,MORTGAGE,9.0,PERSONAL,D,23750,18.25,0,0.36,Y,2,2022,0,0,0
25.0,57840,RENT,5.0,MEDICAL,B,13600,9.99,0,0.24,N,2,2022,0,0,0
25.0,73000,RENT,9.0,PERSONAL,B,13600,11.99,0,0.19,N,2,2022,0,0,0
24.0,96000,MORTGAGE,8.0,HOMEIMPROVEMENT,A,11000,5.99,0,0.11,N,2,2022,0,0,0
25.0,33000,OWN,7.0,VENTURE,B,8000,10.38,0,0.24,N,2,2022,0,0,0
23.0,96000,MORTGAGE,7.0,EDUCATION,A,4000,5.42,0,0.04,N,2,2022,0,0,0
23.0,96000,MORTGAGE,0.0,VENTURE,B,20000,11.11,0,0.21,N,2,2022,0,0,0
25.0,45000,RENT,3.0,MEDICAL,E,13650,18.79,1,0.3,N,2,2022,1,0,0
25.0,71400,MORTGAGE,9.0,MEDICAL,D,23750,14.09,1,0.3,N,2,2022,1,0,0
26.0,96000,MORTGAGE,0.0,HOMEIMPROVEMENT,A,16000,5.79,0,0.17,N,2,2022,0,0,0
25.0,84000,MORTGAGE,9.0,PERSONAL,D,3500,14.84,1,0.04,N,2,2022,1,0,0
22.0,53591,RENT,6.0,EDUCATION,D,13750,14.96,0,0.26,N,2,2022,0,0,0
23.0,96000,MORTGAGE,7.0,DEBTCONSOLIDATION,A,5000,7.51,0,0.05,N,2,2022,0,0,0
24.0,32700,OWN,8.0,EDUCATION,A,4200,7.29,0,0.13,N,2,2022,0,0,0
24.0,79000,RENT,2.0,HOMEIMPROVEMENT,A,13800,8.49,0,0.17,N,2,2022,0,0,0
25.0,96000,MORTGAGE,6.0,EDUCATION,B,20000,10.99,0,0.21,N,2,2022,0,0,1
24.0,105000,RENT,2.0,VENTURE,A,13800,7.66,0,0.13,N,2,2022,0,0,0
26.0,42000,RENT,3.0,VENTURE,A,14000,6.92,1,0.33,N,2,2022,1,0,0
23.0,96000,OTHER,3.0,EDUCATION,E,12000,10.99,0,0.13,Y,2,2022,0,0,1
26.0,42000,RENT,4.0,DEBTCONSOLIDATION,B,14000,9.45,1,0.33,N,2,2022,1,0,0
22.0,96000,MORTGAGE,3.0,EDUCATION,C,11400,13.04,0,0.12,Y,2,2022,0,0,0
24.0,42996,RENT,2.0,MEDICAL,A,14000,7.51,1,0.33,N,2,2022,1,0,0
23.0,96060,MORTGAGE,7.0,MEDICAL,A,10000,5.42,0,0.1,N,2,2022,0,0,0
23.0,96260,MORTGAGE,0.0,EDUCATION,D,23750,15.65,0,0.26,N,2,2022,0,1,0
25.0,96500,MORTGAGE,0.0,PERSONAL,A,10000,6.17,0,0.1,N,2,2022,0,0,0
26.0,96640,OTHER,8.0,EDUCATION,B,23750,11.58,0,0.26,N,2,2022,0,0,0
24.0,96900,MORTGAGE,8.0,DEBTCONSOLIDATION,A,9300,6.17,0,0.1,N,2,2022,0,0,0
23.0,97000,MORTGAGE,5.0,EDUCATION,B,12000,9.91,0,0.12,N,2,2022,0,0,0
24.0,97000,MORTGAGE,3.0,DEBTCONSOLIDATION,C,6400,15.96,0,0.07,Y,2,2022,0,0,0
23.0,72250,MORTGAGE,7.0,MEDICAL,D,23750,15.99,1,0.41,N,2,2022,1,0,0
23.0,97000,MORTGAGE,4.0,DEBTCONSOLIDATION,A,16000,6.62,0,0.16,N,2,2022,0,0,0
25.0,97000,MORTGAGE,9.0,HOMEIMPROVEMENT,D,23750,14.59,0,0.26,N,2,2022,0,0,0
23.0,97000,MORTGAGE,7.0,EDUCATION,A,4800,10.99,0,0.05,N,2,2022,0,0,1
26.0,44000,RENT,10.0,DEBTCONSOLIDATION,D,14000,14.83,1,0.32,N,2,2022,1,0,0
23.0,97000,MORTGAGE,7.0,VENTURE,C,1800,10.99,0,0.02,Y,2,2022,0,0,1
24.0,97000,MORTGAGE,2.0,HOMEIMPROVEMENT,C,12000,10.28,0,0.12,N,2,2022,0,0,0
26.0,85200,MORTGAGE,5.0,HOMEIMPROVEMENT,E,14000,10.99,1,0.16,Y,2,2022,1,0,1
26.0,97333,OWN,3.0,HOMEIMPROVEMENT,A,10000,5.99,0,0.1,N,2,2022,0,0,0
24.0,50000,RENT,2.0,HOMEIMPROVEMENT,B,14000,9.88,0,0.28,N,2,2022,0,0,0
25.0,85584,MORTGAGE,10.0,DEBTCONSOLIDATION,E,23750,17.19,1,0.28,Y,2,2022,1,0,0
23.0,97600,MORTGAGE,7.0,MEDICAL,A,14500,7.51,0,0.15,N,2,2022,0,0,0
25.0,97700,MORTGAGE,6.0,PERSONAL,A,8000,7.49,0,0.08,N,2,2022,0,0,0
24.0,98000,OWN,8.0,VENTURE,A,12000,7.49,0,0.12,N,2,2022,0,0,0
25.0,86000,MORTGAGE,9.0,HOMEIMPROVEMENT,B,5000,10.36,1,0.06,N,2,2022,1,0,0
22.0,54000,RENT,0.0,MEDICAL,A,14000,7.14,0,0.26,N,2,2022,0,0,0
24.0,98000,MORTGAGE,0.0,MEDICAL,A,5000,5.79,0,0.05,N,2,2022,0,1,0
25.0,86000,MORTGAGE,7.0,DEBTCONSOLIDATION,D,23750,10.99,1,0.28,Y,2,2022,1,0,1
22.0,86000,MORTGAGE,7.0,EDUCATION,C,18000,13.48,1,0.21,N,2,2022,1,0,0
25.0,55000,RENT,9.0,HOMEIMPROVEMENT,A,14000,6.62,0,0.25,N,2,2022,0,0,0
25.0,98000,OWN,0.0,PERSONAL,A,2000,7.37,0,0.02,N,2,2022,0,0,0
21.0,55260,RENT,0.0,EDUCATION,A,14000,6.54,0,0.25,N,2,2022,0,0,0
23.0,73185,MORTGAGE,7.0,MEDICAL,B,7000,9.63,1,0.08,N,2,2022,1,0,0
21.0,98280,MORTGAGE,2.0,DEBTCONSOLIDATION,A,10000,6.62,0,0.1,N,2,2022,0,0,0
26.0,98400,MORTGAGE,4.0,VENTURE,A,8450,6.99,0,0.09,N,2,2022,0,0,0
24.0,98400,MORTGAGE,0.0,EDUCATION,C,8000,12.68,0,0.08,N,2,2022,0,0,0
23.0,32000,OWN,2.0,VENTURE,A,6500,8.59,0,0.2,N,2,2022,0,0,0
25.0,56004,RENT,0.0,DEBTCONSOLIDATION,A,14000,6.92,0,0.25,N,2,2022,0,0,0
24.0,56004,RENT,2.0,MEDICAL,C,14000,12.61,0,0.25,N,2,2022,0,0,0
24.0,99000,MORTGAGE,8.0,DEBTCONSOLIDATION,A,12000,6.03,0,0.12,N,2,2022,0,0,0
26.0,57600,RENT,10.0,VENTURE,B,14000,10.37,0,0.24,N,2,2022,0,0,0
26.0,99000,MORTGAGE,10.0,VENTURE,B,5000,11.49,0,0.05,N,2,2022,0,0,0
22.0,60000,RENT,6.0,PERSONAL,A,14000,6.03,0,0.23,N,2,2022,0,0,0
23.0,99000,MORTGAGE,8.0,EDUCATION,A,1800,7.88,0,0.02,N,2,2022,0,0,0
24.0,99000,MORTGAGE,8.0,EDUCATION,B,12250,9.88,0,0.12,N,2,2022,0,0,0
22.0,60000,RENT,7.0,VENTURE,A,14000,7.88,0,0.23,N,2,2022,0,0,0
25.0,99473,MORTGAGE,9.0,PERSONAL,B,8500,11.58,0,0.09,N,2,2022,0,0,0
23.0,99500,MORTGAGE,7.0,EDUCATION,D,23750,15.7,0,0.25,N,2,2022,0,0,0
22.0,60000,RENT,0.0,EDUCATION,C,14000,12.73,0,0.23,N,2,2022,0,0,0
25.0,99800,MORTGAGE,1.0,MEDICAL,A,12000,8.94,0,0.12,N,2,2022,0,0,0
25.0,60000,RENT,5.0,HOMEIMPROVEMENT,B,14000,10.99,0,0.23,N,2,2022,0,0,1
23.0,99996,MORTGAGE,2.0,PERSONAL,B,4800,11.49,0,0.05,N,2,2022,0,0,0
25.0,99996,MORTGAGE,3.0,VENTURE,A,8000,8.0,0,0.08,N,2,2022,0,0,0
24.0,62800,RENT,5.0,PERSONAL,B,14000,12.69,0,0.22,N,2,2022,0,0,0
24.0,100000,MORTGAGE,1.0,EDUCATION,B,6600,9.91,0,0.07,N,2,2022,0,0,0
23.0,65000,RENT,2.0,DEBTCONSOLIDATION,B,14000,9.99,0,0.22,N,2,2022,0,0,0
24.0,100000,OWN,4.0,MEDICAL,A,6000,8.9,0,0.06,N,2,2022,0,0,0
22.0,65000,RENT,3.0,MEDICAL,A,14000,7.49,0,0.22,N,2,2022,0,0,0
22.0,100000,MORTGAGE,6.0,EDUCATION,B,9000,10.99,0,0.09,N,2,2022,0,0,1
24.0,69000,RENT,3.0,VENTURE,C,14000,12.61,0,0.2,Y,2,2022,0,0,0
25.0,63996,RENT,9.0,DEBTCONSOLIDATION,D,14000,14.42,1,0.22,Y,2,2022,1,0,0
25.0,70000,RENT,2.0,HOMEIMPROVEMENT,B,14000,9.99,0,0.2,N,2,2022,0,0,0
22.0,100000,MORTGAGE,7.0,PERSONAL,A,6000,8.49,0,0.06,N,2,2022,0,0,0
26.0,100000,MORTGAGE,10.0,DEBTCONSOLIDATION,A,12000,5.99,0,0.12,N,2,2022,0,0,0
21.0,72500,RENT,3.0,EDUCATION,C,14000,13.49,0,0.19,Y,2,2022,0,0,0
22.0,100000,MORTGAGE,6.0,EDUCATION,B,14350,9.99,0,0.14,N,2,2022,0,0,0
23.0,73000,RENT,1.0,PERSONAL,C,14000,13.11,0,0.19,N,2,2022,0,0,0
25.0,100000,MORTGAGE,9.0,MEDICAL,A,3275,5.42,0,0.03,N,2,2022,0,0,0
23.0,100000,MORTGAGE,7.0,PERSONAL,B,11200,11.49,0,0.11,N,2,2022,0,0,0
25.0,100000,MORTGAGE,2.0,VENTURE,C,16000,14.79,0,0.16,Y,2,2022,0,0,0
22.0,100000,MORTGAGE,6.0,EDUCATION,A,15000,7.49,0,0.15,N,2,2022,0,0,0
25.0,100000,MORTGAGE,9.0,HOMEIMPROVEMENT,B,17600,10.59,0,0.18,N,2,2022,0,0,0
22.0,31193,OWN,0.0,DEBTCONSOLIDATION,D,4000,14.74,0,0.13,Y,2,2022,0,0,0
24.0,100000,MORTGAGE,3.0,EDUCATION,A,10000,5.99,0,0.1,N,2,2022,0,0,0
23.0,100000,MORTGAGE,0.0,VENTURE,A,11000,8.49,0,0.11,N,2,2022,0,0,0
26.0,100000,OWN,10.0,MEDICAL,B,10000,10.59,0,0.1,N,2,2022,0,0,0
22.0,100000,MORTGAGE,2.0,EDUCATION,B,15000,11.99,0,0.15,N,2,2022,0,0,0
24.0,88000,MORTGAGE,5.0,DEBTCONSOLIDATION,E,23750,19.69,1,0.27,N,2,2022,1,0,0
25.0,77700,RENT,2.0,HOMEIMPROVEMENT,B,14000,10.99,0,0.18,N,2,2022,0,0,0
26.0,80000,RENT,6.0,EDUCATION,B,14000,10.99,0,0.17,N,2,2022,0,0,1
23.0,80000,RENT,0.0,VENTURE,C,14000,14.27,0,0.17,Y,2,2022,0,0,0
23.0,100000,MORTGAGE,8.0,VENTURE,A,10000,7.66,0,0.1,N,2,2022,0,0,0
24.0,100000,MORTGAGE,8.0,VENTURE,A,6000,5.79,0,0.06,N,2,2022,0,0,0
25.0,100000,MORTGAGE,3.0,MEDICAL,A,12000,5.79,0,0.12,N,2,2022,0,0,0
24.0,100000,MORTGAGE,8.0,VENTURE,F,23750,18.62,0,0.3,Y,2,2022,0,0,0
24.0,100000,MORTGAGE,8.0,HOMEIMPROVEMENT,A,12000,6.92,0,0.12,N,2,2022,0,0,0
24.0,100000,MORTGAGE,2.0,EDUCATION,B,7700,10.74,0,0.08,N,2,2022,0,0,0
23.0,100000,MORTGAGE,4.0,VENTURE,E,23750,17.14,0,0.25,Y,2,2022,0,0,0
23.0,100000,MORTGAGE,8.0,PERSONAL,A,16000,6.17,0,0.16,N,2,2022,0,0,0
26.0,90000,RENT,0.0,HOMEIMPROVEMENT,A,14000,6.03,0,0.16,N,2,2022,0,0,0
25.0,90996,RENT,5.0,MEDICAL,C,14000,12.23,0,0.15,N,2,2022,0,0,0
23.0,95000,RENT,0.0,EDUCATION,B,14000,12.69,0,0.15,N,2,2022,0,0,0
26.0,100000,MORTGAGE,11.0,HOMEIMPROVEMENT,A,2000,5.42,0,0.02,N,2,2022,0,0,0
24.0,100000,MORTGAGE,4.0,VENTURE,A,16000,6.54,0,0.16,N,2,2022,0,0,0
24.0,95000,RENT,5.0,VENTURE,B,14000,10.99,0,0.15,N,2,2022,0,0,1
23.0,100000,MORTGAGE,7.0,PERSONAL,C,5400,12.23,0,0.05,Y,2,2022,0,0,0
24.0,74800,RENT,4.0,MEDICAL,E,14000,16.45,1,0.16,N,2,2022,1,0,0
25.0,100000,MORTGAGE,9.0,EDUCATION,A,15000,7.88,0,0.15,N,2,2022,0,0,0
24.0,100000,MORTGAGE,8.0,DEBTCONSOLIDATION,C,3600,13.23,0,0.04,Y,2,2022,0,0,0
24.0,100000,MORTGAGE,0.0,DEBTCONSOLIDATION,C,16000,14.72,0,0.16,N,2,2022,0,0,0
24.0,110004,RENT,5.0,MEDICAL,A,14000,7.88,0,0.13,N,2,2022,0,0,0
23.0,113000,RENT,2.0,DEBTCONSOLIDATION,C,14000,13.49,0,0.12,Y,2,2022,0,0,0
26.0,100000,MORTGAGE,10.0,EDUCATION,C,14000,13.11,0,0.14,Y,2,2022,0,0,0
23.0,122000,RENT,7.0,DEBTCONSOLIDATION,C,14000,13.48,0,0.11,Y,2,2022,0,0,0
24.0,100000,MORTGAGE,6.0,VENTURE,D,23750,15.33,0,0.25,Y,2,2022,0,0,0
22.0,30004,OWN,6.0,EDUCATION,A,7500,10.99,0,0.25,N,2,2022,0,0,1
25.0,100000,MORTGAGE,9.0,MEDICAL,B,14000,10.25,0,0.14,N,2,2022,0,0,0
22.0,100000,MORTGAGE,0.0,DEBTCONSOLIDATION,B,20000,11.83,0,0.2,N,2,2022,0,0,0
24.0,141500,RENT,8.0,HOMEIMPROVEMENT,A,14000,5.42,0,0.09,N,2,2022,0,0,0
22.0,88000,MORTGAGE,6.0,DEBTCONSOLIDATION,F,23750,18.09,1,0.28,N,2,2022,1,0,0
23.0,100000,MORTGAGE,7.0,EDUCATION,D,15000,16.0,0,0.15,Y,2,2022,0,0,0
26.0,100000,MORTGAGE,0.0,EDUCATION,C,10000,14.26,0,0.1,N,2,2022,0,0,0
21.0,27996,RENT,2.0,VENTURE,B,14075,10.99,1,0.44000000000000006,N,2,2022,1,0,1
22.0,46000,RENT,7.0,PERSONAL,C,14100,14.26,1,0.31,N,2,2022,1,0,0
24.0,100000,MORTGAGE,3.0,EDUCATION,B,15000,12.21,0,0.15,N,2,2022,0,0,0
24.0,88000,MORTGAGE,2.0,EDUCATION,G,23750,18.84,1,0.28,N,2,2022,1,0,0
23.0,32000,RENT,5.0,MEDICAL,A,14125,7.9,1,0.44,N,2,2022,1,0,0
23.0,100000,OTHER,1.0,EDUCATION,B,15000,10.99,0,0.15,N,2,2022,0,0,1
26.0,30000,OWN,3.0,PERSONAL,A,6000,7.9,0,0.2,N,2,2022,0,0,0
23.0,100000,MORTGAGE,5.0,DEBTCONSOLIDATION,C,15000,11.34,0,0.15,Y,2,2022,0,0,0
26.0,135000,RENT,10.0,PERSONAL,B,14275,9.45,0,0.11,N,2,2022,0,0,0
24.0,88128,MORTGAGE,0.0,EDUCATION,B,1950,9.99,1,0.02,N,2,2022,1,0,0
24.0,74909,MORTGAGE,8.0,MEDICAL,B,14000,9.99,1,0.16,N,2,2022,1,0,0
23.0,36000,RENT,3.0,PERSONAL,C,14400,13.57,1,0.4,N,2,2022,1,0,0
24.0,100995,MORTGAGE,6.0,DEBTCONSOLIDATION,A,16000,7.51,0,0.16,N,2,2022,0,0,0
22.0,30000,OWN,3.0,MEDICAL,B,7200,10.99,0,0.24,N,2,2022,0,0,0
21.0,101004,MORTGAGE,2.0,DEBTCONSOLIDATION,B,14000,10.25,0,0.14,N,2,2022,0,0,0
22.0,43000,RENT,2.0,DEBTCONSOLIDATION,A,14400,7.88,1,0.33,N,2,2022,1,0,0
22.0,48000,RENT,0.0,DEBTCONSOLIDATION,C,14400,13.49,0,0.3,Y,2,2022,0,0,0
23.0,102000,OWN,0.0,MEDICAL,D,23750,16.77,0,0.29,Y,2,2022,0,0,0
24.0,50000,RENT,4.0,DEBTCONSOLIDATION,A,14400,10.99,0,0.29,N,2,2022,0,0,1
24.0,102000,OWN,5.0,PERSONAL,A,23750,8.9,0,0.23,N,2,2022,0,0,0
24.0,102000,MORTGAGE,6.0,VENTURE,B,9800,10.36,0,0.1,N,2,2022,0,0,0
23.0,102000,MORTGAGE,7.0,EDUCATION,B,10000,11.49,0,0.1,N,2,2022,0,0,0
26.0,102000,MORTGAGE,6.0,DEBTCONSOLIDATION,C,6000,13.61,0,0.06,N,2,2022,0,0,0
25.0,102000,MORTGAGE,9.0,DEBTCONSOLIDATION,C,14400,10.99,0,0.14,Y,2,2022,0,0,1
23.0,102000,MORTGAGE,2.0,PERSONAL,A,6000,7.51,0,0.06,N,2,2022,0,0,0
25.0,61000,RENT,1.0,PERSONAL,B,14400,12.53,0,0.24,N,2,2022,0,0,0
25.0,64000,RENT,9.0,MEDICAL,B,14400,9.62,0,0.23,N,2,2022,0,0,0
25.0,102211,MORTGAGE,3.0,DEBTCONSOLIDATION,B,15000,11.58,0,0.15,N,2,2022,0,0,0
26.0,102456,MORTGAGE,10.0,VENTURE,D,23750,10.99,0,0.24,Y,2,2022,0,0,1
26.0,102500,MORTGAGE,4.0,EDUCATION,A,11800,6.03,0,0.12,N,2,2022,0,0,0
24.0,102960,MORTGAGE,2.0,DEBTCONSOLIDATION,A,16000,7.88,0,0.16,N,2,2022,0,0,0
24.0,103000,MORTGAGE,8.0,VENTURE,C,21000,13.49,0,0.2,Y,2,2022,0,0,0
23.0,103000,MORTGAGE,6.0,DEBTCONSOLIDATION,C,4000,13.49,0,0.04,N,2,2022,0,0,0
22.0,103000,MORTGAGE,7.0,VENTURE,D,15000,15.99,0,0.15,Y,2,2022,0,0,0
25.0,103000,MORTGAGE,4.0,PERSONAL,A,23750,10.99,0,0.28,N,2,2022,0,0,1
22.0,76000,RENT,0.0,EDUCATION,C,14400,14.35,0,0.19,N,2,2022,0,0,0
22.0,80000,RENT,1.0,PERSONAL,B,14400,11.71,0,0.18,N,2,2022,0,0,0
26.0,91000,MORTGAGE,10.0,DEBTCONSOLIDATION,D,5000,14.96,1,0.05,N,2,2022,1,0,0
23.0,103000,MORTGAGE,1.0,PERSONAL,E,20000,17.04,0,0.19,N,2,2022,0,0,0
23.0,82000,RENT,3.0,VENTURE,A,14400,7.66,0,0.18,N,2,2022,0,0,0
26.0,103200,MORTGAGE,8.0,PERSONAL,A,9000,6.76,0,0.09,N,2,2022,0,0,0
25.0,85000,RENT,5.0,EDUCATION,A,14400,8.49,0,0.17,N,2,2022,0,0,0
26.0,88068,RENT,10.0,DEBTCONSOLIDATION,B,14400,10.99,0,0.16,N,2,2022,0,0,1
25.0,30000,OWN,0.0,PERSONAL,A,3425,6.17,0,0.11,N,2,2022,0,0,0
22.0,104000,MORTGAGE,6.0,PERSONAL,A,13600,6.03,0,0.13,N,2,2022,0,0,0
23.0,104000,MORTGAGE,7.0,PERSONAL,B,9000,10.65,0,0.09,N,2,2022,0,0,0
25.0,104000,OWN,2.0,HOMEIMPROVEMENT,A,10000,6.92,0,0.1,N,2,2022,0,0,0
22.0,30000,OWN,5.0,PERSONAL,B,3000,10.36,0,0.1,N,2,2022,0,0,0
26.0,30000,OWN,3.0,PERSONAL,B,7000,9.99,0,0.23,N,2,2022,0,0,0
26.0,130000,RENT,3.0,VENTURE,D,14400,14.46,0,0.11,Y,2,2022,0,0,0
24.0,104000,MORTGAGE,8.0,EDUCATION,C,23750,12.84,0,0.24,N,2,2022,0,0,0
26.0,104004,MORTGAGE,10.0,DEBTCONSOLIDATION,C,15000,14.22,0,0.14,N,2,2022,0,0,0
26.0,30000,RENT,0.0,VENTURE,A,14500,7.66,1,0.44000000000000006,N,2,2022,1,1,0
24.0,104606,MORTGAGE,8.0,VENTURE,D,5000,15.28,0,0.05,N,2,2022,0,0,0
25.0,105000,MORTGAGE,9.0,DEBTCONSOLIDATION,B,12000,10.99,0,0.11,N,2,2022,0,0,1
24.0,105000,MORTGAGE,5.0,PERSONAL,D,12000,16.29,0,0.11,N,2,2022,0,0,0
21.0,30000,RENT,1.0,VENTURE,D,14500,14.59,1,0.44000000000000006,Y,2,2022,1,0,0
26.0,105000,MORTGAGE,6.0,DEBTCONSOLIDATION,B,12000,11.99,0,0.11,N,2,2022,0,0,0
26.0,105000,MORTGAGE,9.0,VENTURE,B,12000,10.99,0,0.11,N,2,2022,0,0,0
26.0,105000,OWN,0.0,EDUCATION,A,10000,7.49,0,0.1,N,2,2022,0,0,0
24.0,105000,MORTGAGE,8.0,MEDICAL,B,6000,9.99,0,0.06,N,2,2022,0,0,0
25.0,36000,RENT,0.0,VENTURE,D,14500,14.54,1,0.4,Y,2,2022,1,0,0
25.0,105000,MORTGAGE,9.0,VENTURE,C,4800,15.23,0,0.05,Y,2,2022,0,0,0
24.0,43000,RENT,3.0,PERSONAL,B,14500,10.75,1,0.34,N,2,2022,1,0,0
24.0,105000,MORTGAGE,2.0,MEDICAL,B,9850,9.63,0,0.09,N,2,2022,0,0,0
25.0,45000,RENT,0.0,PERSONAL,C,14500,13.16,1,0.32,N,2,2022,1,0,0
24.0,55000,RENT,3.0,EDUCATION,A,14500,6.62,0,0.26,N,2,2022,0,0,0
22.0,51996,RENT,3.0,HOMEIMPROVEMENT,C,14500,13.16,1,0.28,Y,2,2022,1,0,0
26.0,59000,RENT,3.0,VENTURE,C,14500,11.97,1,0.25,N,2,2022,1,0,0
23.0,105000,MORTGAGE,7.0,VENTURE,B,12000,11.36,0,0.11,N,2,2022,0,0,0
23.0,105000,MORTGAGE,3.0,MEDICAL,B,20000,11.48,0,0.19,N,2,2022,0,0,0
22.0,105000,MORTGAGE,6.0,EDUCATION,A,7500,10.99,0,0.07,N,2,2022,0,0,1
26.0,93000,MORTGAGE,7.0,DEBTCONSOLIDATION,D,23750,16.0,1,0.27,Y,2,2022,1,0,0
22.0,105000,MORTGAGE,6.0,MEDICAL,B,12800,11.83,0,0.12,N,2,2022,0,0,0
25.0,105000,MORTGAGE,0.0,EDUCATION,B,5000,11.48,0,0.05,N,2,2022,0,0,0
25.0,105000,MORTGAGE,3.0,VENTURE,C,12000,12.84,0,0.11,Y,2,2022,0,0,0
23.0,30000,OWN,5.0,PERSONAL,B,3000,12.18,0,0.1,N,2,2022,0,0,0
25.0,30000,OWN,4.0,DEBTCONSOLIDATION,D,10000,14.61,0,0.33,Y,2,2022,0,0,0
26.0,105000,MORTGAGE,0.0,MEDICAL,A,5000,7.68,0,0.05,N,2,2022,0,0,0
22.0,30000,OWN,0.0,EDUCATION,B,2500,12.53,0,0.08,N,2,2022,0,0,0
22.0,105600,MORTGAGE,4.0,PERSONAL,B,8000,11.49,0,0.08,N,2,2022,0,0,0
22.0,28000,RENT,6.0,EDUCATION,B,15000,10.99,1,0.44000000000000006,N,2,2022,1,0,0
23.0,105999,MORTGAGE,6.0,VENTURE,B,8550,9.88,0,0.08,N,2,2022,0,0,0
22.0,106000,MORTGAGE,6.0,VENTURE,A,23750,10.99,0,0.33,N,2,2022,0,0,1
26.0,28800,RENT,10.0,MEDICAL,B,15000,10.0,1,0.44000000000000006,N,2,2022,1,0,0
25.0,106000,MORTGAGE,3.0,DEBTCONSOLIDATION,A,12000,6.54,0,0.11,N,2,2022,0,0,0
25.0,94000,MORTGAGE,1.0,VENTURE,E,23750,10.99,1,0.27,Y,2,2022,1,0,1
23.0,106000,MORTGAGE,7.0,EDUCATION,A,10000,7.14,0,0.09,N,2,2022,0,0,0
22.0,30000,RENT,1.0,DEBTCONSOLIDATION,C,15000,15.27,1,0.44000000000000006,Y,2,2022,1,0,0
24.0,106000,MORTGAGE,8.0,DEBTCONSOLIDATION,A,4575,7.51,0,0.04,N,2,2022,0,0,0
25.0,30000,OWN,1.0,PERSONAL,A,3000,9.63,0,0.1,N,2,2022,0,0,0
25.0,107000,MORTGAGE,4.0,DEBTCONSOLIDATION,A,23750,5.99,0,0.22,N,2,2022,0,0,0
25.0,107000,MORTGAGE,10.0,HOMEIMPROVEMENT,A,3000,10.99,0,0.03,N,2,2022,0,0,1
22.0,107000,MORTGAGE,1.0,VENTURE,A,10000,7.14,0,0.09,N,2,2022,0,0,0
25.0,107000,MORTGAGE,0.0,MEDICAL,C,7000,12.87,0,0.07,N,2,2022,0,0,0
23.0,95000,MORTGAGE,3.0,HOMEIMPROVEMENT,F,15000,17.03,1,0.16,N,2,2022,1,0,0
24.0,107203,MORTGAGE,8.0,PERSONAL,A,6000,7.4,0,0.06,N,2,2022,0,0,0
26.0,33600,RENT,0.0,PERSONAL,C,2000,10.99,0,0.06,Y,2,2022,0,0,1
22.0,33996,RENT,3.0,EDUCATION,A,2000,8.0,0,0.06,N,2,2022,0,0,0
22.0,108000,OWN,2.0,VENTURE,C,8000,15.27,0,0.07,Y,2,2022,0,0,0
24.0,34860,RENT,0.0,VENTURE,B,2000,10.99,0,0.06,N,2,2022,0,0,1
23.0,34884,RENT,3.0,EDUCATION,A,2000,6.92,0,0.06,N,2,2022,0,0,0
25.0,108000,MORTGAGE,8.0,VENTURE,A,15000,6.62,0,0.14,N,2,2022,0,0,0
26.0,35000,RENT,9.0,MEDICAL,C,2000,13.99,0,0.06,N,2,2022,0,0,0
24.0,108000,MORTGAGE,4.0,PERSONAL,A,10000,5.99,0,0.09,N,2,2022,0,0,0
22.0,35000,RENT,0.0,VENTURE,C,2000,12.99,0,0.06,Y,2,2022,0,0,0
22.0,35064,RENT,4.0,DEBTCONSOLIDATION,A,2000,8.38,0,0.06,N,2,2022,0,0,0
25.0,35400,RENT,2.0,MEDICAL,A,2000,8.49,0,0.06,N,2,2022,0,0,0
26.0,108000,MORTGAGE,4.0,HOMEIMPROVEMENT,B,7200,9.62,0,0.07,N,2,2022,0,0,0
26.0,108000,MORTGAGE,4.0,PERSONAL,A,9000,5.79,0,0.08,N,2,2022,0,0,0
24.0,108000,MORTGAGE,3.0,EDUCATION,A,9050,5.42,0,0.08,N,2,2022,0,0,0
25.0,108000,MORTGAGE,10.0,HOMEIMPROVEMENT,B,23750,10.75,0,0.22,N,2,2022,0,0,0
26.0,108000,MORTGAGE,5.0,PERSONAL,A,13000,8.94,0,0.12,N,2,2022,0,0,0
26.0,108000,MORTGAGE,2.0,MEDICAL,B,18500,12.18,0,0.17,N,2,2022,0,0,0
23.0,108000,MORTGAGE,1.0,EDUCATION,B,14000,11.89,0,0.13,N,2,2022,0,0,0
23.0,108060,MORTGAGE,7.0,DEBTCONSOLIDATION,C,14400,14.27,0,0.13,N,2,2022,0,0,0
24.0,38000,RENT,1.0,MEDICAL,B,2000,11.83,0,0.05,N,2,2022,0,0,0
24.0,108288,MORTGAGE,5.0,DEBTCONSOLIDATION,A,10000,8.49,0,0.09,N,2,2022,0,0,0
21.0,38400,RENT,5.0,VENTURE,B,2000,10.99,0,0.05,N,2,2022,0,0,1
23.0,108600,MORTGAGE,3.0,MEDICAL,C,8000,12.87,0,0.07,Y,2,2022,0,0,0
24.0,108600,MORTGAGE,4.0,DEBTCONSOLIDATION,B,15000,12.18,0,0.14,N,2,2022,0,0,0
25.0,32400,RENT,1.0,EDUCATION,C,2000,14.35,1,0.06,N,2,2022,1,0,0
25.0,109000,MORTGAGE,6.0,DEBTCONSOLIDATION,A,16000,6.03,0,0.15,N,2,2022,0,0,0
24.0,33500,RENT,5.0,HOMEIMPROVEMENT,C,2000,13.8,1,0.06,N,2,2022,1,0,0
24.0,109000,MORTGAGE,3.0,DEBTCONSOLIDATION,B,8800,12.69,0,0.08,N,2,2022,0,0,0
22.0,97000,MORTGAGE,4.0,DEBTCONSOLIDATION,B,14000,11.48,1,0.14,N,2,2022,1,0,0
23.0,109200,MORTGAGE,4.0,VENTURE,A,10000,8.63,0,0.09,N,2,2022,0,0,0
26.0,109500,MORTGAGE,11.0,VENTURE,E,20000,17.56,0,0.18,N,2,2022,0,0,0
23.0,39996,RENT,7.0,PERSONAL,B,2000,10.99,0,0.05,N,2,2022,0,0,1
25.0,110000,MORTGAGE,8.0,DEBTCONSOLIDATION,A,5500,6.62,0,0.05,N,2,2022,0,0,0
23.0,40000,RENT,5.0,PERSONAL,B,2000,11.71,0,0.05,N,2,2022,0,0,0
26.0,110000,MORTGAGE,1.0,MEDICAL,B,5000,12.69,0,0.05,N,2,2022,0,0,0
21.0,33800,RENT,5.0,MEDICAL,B,15000,11.71,1,0.44,N,2,2022,1,0,0
25.0,110000,OWN,6.0,PERSONAL,B,23750,9.91,0,0.25,N,2,2022,0,0,0
23.0,110000,MORTGAGE,4.0,VENTURE,A,2500,6.99,0,0.02,N,2,2022,0,0,0
23.0,110000,MORTGAGE,0.0,VENTURE,B,7000,10.59,0,0.06,N,2,2022,0,0,0
23.0,42996,RENT,7.0,VENTURE,C,2000,13.61,0,0.05,Y,2,2022,0,0,0
24.0,37200,RENT,3.0,VENTURE,D,2000,10.99,1,0.05,N,2,2022,1,0,1
21.0,110000,MORTGAGE,0.0,VENTURE,B,14000,9.99,0,0.13,N,2,2022,0,0,0
26.0,83300,MORTGAGE,0.0,MEDICAL,D,23750,15.62,1,0.29,Y,2,2022,1,0,0
24.0,98000,MORTGAGE,1.0,DEBTCONSOLIDATION,C,16000,14.79,1,0.16,Y,2,2022,1,0,0
23.0,45000,RENT,1.0,DEBTCONSOLIDATION,C,2000,13.49,0,0.04,N,2,2022,0,0,0
24.0,45000,RENT,1.0,PERSONAL,C,2000,13.99,0,0.04,Y,2,2022,0,0,0
26.0,110000,MORTGAGE,4.0,VENTURE,B,5000,9.63,0,0.05,N,2,2022,0,0,0
26.0,45000,RENT,5.0,PERSONAL,B,2000,11.49,0,0.04,N,2,2022,0,0,0
26.0,110000,MORTGAGE,3.0,DEBTCONSOLIDATION,A,4000,6.92,0,0.04,N,2,2022,0,0,0
22.0,39000,RENT,0.0,DEBTCONSOLIDATION,D,2000,14.84,1,0.05,Y,2,2022,1,0,0
25.0,110000,MORTGAGE,9.0,DEBTCONSOLIDATION,A,18000,10.99,0,0.16,N,2,2022,0,0,1
24.0,45996,RENT,3.0,MEDICAL,C,2000,12.98,0,0.04,Y,2,2022,0,0,0
24.0,110000,MORTGAGE,8.0,PERSONAL,A,7500,6.17,0,0.07,N,2,2022,0,0,0
23.0,110000,MORTGAGE,7.0,VENTURE,A,5000,6.91,0,0.05,N,2,2022,0,0,0
21.0,110000,MORTGAGE,5.0,DEBTCONSOLIDATION,A,10000,6.54,0,0.09,N,2,2022,0,0,0
24.0,110000,OWN,0.0,HOMEIMPROVEMENT,C,10000,13.35,0,0.09,Y,2,2022,0,0,0
26.0,110000,MORTGAGE,10.0,VENTURE,C,8000,14.35,0,0.07,Y,2,2022,0,0,0
25.0,110000,MORTGAGE,2.0,HOMEIMPROVEMENT,A,15000,7.88,0,0.14,N,2,2022,0,0,0
22.0,110000,MORTGAGE,0.0,EDUCATION,A,12000,7.14,0,0.11,N,2,2022,0,0,0
24.0,42000,RENT,1.0,HOMEIMPROVEMENT,D,2000,15.62,1,0.05,Y,2,2022,1,0,0
25.0,48000,RENT,3.0,DEBTCONSOLIDATION,B,2000,10.74,0,0.04,N,2,2022,0,0,0
25.0,110000,MORTGAGE,9.0,PERSONAL,A,20000,7.88,0,0.18,N,2,2022,0,0,0
22.0,48255,RENT,3.0,VENTURE,A,2000,6.76,0,0.04,N,2,2022,0,0,0
25.0,49029,RENT,8.0,MEDICAL,B,2000,11.99,0,0.04,N,2,2022,0,0,0
22.0,110000,MORTGAGE,7.0,DEBTCONSOLIDATION,C,8000,13.85,0,0.07,N,2,2022,0,0,0
25.0,110000,MORTGAGE,0.0,VENTURE,B,7000,9.88,0,0.06,N,2,2022,0,1,0
24.0,50000,RENT,8.0,HOMEIMPROVEMENT,D,2000,10.99,0,0.04,N,2,2022,0,0,1
21.0,36000,RENT,3.0,MEDICAL,A,15000,6.62,1,0.42,N,2,2022,1,0,0
22.0,98000,MORTGAGE,1.0,HOMEIMPROVEMENT,A,9000,9.63,1,0.09,N,2,2022,1,0,0
22.0,110000,MORTGAGE,7.0,EDUCATION,C,20000,12.41,0,0.18,N,2,2022,0,0,0
23.0,110000,MORTGAGE,7.0,PERSONAL,D,9600,10.99,0,0.09,Y,2,2022,0,0,1
24.0,110004,MORTGAGE,8.0,EDUCATION,B,23750,12.53,0,0.23,N,2,2022,0,0,0
24.0,28000,OWN,6.0,HOMEIMPROVEMENT,B,10000,10.37,0,0.36,N,2,2022,0,0,0
21.0,111000,MORTGAGE,4.0,VENTURE,A,23750,7.49,0,0.25,N,2,2022,0,0,0
23.0,111000,MORTGAGE,7.0,MEDICAL,B,8350,11.89,0,0.08,N,2,2022,0,0,0
26.0,111147,MORTGAGE,4.0,EDUCATION,C,15000,13.61,0,0.13,Y,2,2022,0,0,0
23.0,38400,RENT,7.0,EDUCATION,A,15000,6.17,1,0.39,N,2,2022,1,0,0
24.0,112000,OTHER,4.0,PERSONAL,A,9000,9.32,0,0.08,N,2,2022,0,0,0
23.0,112404,MORTGAGE,1.0,DEBTCONSOLIDATION,C,6000,13.23,0,0.05,Y,2,2022,0,0,0
23.0,112976,MORTGAGE,2.0,MEDICAL,A,20000,6.91,0,0.18,N,2,2022,0,0,0
26.0,34988,RENT,9.0,HOMEIMPROVEMENT,C,15000,13.98,1,0.43,N,2,2022,1,0,0
23.0,113000,MORTGAGE,2.0,VENTURE,A,22400,7.49,0,0.2,N,2,2022,0,0,0
21.0,27600,OWN,3.0,EDUCATION,C,1000,15.27,0,0.04,Y,2,2022,0,0,0
23.0,113000,MORTGAGE,7.0,EDUCATION,A,8000,5.79,0,0.07,N,2,2022,0,0,0
22.0,113028,MORTGAGE,3.0,MEDICAL,C,12075,10.99,0,0.11,N,2,2022,0,0,1
25.0,113135,MORTGAGE,9.0,PERSONAL,B,23750,10.59,0,0.22,N,2,2022,0,0,0
24.0,113676,MORTGAGE,8.0,EDUCATION,A,7200,6.99,0,0.06,N,2,2022,0,0,0
23.0,114000,MORTGAGE,1.0,EDUCATION,B,17325,11.99,0,0.15,N,2,2022,0,0,0
25.0,36000,RENT,1.0,MEDICAL,D,15000,15.05,1,0.42,Y,2,2022,1,0,0
23.0,114000,MORTGAGE,4.0,PERSONAL,B,10000,10.99,0,0.09,N,2,2022,0,0,1
26.0,114000,MORTGAGE,10.0,PERSONAL,A,14400,7.14,0,0.13,N,2,2022,0,0,0
24.0,114000,MORTGAGE,8.0,VENTURE,B,4000,10.99,0,0.04,N,2,2022,0,0,1
24.0,27168,OWN,5.0,VENTURE,B,7500,9.99,0,0.28,N,2,2022,0,0,0
23.0,115000,MORTGAGE,7.0,EDUCATION,C,10000,14.27,0,0.09,N,2,2022,0,0,0
24.0,42900,RENT,5.0,VENTURE,A,15000,10.99,1,0.35,N,2,2022,1,0,1
22.0,43000,RENT,0.0,EDUCATION,A,15000,8.49,1,0.35,N,2,2022,1,0,0
22.0,43000,RENT,7.0,DEBTCONSOLIDATION,B,15000,10.99,1,0.35,N,2,2022,1,0,0
24.0,37680,RENT,8.0,EDUCATION,G,15000,19.82,1,0.4,N,2,2022,1,0,0
24.0,115000,MORTGAGE,3.0,VENTURE,A,15000,6.03,0,0.13,N,2,2022,0,0,0
25.0,38400,RENT,3.0,DEBTCONSOLIDATION,B,15000,10.65,1,0.39,N,2,2022,1,0,0
25.0,115000,MORTGAGE,7.0,PERSONAL,A,18000,7.51,0,0.16,N,2,2022,0,0,0
23.0,115000,MORTGAGE,3.0,EDUCATION,B,10000,10.59,0,0.09,N,2,2022,0,0,0
22.0,45000,RENT,0.0,DEBTCONSOLIDATION,B,15000,10.37,1,0.33,N,2,2022,1,0,0
25.0,115000,MORTGAGE,1.0,EDUCATION,D,20000,15.65,0,0.17,Y,2,2022,0,0,0
25.0,115000,MORTGAGE,4.0,VENTURE,A,20000,6.91,0,0.17,N,2,2022,0,0,0
25.0,45000,RENT,0.0,MEDICAL,C,15000,13.48,1,0.33,N,2,2022,1,0,0
26.0,115000,MORTGAGE,5.0,VENTURE,B,6000,10.75,0,0.05,N,2,2022,0,0,0
25.0,115000,OWN,5.0,VENTURE,F,8000,19.13,0,0.07,Y,2,2022,0,0,0
23.0,103000,MORTGAGE,0.0,DEBTCONSOLIDATION,D,16750,10.99,1,0.16,N,2,2022,1,0,1
26.0,39000,RENT,3.0,MEDICAL,D,15000,15.37,1,0.38,N,2,2022,1,0,0
26.0,115000,MORTGAGE,3.0,EDUCATION,C,20000,13.16,0,0.17,Y,2,2022,0,0,0
25.0,39000,RENT,4.0,HOMEIMPROVEMENT,D,15000,12.92,1,0.38,N,2,2022,1,0,0
26.0,115200,MORTGAGE,10.0,DEBTCONSOLIDATION,C,4500,11.97,0,0.04,Y,2,2022,0,0,0
24.0,115500,MORTGAGE,2.0,EDUCATION,D,3200,16.29,0,0.03,N,2,2022,0,0,0
25.0,31000,RENT,2.0,EDUCATION,A,1800,8.32,0,0.06,N,2,2022,0,0,0
23.0,116004,MORTGAGE,1.0,PERSONAL,C,14000,12.99,0,0.12,N,2,2022,0,0,0
22.0,33000,RENT,1.0,EDUCATION,A,1800,5.42,0,0.05,N,2,2022,0,0,0
26.0,116004,MORTGAGE,11.0,VENTURE,B,20000,12.21,0,0.17,N,2,2022,0,0,0
24.0,26400,OWN,8.0,VENTURE,B,3000,10.59,0,0.11,N,2,2022,0,0,0
23.0,104736,MORTGAGE,3.0,DEBTCONSOLIDATION,D,23750,14.11,1,0.24,Y,2,2022,1,0,0
24.0,26400,OWN,4.0,VENTURE,A,9600,7.49,0,0.36,N,2,2022,0,0,0
24.0,35000,RENT,0.0,MEDICAL,A,1800,7.14,0,0.05,N,2,2022,0,0,0
25.0,30000,RENT,9.0,MEDICAL,A,1800,8.49,1,0.06,N,2,2022,1,0,0
22.0,26400,OWN,1.0,PERSONAL,C,7300,13.61,0,0.28,Y,2,2022,0,0,0
22.0,117000,MORTGAGE,6.0,EDUCATION,D,7500,13.24,0,0.06,N,2,2022,0,0,0
22.0,34000,RENT,7.0,EDUCATION,C,1800,10.99,1,0.05,N,2,2022,1,0,1
26.0,118000,MORTGAGE,4.0,DEBTCONSOLIDATION,A,23750,7.9,0,0.21,N,2,2022,0,0,0
24.0,118000,MORTGAGE,8.0,HOMEIMPROVEMENT,A,5000,5.42,0,0.04,N,2,2022,0,0,0
23.0,90100,MORTGAGE,7.0,MEDICAL,E,21600,10.99,1,0.2,Y,2,2022,1,0,1
25.0,118000,MORTGAGE,8.0,HOMEIMPROVEMENT,B,23750,11.12,0,0.21,N,2,2022,0,0,0
23.0,47000,RENT,1.0,PERSONAL,C,15000,12.04,1,0.32,Y,2,2022,1,0,0
22.0,26232,OWN,0.0,MEDICAL,A,6000,6.03,0,0.23,N,2,2022,0,1,0
25.0,118000,MORTGAGE,9.0,DEBTCONSOLIDATION,A,2000,7.12,0,0.02,N,2,2022,0,0,0
25.0,118443,MORTGAGE,7.0,DEBTCONSOLIDATION,A,4900,10.99,0,0.04,N,2,2022,0,0,1
22.0,118812,MORTGAGE,6.0,MEDICAL,C,15000,13.35,0,0.13,N,2,2022,0,0,0
22.0,107000,MORTGAGE,6.0,HOMEIMPROVEMENT,E,23750,19.69,1,0.22,Y,2,2022,1,0,0
26.0,48000,RENT,1.0,PERSONAL,C,15000,10.99,1,0.31,Y,2,2022,1,0,1
23.0,48000,RENT,5.0,EDUCATION,A,15000,6.91,1,0.31,N,2,2022,1,0,0
26.0,119000,MORTGAGE,6.0,VENTURE,D,15000,14.42,0,0.13,N,2,2022,0,0,0
23.0,119500,MORTGAGE,4.0,PERSONAL,A,23750,7.51,0,0.2,N,2,2022,0,0,0
24.0,119500,OWN,8.0,HOMEIMPROVEMENT,B,3500,12.18,0,0.03,N,2,2022,0,0,0
22.0,26000,OWN,2.0,EDUCATION,A,7100,7.49,0,0.27,N,2,2022,0,0,0
25.0,48000,RENT,9.0,PERSONAL,B,15000,10.99,1,0.31,N,2,2022,1,0,1
22.0,48000,RENT,6.0,EDUCATION,A,15000,7.51,1,0.31,N,2,2022,1,0,0
26.0,120000,MORTGAGE,0.0,VENTURE,B,23750,12.69,0,0.21,N,2,2022,0,1,0
22.0,120000,MORTGAGE,6.0,EDUCATION,B,8000,12.69,0,0.07,N,2,2022,0,0,0
22.0,120000,MORTGAGE,3.0,PERSONAL,B,8900,11.71,0,0.07,N,2,2022,0,0,0
22.0,50000,RENT,6.0,EDUCATION,A,15000,6.03,0,0.3,N,2,2022,0,0,0
25.0,120000,MORTGAGE,5.0,HOMEIMPROVEMENT,A,21000,7.9,0,0.17,N,2,2022,0,0,0
25.0,120000,MORTGAGE,5.0,PERSONAL,A,23750,7.9,0,0.23,N,2,2022,0,0,0
23.0,108000,MORTGAGE,5.0,DEBTCONSOLIDATION,D,10000,10.99,1,0.09,Y,2,2022,1,0,1
23.0,120000,MORTGAGE,8.0,EDUCATION,B,4000,10.65,0,0.03,N,2,2022,0,0,0
22.0,25899,OWN,7.0,VENTURE,B,6250,12.69,0,0.24,N,2,2022,0,0,0
24.0,120000,MORTGAGE,3.0,HOMEIMPROVEMENT,D,7000,15.62,0,0.06,N,2,2022,0,0,0
24.0,91800,OWN,8.0,MEDICAL,E,10000,19.29,1,0.09,N,2,2022,1,0,0
22.0,120000,MORTGAGE,3.0,MEDICAL,C,5000,14.79,0,0.04,N,2,2022,0,0,0
24.0,91800,MORTGAGE,8.0,MEDICAL,D,5000,15.99,1,0.05,N,2,2022,1,0,0
24.0,50000,RENT,2.0,VENTURE,B,15000,11.36,0,0.3,N,2,2022,0,0,0
24.0,120000,MORTGAGE,8.0,PERSONAL,C,20000,12.99,0,0.17,Y,2,2022,0,0,0
26.0,120000,MORTGAGE,5.0,EDUCATION,B,13000,10.99,0,0.11,N,2,2022,0,0,0
26.0,120000,MORTGAGE,10.0,MEDICAL,C,5000,13.49,0,0.04,Y,2,2022,0,0,0
26.0,120000,MORTGAGE,5.0,EDUCATION,A,8000,7.29,0,0.07,N,2,2022,0,0,0
22.0,50004,RENT,6.0,VENTURE,D,15000,15.05,0,0.3,Y,2,2022,0,0,0
26.0,50400,RENT,10.0,HOMEIMPROVEMENT,B,15000,10.75,0,0.3,N,2,2022,0,0,0
26.0,120000,MORTGAGE,10.0,MEDICAL,A,10000,5.42,0,0.08,N,2,2022,0,0,0
26.0,120000,MORTGAGE,0.0,EDUCATION,A,6000,10.99,0,0.05,N,2,2022,0,0,1
22.0,120000,MORTGAGE,2.0,EDUCATION,A,17400,7.66,0,0.14,N,2,2022,0,0,0
25.0,25000,OWN,9.0,VENTURE,A,6000,7.51,0,0.24,N,2,2022,0,0,0
25.0,120000,MORTGAGE,6.0,DEBTCONSOLIDATION,B,10000,10.99,0,0.08,N,2,2022,0,0,1
24.0,51500,RENT,8.0,EDUCATION,A,15000,8.49,0,0.29,N,2,2022,0,0,0
22.0,25000,OWN,0.0,VENTURE,A,5000,6.03,0,0.2,N,2,2022,0,1,0
25.0,25000,OWN,0.0,EDUCATION,A,8500,6.03,0,0.34,N,2,2022,0,1,0
24.0,120000,MORTGAGE,8.0,DEBTCONSOLIDATION,C,8400,13.72,0,0.07,Y,2,2022,0,0,0
25.0,120000,MORTGAGE,5.0,DEBTCONSOLIDATION,A,9500,5.42,0,0.08,N,2,2022,0,0,0
23.0,108000,MORTGAGE,7.0,DEBTCONSOLIDATION,C,4000,10.99,1,0.04,N,2,2022,1,0,1
23.0,120000,MORTGAGE,0.0,VENTURE,A,10000,10.99,0,0.08,N,2,2022,0,1,1
23.0,120000,MORTGAGE,7.0,EDUCATION,C,8000,13.61,0,0.07,Y,2,2022,0,0,0
24.0,91800,MORTGAGE,8.0,MEDICAL,D,15000,16.32,1,0.14,Y,2,2022,1,0,0
22.0,52596,RENT,1.0,PERSONAL,B,15000,10.74,0,0.29,N,2,2022,0,0,0
26.0,120000,MORTGAGE,3.0,PERSONAL,A,4600,6.39,0,0.04,N,2,2022,0,0,0
23.0,120000,MORTGAGE,8.0,MEDICAL,A,10000,7.88,0,0.08,N,2,2022,0,0,0
24.0,23000,RENT,2.0,EDUCATION,C,1600,10.99,0,0.07,Y,2,2022,0,0,1
24.0,23000,RENT,2.0,EDUCATION,A,1600,7.68,0,0.07,N,2,2022,0,0,0
26.0,25200,RENT,0.0,VENTURE,C,1600,10.99,0,0.06,Y,2,2022,0,0,1
26.0,120000,MORTGAGE,10.0,HOMEIMPROVEMENT,D,10000,14.59,0,0.08,Y,2,2022,0,0,0
22.0,26880,RENT,2.0,DEBTCONSOLIDATION,B,1600,11.12,0,0.06,N,2,2022,0,0,0
25.0,28800,RENT,2.0,MEDICAL,A,1600,6.62,0,0.06,N,2,2022,0,0,0
21.0,120000,MORTGAGE,5.0,VENTURE,B,15000,10.25,0,0.13,N,2,2022,0,0,0
24.0,120000,OWN,8.0,HOMEIMPROVEMENT,C,21000,14.26,0,0.17,Y,2,2022,0,0,0
25.0,25000,OWN,4.0,MEDICAL,C,17500,14.22,0,0.44000000000000006,N,2,2022,0,0,0
23.0,120000,MORTGAGE,0.0,PERSONAL,A,17000,8.94,0,0.14,N,2,2022,0,0,0
25.0,120000,MORTGAGE,0.0,HOMEIMPROVEMENT,E,20000,10.99,0,0.17,N,2,2022,0,0,1
26.0,120000,MORTGAGE,10.0,DEBTCONSOLIDATION,A,16000,8.94,0,0.13,N,2,2022,0,0,0
24.0,120000,MORTGAGE,1.0,EDUCATION,F,23750,18.53,0,0.21,N,2,2022,0,0,0
24.0,120000,MORTGAGE,0.0,VENTURE,B,15200,12.21,0,0.13,N,2,2022,0,0,0
23.0,108000,MORTGAGE,7.0,HOMEIMPROVEMENT,B,18000,11.26,1,0.17,N,2,2022,1,0,0
24.0,120000,MORTGAGE,0.0,DEBTCONSOLIDATION,A,16000,9.63,0,0.13,N,2,2022,0,0,0
24.0,108000,MORTGAGE,1.0,DEBTCONSOLIDATION,D,23750,13.99,1,0.23,Y,2,2022,1,0,0
23.0,120000,MORTGAGE,0.0,EDUCATION,C,23000,11.03,0,0.19,N,2,2022,0,0,0
24.0,120000,MORTGAGE,8.0,HOMEIMPROVEMENT,C,9500,11.66,0,0.08,Y,2,2022,0,0,0
22.0,82000,RENT,2.0,EDUCATION,B,1600,11.89,0,0.02,N,2,2022,0,0,0
25.0,12732,RENT,0.0,HOMEIMPROVEMENT,C,1550,15.27,1,0.12,N,2,2022,1,1,0
22.0,120456,MORTGAGE,6.0,EDUCATION,D,20000,14.96,0,0.17,Y,2,2022,0,0,0
21.0,24996,OWN,5.0,VENTURE,A,5000,7.51,0,0.2,N,2,2022,0,0,0
25.0,121000,MORTGAGE,9.0,MEDICAL,B,13600,11.99,0,0.11,N,2,2022,0,0,0
25.0,121000,MORTGAGE,6.0,VENTURE,B,13000,10.99,0,0.11,N,2,2022,0,0,1
24.0,121000,MORTGAGE,0.0,EDUCATION,B,20400,10.75,0,0.17,N,2,2022,0,0,0
22.0,12000,RENT,1.0,VENTURE,A,1500,6.99,0,0.13,N,2,2022,0,0,0
23.0,14088,RENT,2.0,MEDICAL,B,1500,8.88,0,0.11,N,2,2022,0,0,0
25.0,14400,RENT,0.0,VENTURE,C,1500,12.99,1,0.1,Y,2,2022,1,0,0
23.0,122000,MORTGAGE,7.0,EDUCATION,C,16000,13.49,0,0.13,N,2,2022,0,0,0
22.0,24744,OWN,5.0,VENTURE,B,5000,11.89,0,0.2,N,2,2022,0,0,0
22.0,122000,MORTGAGE,6.0,MEDICAL,A,6000,6.92,0,0.05,N,2,2022,0,0,0
22.0,24605,OWN,3.0,VENTURE,C,10000,10.99,0,0.41,Y,2,2022,0,0,1
21.0,15600,RENT,2.0,EDUCATION,B,1500,11.86,0,0.1,N,2,2022,0,0,0
26.0,122000,MORTGAGE,10.0,PERSONAL,A,6000,7.51,0,0.05,N,2,2022,0,0,0
21.0,17000,RENT,0.0,DEBTCONSOLIDATION,E,1500,18.64,1,0.09,N,2,2022,1,0,0
22.0,18000,RENT,0.0,HOMEIMPROVEMENT,E,1500,18.64,1,0.08,N,2,2022,1,0,0
21.0,18000,RENT,6.0,DEBTCONSOLIDATION,C,1500,12.61,0,0.08,Y,2,2022,0,0,0
26.0,18000,RENT,0.0,EDUCATION,B,1500,11.36,0,0.08,N,2,2022,0,0,0
26.0,124500,MORTGAGE,10.0,PERSONAL,B,6000,10.62,0,0.05,N,2,2022,0,0,0
23.0,124800,MORTGAGE,4.0,MEDICAL,B,23750,10.99,0,0.22,N,2,2022,0,0,1
21.0,112800,MORTGAGE,2.0,EDUCATION,C,16000,13.48,1,0.14,Y,2,2022,1,0,0
23.0,124896,MORTGAGE,5.0,VENTURE,B,14400,10.99,0,0.12,N,2,2022,0,0,1
23.0,24000,OWN,2.0,VENTURE,C,6000,15.23,0,0.25,Y,2,2022,0,0,0
23.0,24000,OWN,7.0,EDUCATION,A,5000,7.49,0,0.21,N,2,2022,0,0,0
22.0,21216,RENT,0.0,MEDICAL,B,1500,11.86,0,0.07,N,2,2022,0,0,0
22.0,24000,OWN,0.0,DEBTCONSOLIDATION,D,4200,15.62,0,0.17,Y,2,2022,0,0,0
24.0,23004,RENT,9.0,DEBTCONSOLIDATION,A,1500,7.68,0,0.07,N,2,2022,0,0,0
23.0,24000,RENT,4.0,VENTURE,B,1500,11.49,0,0.06,N,2,2022,0,0,0
25.0,96050,MORTGAGE,3.0,MEDICAL,E,23750,19.29,1,0.31,N,2,2022,1,0,0
23.0,125000,MORTGAGE,7.0,EDUCATION,B,5000,10.99,0,0.04,N,2,2022,0,0,1
26.0,25000,RENT,1.0,DEBTCONSOLIDATION,E,1500,14.7,1,0.06,N,2,2022,1,0,0
25.0,125000,OWN,9.0,PERSONAL,B,23750,10.59,0,0.2,N,2,2022,0,0,0
26.0,25200,RENT,2.0,MEDICAL,C,1500,13.49,0,0.06,Y,2,2022,0,0,0
21.0,125000,MORTGAGE,2.0,PERSONAL,A,6000,5.79,0,0.05,N,2,2022,0,0,0
24.0,125000,MORTGAGE,9.0,DEBTCONSOLIDATION,B,23750,10.0,0,0.2,N,2,2022,0,0,0
25.0,53000,RENT,5.0,EDUCATION,C,15000,14.27,0,0.28,Y,2,2022,0,0,0
25.0,113000,MORTGAGE,4.0,DEBTCONSOLIDATION,D,5000,14.54,1,0.04,Y,2,2022,1,0,0
26.0,113000,MORTGAGE,10.0,PERSONAL,A,12000,7.29,1,0.11,N,2,2022,1,0,0
23.0,53500,RENT,6.0,EDUCATION,C,15000,13.47,0,0.28,N,2,2022,0,0,0
23.0,54996,RENT,8.0,EDUCATION,D,15000,14.83,0,0.27,N,2,2022,0,0,0
23.0,125000,MORTGAGE,7.0,MEDICAL,B,10000,9.99,0,0.08,N,2,2022,0,0,0
26.0,55000,RENT,10.0,MEDICAL,B,15000,11.12,0,0.27,N,2,2022,0,0,0
26.0,125000,MORTGAGE,2.0,DEBTCONSOLIDATION,C,20000,13.11,0,0.16,N,2,2022,0,0,0
21.0,125000,MORTGAGE,0.0,PERSONAL,A,10000,7.51,0,0.08,N,2,2022,0,0,0
24.0,55000,RENT,2.0,PERSONAL,A,15000,10.99,0,0.27,N,2,2022,0,0,1
26.0,125000,MORTGAGE,5.0,HOMEIMPROVEMENT,B,7400,12.53,0,0.06,N,2,2022,0,0,0
25.0,55315,RENT,3.0,EDUCATION,B,15000,10.74,0,0.27,N,2,2022,0,0,0
23.0,96050,MORTGAGE,0.0,MEDICAL,F,15000,19.13,1,0.13,N,2,2022,1,0,0
22.0,24000,OWN,2.0,PERSONAL,C,3000,13.61,0,0.13,N,2,2022,0,0,0
22.0,125000,MORTGAGE,0.0,PERSONAL,D,23750,10.99,0,0.2,Y,2,2022,0,0,1
24.0,56000,RENT,1.0,DEBTCONSOLIDATION,C,15000,12.87,0,0.27,N,2,2022,0,0,0
25.0,125000,MORTGAGE,6.0,MEDICAL,A,8000,9.63,0,0.06,N,2,2022,0,0,0
22.0,125000,MORTGAGE,6.0,VENTURE,B,10000,10.99,0,0.08,N,2,2022,0,0,1
26.0,125000,MORTGAGE,4.0,MEDICAL,A,9600,5.79,0,0.08,N,2,2022,0,0,0
22.0,125004,MORTGAGE,6.0,EDUCATION,A,23750,7.9,0,0.24,N,2,2022,0,0,0
22.0,125004,OTHER,6.0,VENTURE,D,10000,14.74,0,0.08,N,2,2022,0,0,0
24.0,126000,MORTGAGE,7.0,MEDICAL,C,11800,10.99,0,0.09,Y,2,2022,0,0,1
26.0,114000,MORTGAGE,4.0,HOMEIMPROVEMENT,B,6000,10.0,1,0.05,N,2,2022,1,0,0
24.0,53000,RENT,1.0,DEBTCONSOLIDATION,D,15000,16.77,1,0.28,N,2,2022,1,0,0
25.0,126500,MORTGAGE,2.0,EDUCATION,B,2000,10.99,0,0.02,N,2,2022,0,0,1
23.0,97583,MORTGAGE,7.0,MEDICAL,D,6950,13.67,1,0.06,N,2,2022,1,0,0
23.0,126996,OWN,2.0,EDUCATION,B,11000,10.0,0,0.09,N,2,2022,0,0,0
25.0,127000,MORTGAGE,9.0,PERSONAL,B,6000,9.91,0,0.05,N,2,2022,0,0,0
23.0,54000,RENT,7.0,MEDICAL,C,15000,15.27,1,0.28,N,2,2022,1,0,0
25.0,127741,MORTGAGE,9.0,DEBTCONSOLIDATION,A,12000,7.88,0,0.09,N,2,2022,0,0,0
23.0,128000,MORTGAGE,7.0,EDUCATION,A,6000,7.49,0,0.05,N,2,2022,0,0,0
23.0,128000,MORTGAGE,4.0,EDUCATION,C,4800,12.99,0,0.04,Y,2,2022,0,0,0
22.0,128474,MORTGAGE,6.0,DEBTCONSOLIDATION,A,23750,7.29,0,0.23,N,2,2022,0,0,0
23.0,129600,OWN,7.0,PERSONAL,A,13500,5.42,0,0.1,N,2,2022,0,0,0
22.0,130000,MORTGAGE,6.0,PERSONAL,C,3000,13.49,0,0.02,N,2,2022,0,0,0
23.0,60000,RENT,0.0,DEBTCONSOLIDATION,B,15000,11.11,0,0.25,N,2,2022,0,0,0
24.0,130000,MORTGAGE,8.0,VENTURE,A,6000,6.62,0,0.05,N,2,2022,0,0,0
26.0,130000,MORTGAGE,8.0,PERSONAL,A,10000,6.03,0,0.08,N,2,2022,0,0,0
24.0,130000,MORTGAGE,3.0,DEBTCONSOLIDATION,B,5000,12.42,0,0.04,N,2,2022,0,0,0
26.0,130000,MORTGAGE,2.0,MEDICAL,A,18000,7.9,0,0.14,N,2,2022,0,0,0
24.0,60000,RENT,7.0,HOMEIMPROVEMENT,C,15000,13.85,0,0.25,Y,2,2022,0,0,0
23.0,60000,RENT,7.0,PERSONAL,C,15000,14.22,0,0.25,Y,2,2022,0,0,0
24.0,130000,MORTGAGE,8.0,DEBTCONSOLIDATION,B,6000,10.59,0,0.05,N,2,2022,0,0,0
23.0,130000,MORTGAGE,0.0,MEDICAL,A,6000,5.42,0,0.05,N,2,2022,0,1,0
25.0,130000,MORTGAGE,5.0,HOMEIMPROVEMENT,A,3000,5.42,0,0.02,N,2,2022,0,0,0
23.0,60480,RENT,7.0,EDUCATION,B,15000,10.83,0,0.25,N,2,2022,0,0,0
24.0,130000,MORTGAGE,8.0,EDUCATION,A,18500,10.99,0,0.14,N,2,2022,0,0,1
24.0,61100,RENT,1.0,DEBTCONSOLIDATION,B,15000,12.53,0,0.25,N,2,2022,0,0,0
25.0,130000,MORTGAGE,2.0,VENTURE,A,12000,7.51,0,0.09,N,2,2022,0,0,0
25.0,130000,MORTGAGE,5.0,VENTURE,C,20000,13.48,0,0.15,N,2,2022,0,0,0
21.0,56000,RENT,5.0,MEDICAL,E,15000,16.0,1,0.27,N,2,2022,1,0,0
23.0,130000,OWN,7.0,VENTURE,D,22600,14.96,0,0.17,Y,2,2022,0,0,0
22.0,22800,OWN,1.0,MEDICAL,A,9000,5.99,0,0.39,N,2,2022,0,0,0
25.0,130000,MORTGAGE,9.0,PERSONAL,B,15000,11.89,0,0.12,N,2,2022,0,0,0
26.0,130000,MORTGAGE,9.0,EDUCATION,A,7000,8.0,0,0.05,N,2,2022,0,0,0
25.0,58000,RENT,5.0,DEBTCONSOLIDATION,D,15000,18.25,1,0.26,N,2,2022,1,0,0
24.0,130000,MORTGAGE,2.0,MEDICAL,B,1250,10.95,0,0.01,N,2,2022,0,0,0
24.0,130000,MORTGAGE,6.0,PERSONAL,B,20000,11.58,0,0.15,N,2,2022,0,0,0
26.0,130000,MORTGAGE,3.0,PERSONAL,B,5000,9.64,0,0.04,N,2,2022,0,0,0
23.0,130008,MORTGAGE,0.0,MEDICAL,A,9000,7.74,0,0.07,N,2,2022,0,0,0
23.0,130104,MORTGAGE,7.0,VENTURE,A,23750,6.54,0,0.18,N,2,2022,0,0,0
22.0,130920,MORTGAGE,0.0,VENTURE,A,15000,8.94,0,0.11,N,2,2022,0,0,0
24.0,22320,OWN,4.0,MEDICAL,E,1000,16.32,1,0.04,N,2,2022,1,0,0
26.0,132000,MORTGAGE,3.0,EDUCATION,A,10200,7.9,0,0.08,N,2,2022,0,0,0
23.0,132000,MORTGAGE,5.0,PERSONAL,A,15000,6.99,0,0.11,N,2,2022,0,0,0
25.0,65000,RENT,4.0,PERSONAL,C,15000,13.49,0,0.23,N,2,2022,0,0,0
24.0,132000,MORTGAGE,8.0,VENTURE,D,14000,17.49,0,0.11,Y,2,2022,0,0,0
23.0,120000,MORTGAGE,7.0,HOMEIMPROVEMENT,D,8000,10.99,1,0.07,Y,2,2022,1,0,1
22.0,132000,MORTGAGE,3.0,MEDICAL,A,10000,7.66,0,0.08,N,2,2022,0,0,0
24.0,65000,RENT,5.0,PERSONAL,A,15000,6.17,0,0.23,N,2,2022,0,0,0
25.0,120000,MORTGAGE,4.0,HOMEIMPROVEMENT,B,23750,10.99,1,0.21,N,2,2022,1,0,0
25.0,132000,MORTGAGE,1.0,VENTURE,B,12000,10.99,0,0.09,N,2,2022,0,0,1
24.0,65000,RENT,8.0,MEDICAL,B,15000,9.88,0,0.23,N,2,2022,0,0,0
24.0,103044,MORTGAGE,8.0,MEDICAL,D,11600,15.05,1,0.1,Y,2,2022,1,0,0
25.0,65000,RENT,9.0,EDUCATION,E,15000,16.32,0,0.23,N,2,2022,0,0,0
25.0,59004,RENT,1.0,VENTURE,D,15000,15.58,1,0.25,N,2,2022,1,0,0
24.0,135000,MORTGAGE,8.0,VENTURE,B,21000,12.69,0,0.16,N,2,2022,0,0,0
20.0,135000,MORTGAGE,1.0,VENTURE,C,15000,15.96,0,0.11,Y,2,2022,0,0,0
24.0,135000,MORTGAGE,5.0,HOMEIMPROVEMENT,A,8800,6.03,0,0.07,N,2,2022,0,0,0
24.0,135000,MORTGAGE,4.0,MEDICAL,A,23750,7.49,0,0.19,N,2,2022,0,0,0
26.0,135000,MORTGAGE,10.0,DEBTCONSOLIDATION,C,23750,12.99,0,0.18,N,2,2022,0,0,0
23.0,135000,MORTGAGE,1.0,VENTURE,D,12500,15.99,0,0.09,N,2,2022,0,0,0
24.0,135000,MORTGAGE,0.0,EDUCATION,A,6000,6.92,0,0.04,N,2,2022,0,0,0
24.0,135000,MORTGAGE,8.0,PERSONAL,B,21000,10.74,0,0.16,N,2,2022,0,0,0
21.0,69000,RENT,3.0,MEDICAL,A,15000,8.49,0,0.22,N,2,2022,0,0,0
24.0,135000,MORTGAGE,8.0,EDUCATION,A,12000,9.38,0,0.09,N,2,2022,0,0,0
21.0,70000,RENT,5.0,EDUCATION,B,15000,10.38,0,0.21,N,2,2022,0,0,0
25.0,70000,RENT,6.0,PERSONAL,B,15000,11.89,0,0.21,N,2,2022,0,0,0
26.0,137000,MORTGAGE,3.0,EDUCATION,B,3500,12.18,0,0.03,N,2,2022,0,0,0
23.0,137000,MORTGAGE,0.0,EDUCATION,A,11400,9.63,0,0.08,N,2,2022,0,0,0
22.0,137004,MORTGAGE,3.0,VENTURE,A,10000,5.79,0,0.07,N,2,2022,0,0,0
23.0,138000,MORTGAGE,7.0,PERSONAL,B,2700,11.86,0,0.02,N,2,2022,0,0,0
25.0,126996,MORTGAGE,8.0,DEBTCONSOLIDATION,C,5000,12.73,1,0.04,Y,2,2022,1,0,0
23.0,21000,OWN,2.0,EDUCATION,C,6000,15.27,0,0.29,N,2,2022,0,0,0
26.0,139992,MORTGAGE,0.0,DEBTCONSOLIDATION,B,14400,10.99,0,0.1,N,2,2022,0,0,1
24.0,128000,MORTGAGE,7.0,DEBTCONSOLIDATION,D,18000,17.27,1,0.14,Y,2,2022,1,0,0
25.0,140000,MORTGAGE,3.0,MEDICAL,B,8000,11.71,0,0.06,N,2,2022,0,0,0
26.0,66000,RENT,2.0,PERSONAL,D,15000,16.02,1,0.23,N,2,2022,1,0,0
22.0,72000,RENT,6.0,VENTURE,E,15000,17.19,0,0.21,N,2,2022,0,0,0
24.0,140000,MORTGAGE,8.0,HOMEIMPROVEMENT,B,23750,10.36,0,0.18,N,2,2022,0,0,0
24.0,140000,MORTGAGE,8.0,MEDICAL,B,16000,10.38,0,0.11,N,2,2022,0,0,0
25.0,128000,MORTGAGE,4.0,HOMEIMPROVEMENT,B,10000,11.58,1,0.08,N,2,2022,1,0,0
21.0,20004,OWN,2.0,MEDICAL,B,2500,9.63,0,0.12,N,2,2022,0,0,0
24.0,141000,OWN,8.0,PERSONAL,A,10000,7.49,0,0.07,N,2,2022,0,0,0
24.0,141500,OWN,0.0,VENTURE,A,7500,7.88,0,0.05,N,2,2022,0,0,0
24.0,132000,MORTGAGE,8.0,DEBTCONSOLIDATION,D,1500,17.27,1,0.01,N,2,2022,1,0,0
23.0,141500,MORTGAGE,7.0,PERSONAL,A,10000,5.99,0,0.07,N,2,2022,0,0,0
23.0,141500,OWN,1.0,VENTURE,A,6800,7.49,0,0.05,N,2,2022,0,0,0
25.0,141500,MORTGAGE,2.0,EDUCATION,E,23750,16.35,0,0.17,Y,2,2022,0,0,0
23.0,77000,RENT,7.0,PERSONAL,B,15000,12.42,0,0.19,N,2,2022,0,0,0
24.0,20000,OWN,2.0,HOMEIMPROVEMENT,A,3000,8.94,0,0.15,N,2,2022,0,0,0
26.0,141500,MORTGAGE,9.0,DEBTCONSOLIDATION,B,14000,10.59,0,0.1,N,2,2022,0,0,0
24.0,141500,MORTGAGE,3.0,MEDICAL,B,12000,10.99,0,0.08,N,2,2022,0,0,0
23.0,73000,RENT,7.0,EDUCATION,A,15000,7.51,1,0.21,N,2,2022,1,0,0
23.0,141500,MORTGAGE,3.0,MEDICAL,B,12000,10.37,0,0.08,N,2,2022,0,0,0
25.0,141500,MORTGAGE,7.0,MEDICAL,A,12000,5.79,0,0.08,N,2,2022,0,0,0
21.0,80000,RENT,3.0,VENTURE,A,15000,10.99,0,0.19,N,2,2022,0,0,1
26.0,80000,RENT,11.0,VENTURE,A,15000,8.49,0,0.19,N,2,2022,0,0,0
25.0,133000,MORTGAGE,8.0,DEBTCONSOLIDATION,F,3000,17.9,1,0.02,Y,2,2022,1,0,0
25.0,141500,MORTGAGE,3.0,PERSONAL,B,7500,10.08,0,0.05,N,2,2022,0,0,0
21.0,19800,OWN,4.0,HOMEIMPROVEMENT,D,6800,14.59,1,0.34,N,2,2022,1,0,0
23.0,141500,MORTGAGE,0.0,DEBTCONSOLIDATION,A,4700,6.92,0,0.03,N,2,2022,0,0,0
25.0,133900,MORTGAGE,9.0,VENTURE,D,7500,13.49,1,0.06,Y,2,2022,1,0,0
26.0,141500,MORTGAGE,0.0,EDUCATION,D,20000,10.99,0,0.14,Y,2,2022,0,0,1
21.0,141500,MORTGAGE,5.0,DEBTCONSOLIDATION,C,4000,13.72,0,0.03,N,2,2022,0,0,0
23.0,74000,RENT,1.0,VENTURE,D,15000,15.65,1,0.2,N,2,2022,1,0,0
21.0,19200,OWN,0.0,PERSONAL,B,2400,9.91,0,0.13,N,2,2022,0,0,0
24.0,141500,MORTGAGE,0.0,EDUCATION,A,4000,7.88,0,0.03,N,2,2022,0,0,0
25.0,136112,MORTGAGE,9.0,HOMEIMPROVEMENT,E,15600,19.42,1,0.11,N,2,2022,1,0,0
25.0,141500,MORTGAGE,3.0,MEDICAL,A,12000,10.99,0,0.08,N,2,2022,0,0,1
23.0,19200,OWN,0.0,PERSONAL,A,6000,6.54,1,0.31,N,2,2022,1,1,0
21.0,19200,OWN,5.0,EDUCATION,A,3300,6.17,1,0.17,N,2,2022,1,0,0
26.0,141500,MORTGAGE,6.0,EDUCATION,D,6400,15.62,0,0.04,Y,2,2022,0,0,0
24.0,85100,RENT,3.0,EDUCATION,C,15000,10.99,0,0.18,Y,2,2022,0,0,1
26.0,87000,RENT,6.0,MEDICAL,A,15000,5.99,0,0.17,N,2,2022,0,0,0
23.0,141500,MORTGAGE,7.0,DEBTCONSOLIDATION,A,9600,6.92,0,0.06,N,2,2022,0,0,0
22.0,87000,RENT,6.0,PERSONAL,B,15000,10.62,0,0.17,N,2,2022,0,0,0
26.0,141500,MORTGAGE,1.0,PERSONAL,B,6000,10.74,0,0.04,N,2,2022,0,0,0
25.0,141500,MORTGAGE,9.0,MEDICAL,B,23750,10.37,0,0.17,N,2,2022,0,0,0
25.0,141500,MORTGAGE,3.0,HOMEIMPROVEMENT,A,15000,6.54,0,0.1,N,2,2022,0,0,0
23.0,141500,MORTGAGE,7.0,MEDICAL,A,8000,6.91,0,0.05,N,2,2022,0,0,0
23.0,88000,RENT,0.0,EDUCATION,C,15000,10.28,0,0.17,N,2,2022,0,0,0
24.0,90000,RENT,0.0,DEBTCONSOLIDATION,A,15000,7.9,0,0.17,N,2,2022,0,0,0
24.0,141500,MORTGAGE,3.0,MEDICAL,C,15000,10.99,0,0.1,N,2,2022,0,0,1
25.0,141500,MORTGAGE,9.0,DEBTCONSOLIDATION,B,23750,10.25,0,0.17,N,2,2022,0,0,0
24.0,141500,MORTGAGE,8.0,EDUCATION,B,23750,10.99,0,0.17,N,2,2022,0,0,1
24.0,90000,RENT,3.0,HOMEIMPROVEMENT,B,15000,11.86,0,0.17,N,2,2022,0,0,0
26.0,141500,MORTGAGE,10.0,PERSONAL,B,15000,12.21,0,0.1,N,2,2022,0,0,0
21.0,141500,OWN,0.0,VENTURE,A,23750,7.49,0,0.17,N,2,2022,0,0,0
23.0,141500,MORTGAGE,3.0,EDUCATION,A,2400,7.49,0,0.02,N,2,2022,0,0,0
24.0,141500,MORTGAGE,8.0,HOMEIMPROVEMENT,C,23750,14.27,0,0.23,Y,2,2022,0,0,0
21.0,141500,MORTGAGE,5.0,VENTURE,B,8000,11.12,0,0.05,N,2,2022,0,0,0
24.0,31000,RENT,6.0,PERSONAL,C,15075,15.27,1,0.44000000000000006,Y,2,2022,1,0,0
26.0,141500,MORTGAGE,3.0,MEDICAL,A,17500,8.49,0,0.12,N,2,2022,0,0,0
26.0,141500,OWN,3.0,PERSONAL,B,15000,11.36,0,0.1,N,2,2022,0,0,0
25.0,141500,MORTGAGE,1.0,DEBTCONSOLIDATION,A,18000,6.99,0,0.12,N,2,2022,0,0,0
25.0,141500,MORTGAGE,9.0,MEDICAL,A,18000,7.51,0,0.12,N,2,2022,0,0,0
23.0,141500,MORTGAGE,7.0,DEBTCONSOLIDATION,D,23750,14.59,1,0.17,Y,2,2022,1,0,0
25.0,141500,MORTGAGE,9.0,HOMEIMPROVEMENT,A,10500,7.49,0,0.07,N,2,2022,0,0,0
23.0,31200,RENT,0.0,MEDICAL,E,15250,17.93,1,0.44000000000000006,N,2,2022,1,0,0
26.0,141500,MORTGAGE,6.0,PERSONAL,D,23000,18.25,0,0.15,N,2,2022,0,0,0
25.0,141500,MORTGAGE,4.0,PERSONAL,C,23750,13.48,0,0.16,N,2,2022,0,0,0
26.0,141500,MORTGAGE,6.0,VENTURE,C,9600,14.27,0,0.06,Y,2,2022,0,0,0
24.0,38272,RENT,1.0,VENTURE,C,15250,14.17,1,0.4,Y,2,2022,1,0,0
26.0,34000,RENT,3.0,VENTURE,C,15250,13.22,1,0.44000000000000006,Y,2,2022,1,0,0
24.0,36000,RENT,6.0,MEDICAL,E,15250,15.95,1,0.42,Y,2,2022,1,0,0
26.0,17500,OWN,10.0,PERSONAL,A,5500,10.99,1,0.31,N,2,2022,1,0,1
25.0,141500,MORTGAGE,9.0,DEBTCONSOLIDATION,C,10000,13.22,0,0.06,Y,2,2022,0,0,0
24.0,120000,RENT,9.0,MEDICAL,C,15400,14.26,0,0.13,N,2,2022,0,0,0
26.0,141500,MORTGAGE,9.0,HOMEIMPROVEMENT,B,20000,10.25,1,0.14,N,2,2022,1,0,0
24.0,36000,RENT,8.0,VENTURE,E,15450,13.43,1,0.43,N,2,2022,1,0,0
25.0,141500,MORTGAGE,10.0,VENTURE,C,20000,14.26,0,0.13,Y,2,2022,0,0,0
22.0,71760,RENT,6.0,EDUCATION,A,15500,7.88,0,0.22,N,2,2022,0,0,0
26.0,125000,RENT,0.0,EDUCATION,A,15500,7.88,0,0.12,N,2,2022,0,0,0
24.0,141500,MORTGAGE,8.0,HOMEIMPROVEMENT,E,20000,19.69,0,0.13,Y,2,2022,0,0,0
23.0,141500,MORTGAGE,1.0,VENTURE,C,23750,15.23,0,0.22,Y,2,2022,0,0,0
24.0,141500,MORTGAGE,8.0,DEBTCONSOLIDATION,D,23750,15.31,1,0.17,Y,2,2022,1,0,0
24.0,63000,RENT,1.0,HOMEIMPROVEMENT,A,15675,6.54,0,0.25,N,2,2022,0,0,0
23.0,68000,RENT,3.0,MEDICAL,B,15700,11.49,0,0.23,N,2,2022,0,0,0
24.0,141500,MORTGAGE,8.0,DEBTCONSOLIDATION,C,16000,15.96,0,0.1,Y,2,2022,0,0,0
23.0,141500,OWN,5.0,EDUCATION,B,10000,11.36,0,0.06,N,2,2022,0,0,0
22.0,104000,RENT,3.0,MEDICAL,C,15900,13.49,0,0.15,N,2,2022,0,0,0
24.0,15996,OWN,8.0,EDUCATION,A,4000,8.0,1,0.25,N,2,2022,1,0,0
23.0,80000,RENT,6.0,EDUCATION,A,16000,10.99,0,0.2,N,2,2022,0,0,1
23.0,141500,MORTGAGE,1.0,EDUCATION,B,20000,12.21,0,0.12,N,2,2022,0,0,0
23.0,141500,MORTGAGE,6.0,PERSONAL,B,15750,10.75,0,0.09,N,2,2022,0,0,0
26.0,81000,RENT,7.0,HOMEIMPROVEMENT,C,16000,13.85,0,0.2,Y,2,2022,0,0,0
25.0,83000,RENT,2.0,DEBTCONSOLIDATION,B,16000,10.99,0,0.19,N,2,2022,0,0,0
23.0,85000,RENT,2.0,PERSONAL,C,16000,14.27,0,0.19,N,2,2022,0,0,0
25.0,141500,MORTGAGE,9.0,MEDICAL,B,23750,10.75,0,0.15,N,2,2022,0,0,0
24.0,85000,RENT,0.0,EDUCATION,A,16000,6.91,0,0.19,N,2,2022,0,0,0
24.0,134300,MORTGAGE,2.0,MEDICAL,E,12000,16.45,1,0.08,N,2,2022,1,0,0
21.0,15300,OWN,5.0,MEDICAL,A,2500,6.03,1,0.16,N,2,2022,1,0,0
26.0,141500,MORTGAGE,7.0,VENTURE,A,12000,10.99,0,0.07,N,2,2022,0,0,1
25.0,86000,RENT,9.0,EDUCATION,D,16000,16.29,0,0.19,Y,2,2022,0,0,0
26.0,141500,MORTGAGE,7.0,DEBTCONSOLIDATION,B,23750,10.99,0,0.17,N,2,2022,0,0,1
24.0,90000,RENT,7.0,EDUCATION,B,16000,12.18,0,0.18,N,2,2022,0,0,0
24.0,79200,RENT,3.0,EDUCATION,D,16000,12.67,1,0.2,Y,2,2022,1,0,0
25.0,141500,MORTGAGE,9.0,PERSONAL,E,8000,15.68,0,0.04,Y,2,2022,0,0,0
25.0,141500,MORTGAGE,9.0,HOMEIMPROVEMENT,B,14400,10.99,0,0.08,N,2,2022,0,0,1
24.0,141500,MORTGAGE,8.0,MEDICAL,D,23750,14.84,1,0.15,Y,2,2022,1,0,0
25.0,141500,MORTGAGE,9.0,HOMEIMPROVEMENT,C,23750,12.87,0,0.13,N,2,2022,0,0,0
23.0,141500,MORTGAGE,5.0,HOMEIMPROVEMENT,A,12500,8.94,1,0.07,N,2,2022,1,0,0
25.0,141500,MORTGAGE,2.0,MEDICAL,B,14500,8.88,0,0.08,N,2,2022,0,0,0
24.0,141500,MORTGAGE,6.0,MEDICAL,A,3000,7.88,0,0.02,N,2,2022,0,0,0
24.0,141500,MORTGAGE,4.0,EDUCATION,A,5000,9.32,0,0.03,N,2,2022,0,0,0
24.0,141500,MORTGAGE,6.0,PERSONAL,A,5000,5.42,0,0.03,N,2,2022,0,0,0
26.0,141500,OWN,10.0,PERSONAL,B,23750,9.25,0,0.13,N,2,2022,0,0,0
25.0,141500,MORTGAGE,9.0,HOMEIMPROVEMENT,B,10000,10.59,0,0.05,N,2,2022,0,0,0
24.0,98004,RENT,0.0,DEBTCONSOLIDATION,D,16000,16.32,1,0.16,N,2,2022,1,0,0
23.0,14400,OWN,7.0,DEBTCONSOLIDATION,C,3000,14.72,1,0.21,Y,2,2022,1,0,0
25.0,141500,MORTGAGE,4.0,PERSONAL,B,15000,9.99,0,0.08,N,2,2022,0,0,0
26.0,141500,MORTGAGE,10.0,HOMEIMPROVEMENT,B,12000,11.71,0,0.06,N,2,2022,0,0,0
23.0,141500,MORTGAGE,7.0,VENTURE,B,21000,12.69,0,0.1,N,2,2022,0,0,0
24.0,113000,RENT,3.0,VENTURE,B,16000,11.99,0,0.14,N,2,2022,0,0,0
21.0,141500,MORTGAGE,5.0,MEDICAL,D,23750,15.62,1,0.16,N,2,2022,1,0,0
25.0,119000,RENT,4.0,EDUCATION,A,16000,10.99,0,0.13,N,2,2022,0,0,1
22.0,125000,RENT,3.0,DEBTCONSOLIDATION,A,16000,7.9,0,0.13,N,2,2022,0,0,0
24.0,135000,RENT,3.0,EDUCATION,E,16000,16.69,0,0.12,N,2,2022,0,0,0
24.0,135000,RENT,8.0,VENTURE,B,16000,10.62,0,0.12,N,2,2022,0,0,0
24.0,141500,MORTGAGE,8.0,EDUCATION,C,23750,13.99,0,0.17,N,2,2022,0,0,0
23.0,141500,RENT,2.0,MEDICAL,A,16000,6.03,0,0.11,N,2,2022,0,0,0
25.0,141500,MORTGAGE,9.0,MEDICAL,F,6500,15.01,1,0.03,N,2,2022,1,0,0
25.0,141500,MORTGAGE,5.0,VENTURE,B,23750,10.75,0,0.11,N,2,2022,0,0,0
24.0,35000,RENT,8.0,DEBTCONSOLIDATION,B,19000,11.36,1,0.44000000000000006,N,2,2022,1,0,0
22.0,75000,RENT,1.0,VENTURE,A,19200,10.99,0,0.26,N,2,2022,0,0,1
26.0,141500,MORTGAGE,10.0,EDUCATION,A,15000,7.49,0,0.06,N,2,2022,0,0,0
26.0,141500,MORTGAGE,11.0,HOMEIMPROVEMENT,B,9000,9.99,0,0.04,N,2,2022,0,0,0
25.0,141500,MORTGAGE,4.0,EDUCATION,A,10575,6.99,0,0.04,N,2,2022,0,0,0
23.0,141500,MORTGAGE,7.0,EDUCATION,B,8800,10.0,0,0.04,N,2,2022,0,0,0
24.0,141500,MORTGAGE,2.0,DEBTCONSOLIDATION,A,7000,7.66,1,0.03,N,2,2022,1,0,0
23.0,141500,MORTGAGE,5.0,EDUCATION,D,10000,15.65,0,0.03,Y,2,2022,0,0,0
23.0,50000,RENT,0.0,EDUCATION,B,19400,12.69,1,0.39,N,2,2022,1,0,0
21.0,55438,RENT,4.0,VENTURE,C,19400,13.49,1,0.35,N,2,2022,1,0,0
25.0,141500,MORTGAGE,7.0,VENTURE,B,23750,10.65,0,0.1,N,2,2022,0,0,0
25.0,141500,MORTGAGE,5.0,DEBTCONSOLIDATION,C,15000,12.99,0,0.04,Y,2,2022,0,0,0
24.0,141500,MORTGAGE,8.0,EDUCATION,A,10000,7.88,0,0.02,N,2,2022,0,0,0
24.0,90000,RENT,1.0,HOMEIMPROVEMENT,B,19500,9.76,0,0.22,N,2,2022,0,0,0
23.0,45000,RENT,8.0,EDUCATION,B,19600,9.91,1,0.44,N,2,2022,1,0,0
24.0,45295,RENT,8.0,DEBTCONSOLIDATION,D,19650,15.37,1,0.43,Y,2,2022,1,0,0
25.0,9600,RENT,4.0,MEDICAL,D,2100,15.99,1,0.22,N,2,2022,1,0,0
25.0,9600,RENT,0.0,MEDICAL,C,1200,15.23,0,0.13,N,2,2022,0,1,0
26.0,9600,RENT,4.0,VENTURE,D,2950,17.49,1,0.31,Y,2,2022,1,0,0
22.0,9600,RENT,0.0,VENTURE,A,1500,7.29,1,0.16,N,2,2022,1,0,0
22.0,9600,RENT,0.0,EDUCATION,B,1200,10.37,0,0.13,N,2,2022,0,1,0
24.0,9600,OWN,2.0,VENTURE,A,3200,7.88,1,0.33,N,2,2022,1,0,0
23.0,9000,OWN,4.0,HOMEIMPROVEMENT,C,2000,13.35,1,0.22,N,2,2022,1,0,0
23.0,8628,OWN,0.0,EDUCATION,A,1400,10.99,1,0.16,N,2,2022,1,1,1
23.0,8400,RENT,0.0,EDUCATION,B,2000,10.65,1,0.24,N,2,2022,1,1,0
24.0,8400,RENT,0.0,EDUCATION,C,1500,13.99,1,0.18,Y,2,2022,1,1,0
22.0,8280,RENT,0.0,MEDICAL,B,2400,9.91,1,0.29,N,2,2022,1,1,0
21.0,8088,RENT,0.0,MEDICAL,C,1200,15.23,0,0.15,Y,2,2022,0,1,0
21.0,8004,RENT,4.0,MEDICAL,A,3000,7.88,1,0.37,N,2,2022,1,0,0
22.0,8000,RENT,0.0,MEDICAL,A,2100,7.51,1,0.26,N,2,2022,1,1,0
21.0,8000,RENT,1.0,DEBTCONSOLIDATION,A,2800,7.4,1,0.35,N,2,2022,1,0,0
24.0,7000,RENT,2.0,MEDICAL,C,1000,10.99,0,0.14,N,2,2022,0,0,1
24.0,6000,RENT,0.0,PERSONAL,A,1050,10.99,1,0.17,N,2,2022,1,0,1
22.0,4800,RENT,1.0,PERSONAL,D,1800,14.84,1,0.38,Y,2,2022,1,0,0
22.0,4800,RENT,0.0,MEDICAL,C,1200,14.26,1,0.25,Y,2,2022,1,0,0
26.0,56100,MORTGAGE,10.0,MEDICAL,D,16000,10.99,1,0.24,Y,2,2022,1,0,1
21.0,30000,RENT,5.0,EDUCATION,A,12000,5.79,1,0.4,N,2,2022,1,0,0
22.0,75000,RENT,0.0,PERSONAL,A,8000,5.99,0,0.11,N,2,2022,0,0,0
22.0,72000,OWN,6.0,EDUCATION,B,16000,10.37,0,0.22,N,2,2022,0,0,0
23.0,50400,RENT,3.0,EDUCATION,B,5000,10.38,0,0.1,N,2,2022,0,0,0
23.0,75000,RENT,7.0,VENTURE,C,18000,12.73,0,0.24,N,2,2022,0,0,0
22.0,53808,MORTGAGE,5.0,VENTURE,A,6000,8.9,0,0.11,N,2,2022,0,0,0
25.0,45000,RENT,4.0,DEBTCONSOLIDATION,C,15000,10.99,1,0.33,N,2,2022,1,0,1
21.0,35000,MORTGAGE,5.0,EDUCATION,B,1500,9.63,0,0.04,N,2,2022,0,0,0
23.0,118000,MORTGAGE,4.0,VENTURE,C,12000,13.11,0,0.1,N,2,2022,0,0,0
26.0,42000,RENT,2.0,EDUCATION,C,4800,14.27,1,0.11,Y,2,2022,1,0,0
25.0,141500,MORTGAGE,2.0,HOMEIMPROVEMENT,D,23750,16.07,0,0.12,N,2,2022,0,0,0
26.0,37820,MORTGAGE,3.0,DEBTCONSOLIDATION,A,6300,10.99,0,0.17,N,2,2022,0,0,1
23.0,90000,RENT,0.0,EDUCATION,A,12000,8.9,0,0.13,N,2,2022,0,0,0
25.0,88500,RENT,3.0,VENTURE,C,7200,13.47,0,0.08,Y,2,2022,0,0,0
26.0,30000,OWN,0.0,HOMEIMPROVEMENT,C,15000,13.22,0,0.44000000000000006,Y,2,2022,0,0,0
24.0,30000,OWN,7.0,HOMEIMPROVEMENT,C,10000,12.61,0,0.33,Y,2,2022,0,0,0
22.0,36000,MORTGAGE,6.0,VENTURE,D,1400,14.84,0,0.04,N,2,2022,0,0,0
23.0,24000,RENT,4.0,DEBTCONSOLIDATION,A,5000,6.62,0,0.21,N,2,2022,0,0,0
24.0,60000,RENT,1.0,EDUCATION,B,10000,10.99,0,0.17,N,2,2022,0,0,1
25.0,35000,RENT,3.0,VENTURE,B,2400,12.53,0,0.07,N,2,2022,0,0,0
25.0,25920,RENT,0.0,VENTURE,B,2300,11.11,0,0.09,N,2,2022,0,0,0
22.0,75000,RENT,2.0,MEDICAL,C,20000,10.99,0,0.27,Y,2,2022,0,0,1
24.0,128000,MORTGAGE,4.0,EDUCATION,A,12000,6.03,0,0.09,N,2,2022,0,0,0
21.0,40000,RENT,4.0,EDUCATION,A,5000,5.79,0,0.13,N,2,2022,0,0,0
25.0,85000,MORTGAGE,5.0,EDUCATION,C,9600,13.85,0,0.11,N,2,2022,0,0,0
26.0,65000,MORTGAGE,11.0,VENTURE,A,10950,7.88,0,0.17,N,2,2022,0,0,0
23.0,16000,MORTGAGE,1.0,DEBTCONSOLIDATION,C,5600,12.84,1,0.35,Y,2,2022,1,0,0
23.0,39000,RENT,3.0,MEDICAL,B,10000,11.99,1,0.26,N,2,2022,1,0,0
24.0,45000,RENT,8.0,PERSONAL,C,8000,12.73,0,0.18,N,2,2022,0,0,0
26.0,55000,RENT,1.0,EDUCATION,C,3000,10.99,0,0.05,Y,2,2022,0,0,1
23.0,75000,OWN,8.0,VENTURE,A,8000,6.17,0,0.11,N,2,2022,0,0,0
22.0,28800,RENT,6.0,MEDICAL,B,8000,11.49,0,0.28,N,2,2022,0,0,0
25.0,53000,MORTGAGE,4.0,EDUCATION,A,6000,6.62,0,0.11,N,2,2022,0,0,0
22.0,56400,RENT,2.0,EDUCATION,A,9500,8.9,0,0.17,N,2,2022,0,0,0
22.0,32240,RENT,3.0,PERSONAL,C,15000,13.22,1,0.44000000000000006,N,2,2022,1,0,0
21.0,57000,RENT,3.0,VENTURE,A,3000,5.42,0,0.05,N,2,2022,0,0,0
25.0,69000,RENT,1.0,PERSONAL,D,8000,13.99,1,0.12,N,2,2022,1,0,0
25.0,75000,MORTGAGE,4.0,VENTURE,C,12000,13.49,0,0.16,N,2,2022,0,0,0
22.0,52000,MORTGAGE,5.0,VENTURE,A,6000,7.9,0,0.12,N,2,2022,0,0,0
24.0,45000,RENT,3.0,PERSONAL,A,7800,7.51,0,0.17,N,2,2022,0,0,0
24.0,87000,MORTGAGE,5.0,DEBTCONSOLIDATION,B,10000,10.36,0,0.11,N,2,2022,0,0,0
23.0,92004,RENT,6.0,MEDICAL,C,23750,15.23,1,0.33,Y,2,2022,1,0,0
26.0,39000,RENT,2.0,EDUCATION,A,8000,6.62,0,0.21,N,2,2022,0,0,0
25.0,44000,RENT,1.0,MEDICAL,D,8000,12.92,1,0.18,N,2,2022,1,0,0
24.0,39996,OWN,0.0,PERSONAL,A,3000,7.37,0,0.08,N,2,2022,0,0,0
23.0,21600,RENT,2.0,HOMEIMPROVEMENT,D,6000,14.42,1,0.28,N,2,2022,1,0,0
23.0,75000,MORTGAGE,5.0,PERSONAL,B,5000,11.12,0,0.07,N,2,2022,0,0,0
23.0,34000,OWN,7.0,EDUCATION,A,10950,7.29,0,0.32,N,2,2022,0,0,0
23.0,141500,OWN,7.0,PERSONAL,A,7000,8.94,0,0.05,N,2,2022,0,0,0
26.0,41400,RENT,5.0,MEDICAL,B,7300,9.45,0,0.18,N,2,2022,0,0,0
23.0,21000,RENT,6.0,EDUCATION,A,7500,6.91,1,0.36,N,2,2022,1,0,0
23.0,38800,RENT,2.0,EDUCATION,A,14575,10.99,1,0.38,N,2,2022,1,0,1
26.0,38400,RENT,7.0,VENTURE,C,3200,13.49,0,0.08,N,2,2022,0,0,0
24.0,72400,MORTGAGE,4.0,EDUCATION,E,23750,17.99,0,0.35,Y,2,2022,0,0,0
25.0,60000,OWN,8.0,VENTURE,B,14000,11.12,0,0.23,N,2,2022,0,0,0
23.0,82500,MORTGAGE,0.0,PERSONAL,A,5000,8.49,0,0.06,N,2,2022,0,0,0
26.0,33600,RENT,4.0,PERSONAL,D,3300,15.65,0,0.1,Y,2,2022,0,0,0
25.0,54000,RENT,0.0,HOMEIMPROVEMENT,D,12000,16.77,1,0.22,N,2,2022,1,1,0
21.0,60000,MORTGAGE,5.0,EDUCATION,A,6000,6.91,0,0.1,N,2,2022,0,0,0
24.0,54996,RENT,0.0,DEBTCONSOLIDATION,C,12500,12.87,0,0.23,N,2,2022,0,0,0
21.0,90000,RENT,3.0,EDUCATION,B,4800,9.62,0,0.05,N,2,2022,0,0,0
24.0,72000,RENT,5.0,HOMEIMPROVEMENT,B,8000,10.0,0,0.11,N,2,2022,0,0,0
22.0,34992,RENT,1.0,DEBTCONSOLIDATION,B,5000,10.99,0,0.14,N,2,2022,0,0,1
25.0,42000,RENT,2.0,VENTURE,D,10000,14.91,1,0.24,N,2,2022,1,0,0
21.0,50000,MORTGAGE,5.0,PERSONAL,C,9000,13.49,0,0.18,N,2,2022,0,0,0
22.0,44094,RENT,1.0,PERSONAL,A,3600,7.37,0,0.08,N,2,2022,0,0,0
23.0,30000,RENT,1.0,MEDICAL,A,8400,10.99,1,0.28,N,2,2022,1,0,1
24.0,46000,MORTGAGE,8.0,PERSONAL,A,2000,7.66,0,0.04,N,2,2022,0,0,0
22.0,32400,MORTGAGE,1.0,DEBTCONSOLIDATION,A,5500,10.99,0,0.17,N,2,2022,0,0,1
26.0,141500,RENT,2.0,EDUCATION,B,17000,9.88,0,0.1,N,2,2022,0,0,0
22.0,52320,MORTGAGE,6.0,EDUCATION,D,15000,12.86,0,0.29,N,2,2022,0,0,0
25.0,36000,RENT,1.0,DEBTCONSOLIDATION,D,15000,15.05,1,0.42,Y,2,2022,1,0,0
22.0,66614,MORTGAGE,6.0,MEDICAL,E,11000,17.99,1,0.14,Y,2,2022,1,0,0
21.0,61464,MORTGAGE,5.0,HOMEIMPROVEMENT,C,4000,10.99,1,0.07,Y,2,2022,1,0,1
24.0,141500,MORTGAGE,8.0,PERSONAL,B,15000,10.25,0,0.1,N,2,2022,0,0,0
25.0,43200,RENT,3.0,VENTURE,C,3000,13.8,0,0.07,N,2,2022,0,0,0
25.0,80000,RENT,0.0,MEDICAL,B,11200,10.99,0,0.14,N,2,2022,0,0,1
24.0,43300,MORTGAGE,2.0,EDUCATION,B,23750,10.62,0,0.44000000000000006,N,2,2022,0,0,0
26.0,141500,MORTGAGE,11.0,HOMEIMPROVEMENT,A,18325,7.49,0,0.11,N,2,2022,0,0,0
24.0,64000,MORTGAGE,7.0,DEBTCONSOLIDATION,F,4000,20.89,1,0.06,Y,2,2022,1,0,0
26.0,141500,MORTGAGE,10.0,PERSONAL,B,9000,11.26,0,0.04,N,2,2022,0,0,0
23.0,65000,MORTGAGE,7.0,EDUCATION,A,5500,7.88,0,0.08,N,2,2022,0,0,0
23.0,21000,OWN,2.0,VENTURE,C,6000,15.27,0,0.29,N,2,2022,0,0,0
26.0,24000,RENT,5.0,MEDICAL,A,6000,6.62,0,0.25,N,2,2022,0,0,0
22.0,66000,RENT,6.0,PERSONAL,C,16800,13.49,0,0.25,Y,2,2022,0,0,0
21.0,60000,MORTGAGE,2.0,VENTURE,B,6000,10.62,0,0.1,N,2,2022,0,0,0
22.0,41000,OWN,0.0,PERSONAL,A,1000,6.99,0,0.02,N,2,2022,0,0,0
25.0,141500,RENT,2.0,HOMEIMPROVEMENT,A,8750,7.74,0,0.06,N,2,2022,0,0,0
22.0,130000,MORTGAGE,3.0,DEBTCONSOLIDATION,C,14500,10.99,0,0.11,N,2,2022,0,0,1
22.0,41500,RENT,6.0,PERSONAL,D,2500,15.62,0,0.06,N,2,2022,0,0,0
24.0,98000,OWN,8.0,VENTURE,A,12000,7.49,0,0.12,N,2,2022,0,0,0
26.0,42000,RENT,3.0,DEBTCONSOLIDATION,A,4500,7.66,0,0.11,N,2,2022,0,0,0
21.0,45000,MORTGAGE,5.0,VENTURE,A,18000,7.88,0,0.4,N,2,2022,0,0,0
23.0,21000,OWN,7.0,EDUCATION,B,7500,12.69,0,0.36,N,2,2022,0,0,0
24.0,70000,OWN,8.0,PERSONAL,B,23750,12.18,0,0.35,N,2,2022,0,0,0
22.0,39000,RENT,4.0,EDUCATION,A,5000,6.99,0,0.13,N,2,2022,0,0,0
22.0,50004,RENT,5.0,EDUCATION,D,5300,14.42,0,0.11,N,2,2022,0,0,0
21.0,21600,MORTGAGE,6.0,MEDICAL,A,7575,10.99,0,0.35,N,2,2022,0,0,1
22.0,50500,OWN,6.0,EDUCATION,B,6000,11.83,0,0.12,N,2,2022,0,0,0
25.0,30000,RENT,4.0,EDUCATION,C,2000,14.22,0,0.07,N,2,2022,0,0,0
26.0,71004,RENT,0.0,DEBTCONSOLIDATION,D,20000,13.36,1,0.28,N,2,2022,1,0,0
25.0,32000,RENT,9.0,MEDICAL,E,15000,16.45,1,0.44000000000000006,Y,2,2022,1,0,0
26.0,141500,MORTGAGE,10.0,EDUCATION,C,20000,13.22,0,0.12,Y,2,2022,0,0,0
25.0,84000,RENT,0.0,PERSONAL,B,4500,12.18,0,0.05,N,2,2022,0,0,0
22.0,38000,MORTGAGE,6.0,DEBTCONSOLIDATION,A,8500,5.42,0,0.22,N,2,2022,0,0,0
21.0,28776,MORTGAGE,0.0,VENTURE,A,8000,8.9,0,0.28,N,2,2022,0,1,0
21.0,60000,RENT,3.0,EDUCATION,B,10000,12.18,0,0.17,N,2,2022,0,0,0
22.0,23800,RENT,2.0,PERSONAL,A,8800,9.32,1,0.37,N,2,2022,1,0,0
21.0,36000,RENT,3.0,MEDICAL,C,18500,10.91,1,0.44000000000000006,N,2,2022,1,0,0
22.0,43600,MORTGAGE,4.0,DEBTCONSOLIDATION,D,10000,14.96,1,0.23,N,2,2022,1,0,0
25.0,48000,MORTGAGE,9.0,EDUCATION,C,7000,12.09,0,0.15,Y,2,2022,0,0,0
24.0,40000,RENT,6.0,EDUCATION,A,5000,6.17,0,0.13,N,2,2022,0,0,0
25.0,23198,RENT,2.0,VENTURE,A,6000,8.0,0,0.26,N,2,2022,0,0,0
20.0,141500,MORTGAGE,4.0,PERSONAL,A,2000,8.59,0,0.01,N,2,2022,0,0,0
25.0,39000,MORTGAGE,9.0,DEBTCONSOLIDATION,C,3000,13.99,0,0.08,N,2,2022,0,0,0
26.0,125000,MORTGAGE,10.0,PERSONAL,A,10200,7.49,0,0.08,N,2,2022,0,0,0
24.0,54000,MORTGAGE,5.0,PERSONAL,A,11000,5.42,0,0.2,N,2,2022,0,0,0
23.0,55000,RENT,0.0,DEBTCONSOLIDATION,C,10200,12.73,0,0.19,N,2,2022,0,0,0
24.0,141000,OWN,8.0,EDUCATION,A,10000,7.49,0,0.07,N,2,2022,0,0,0
25.0,67000,RENT,3.0,MEDICAL,A,7000,8.94,0,0.1,N,2,2022,0,0,0
21.0,57000,OWN,5.0,VENTURE,B,8000,10.65,0,0.14,N,2,2022,0,0,0
23.0,140000,OWN,6.0,EDUCATION,C,16400,15.96,0,0.12,N,2,2022,0,0,0
25.0,48000,RENT,3.0,MEDICAL,C,9000,13.79,0,0.19,Y,2,2022,0,0,0
25.0,70000,RENT,2.0,HOMEIMPROVEMENT,C,7000,13.79,0,0.1,Y,2,2022,0,0,0
26.0,81000,RENT,10.0,VENTURE,E,21000,16.95,1,0.26,N,2,2022,1,0,0
24.0,62400,RENT,8.0,VENTURE,B,20000,11.12,1,0.32,N,2,2022,1,0,0
23.0,45000,RENT,0.0,EDUCATION,C,1775,12.72,0,0.04,N,2,2022,0,0,0
22.0,23587,RENT,4.0,HOMEIMPROVEMENT,B,2000,11.89,1,0.08,N,2,2022,1,0,0
25.0,45000,RENT,2.0,PERSONAL,C,11100,13.11,0,0.25,N,2,2022,0,0,0
21.0,19968,RENT,4.0,EDUCATION,C,5000,10.99,1,0.25,N,2,2022,1,0,1
24.0,42000,MORTGAGE,8.0,VENTURE,B,22250,11.11,0,0.44000000000000006,N,2,2022,0,0,0
24.0,105804,MORTGAGE,8.0,EDUCATION,A,15000,7.49,0,0.14,N,2,2022,0,0,0
26.0,58000,MORTGAGE,2.0,MEDICAL,A,3000,6.92,0,0.05,N,2,2022,0,0,0
24.0,72000,RENT,4.0,EDUCATION,B,15000,10.99,0,0.21,N,2,2022,0,0,0
23.0,52360,MORTGAGE,0.0,PERSONAL,D,15000,16.49,0,0.29,Y,2,2022,0,1,0
23.0,60000,MORTGAGE,6.0,PERSONAL,A,7000,6.54,0,0.12,N,2,2022,0,0,0
25.0,50000,MORTGAGE,4.0,DEBTCONSOLIDATION,A,6000,6.76,0,0.12,N,2,2022,0,0,0
25.0,49000,RENT,2.0,EDUCATION,A,7750,9.63,0,0.16,N,2,2022,0,0,0
26.0,64000,MORTGAGE,9.0,DEBTCONSOLIDATION,D,8000,12.17,1,0.13,N,2,2022,1,0,0
23.0,40000,RENT,3.0,EDUCATION,B,8000,11.49,0,0.2,N,2,2022,0,0,0
25.0,141500,MORTGAGE,9.0,HOMEIMPROVEMENT,B,23750,10.37,0,0.17,N,2,2022,0,0,0
23.0,32535,RENT,6.0,DEBTCONSOLIDATION,B,4000,10.99,0,0.12,N,2,2022,0,0,1
26.0,122000,MORTGAGE,4.0,DEBTCONSOLIDATION,C,4800,10.99,0,0.04,Y,2,2022,0,0,1
22.0,62900,MORTGAGE,1.0,MEDICAL,E,23750,14.38,1,0.34,N,2,2022,1,0,0
23.0,85272,RENT,7.0,EDUCATION,B,5000,11.11,0,0.06,N,2,2022,0,0,0
23.0,13000,RENT,3.0,HOMEIMPROVEMENT,D,2800,15.21,1,0.22,N,2,2022,1,0,0
22.0,39900,RENT,4.0,EDUCATION,B,19000,12.18,1,0.44000000000000006,N,2,2022,1,0,0
22.0,48500,RENT,1.0,VENTURE,B,20000,11.36,1,0.41,N,2,2022,1,0,0
24.0,27600,OWN,8.0,PERSONAL,A,7000,7.9,0,0.25,N,2,2022,0,0,0
25.0,47000,OWN,9.0,VENTURE,A,4000,6.62,0,0.09,N,2,2022,0,0,0
21.0,26000,RENT,5.0,DEBTCONSOLIDATION,A,6000,7.49,0,0.23,N,2,2022,0,0,0
22.0,32000,RENT,1.0,EDUCATION,D,5400,16.29,1,0.17,Y,2,2022,1,0,0
21.0,40000,MORTGAGE,5.0,PERSONAL,A,5000,6.62,0,0.13,N,2,2022,0,0,0
26.0,37500,RENT,3.0,VENTURE,D,10000,14.91,0,0.27,Y,2,2022,0,0,0
25.0,32500,MORTGAGE,3.0,EDUCATION,A,12500,7.9,0,0.38,N,2,2022,0,0,0
24.0,65000,MORTGAGE,8.0,EDUCATION,A,3300,7.51,0,0.05,N,2,2022,0,0,0
25.0,141500,MORTGAGE,9.0,VENTURE,A,8200,5.79,0,0.05,N,2,2022,0,0,0
21.0,60000,RENT,2.0,VENTURE,A,5000,8.49,0,0.08,N,2,2022,0,0,0
23.0,35000,MORTGAGE,7.0,VENTURE,A,2100,5.42,0,0.06,N,2,2022,0,0,0
24.0,16000,RENT,2.0,EDUCATION,D,4200,10.99,1,0.26,N,2,2022,1,0,1
24.0,24000,RENT,5.0,MEDICAL,C,5500,14.27,0,0.23,N,2,2022,0,0,0
26.0,85000,MORTGAGE,3.0,EDUCATION,D,10000,14.09,0,0.12,N,2,2022,0,0,0
21.0,36000,MORTGAGE,5.0,MEDICAL,B,1000,12.42,0,0.03,N,2,2022,0,0,0
21.0,18000,RENT,2.0,HOMEIMPROVEMENT,C,5800,14.72,1,0.32,Y,2,2022,1,0,0
25.0,85000,MORTGAGE,7.0,DEBTCONSOLIDATION,C,12000,14.65,0,0.14,N,2,2022,0,0,0
25.0,42000,RENT,3.0,EDUCATION,C,10000,13.8,1,0.24,N,2,2022,1,0,0
22.0,141500,MORTGAGE,5.0,VENTURE,D,23750,15.62,0,0.15,Y,2,2022,0,0,0
26.0,40000,RENT,0.0,MEDICAL,C,1800,13.23,0,0.04,Y,2,2022,0,0,0
24.0,70000,OWN,0.0,EDUCATION,A,6000,5.42,0,0.09,N,2,2022,0,1,0
22.0,83000,OWN,6.0,EDUCATION,D,23750,15.95,0,0.3,N,2,2022,0,0,0
23.0,42000,RENT,7.0,DEBTCONSOLIDATION,B,15000,11.83,1,0.36,N,2,2022,1,0,0
26.0,60000,RENT,0.0,VENTURE,A,23750,7.9,1,0.4,N,2,2022,1,0,0
23.0,95000,MORTGAGE,7.0,EDUCATION,A,23750,7.9,0,0.37,N,2,2022,0,0,0
23.0,70000,RENT,3.0,EDUCATION,A,12000,7.9,0,0.17,N,2,2022,0,0,0
25.0,123144,RENT,2.0,VENTURE,B,12000,10.75,0,0.1,N,2,2022,0,0,0
21.0,52000,RENT,5.0,PERSONAL,B,1500,11.99,0,0.03,N,2,2022,0,0,0
23.0,70000,RENT,8.0,VENTURE,A,6725,6.62,0,0.1,N,2,2022,0,0,0
24.0,70000,MORTGAGE,2.0,PERSONAL,C,6000,15.23,0,0.09,Y,2,2022,0,0,0
26.0,120000,MORTGAGE,0.0,DEBTCONSOLIDATION,A,6000,10.99,0,0.05,N,2,2022,0,0,1
23.0,66661,MORTGAGE,7.0,PERSONAL,B,1500,11.49,0,0.02,N,2,2022,0,0,0
23.0,141500,MORTGAGE,0.0,EDUCATION,A,5000,7.43,0,0.03,N,2,2022,0,0,0
26.0,32000,RENT,3.0,DEBTCONSOLIDATION,A,5000,6.03,0,0.16,N,2,2022,0,0,0
25.0,36000,OWN,10.0,MEDICAL,B,11200,9.76,0,0.31,N,2,2022,0,0,0
25.0,32000,RENT,2.0,MEDICAL,D,8575,15.62,1,0.27,N,2,2022,1,0,0
24.0,84000,RENT,1.0,MEDICAL,A,12000,6.91,0,0.14,N,2,2022,0,0,0
23.0,63402,RENT,3.0,VENTURE,C,6000,13.22,0,0.09,Y,2,2022,0,0,0
25.0,100000,RENT,3.0,EDUCATION,B,12000,9.91,0,0.12,N,2,2022,0,0,0
23.0,120000,MORTGAGE,0.0,PERSONAL,A,10000,10.99,0,0.08,N,2,2022,0,1,1
26.0,36996,RENT,8.0,MEDICAL,C,9600,11.97,0,0.26,Y,2,2022,0,0,0
24.0,130000,OWN,8.0,VENTURE,B,22800,10.99,0,0.18,N,2,2022,0,0,1
23.0,115000,MORTGAGE,7.0,EDUCATION,C,10000,14.27,0,0.09,Y,2,2022,0,0,0
22.0,41000,MORTGAGE,6.0,HOMEIMPROVEMENT,A,7000,7.9,1,0.17,N,2,2022,1,0,0
26.0,75000,MORTGAGE,9.0,MEDICAL,C,4000,12.99,0,0.05,Y,2,2022,0,0,0
24.0,50000,RENT,0.0,VENTURE,B,7200,11.71,0,0.14,N,2,2022,0,0,0
25.0,61000,OWN,2.0,PERSONAL,C,15000,14.65,0,0.25,N,2,2022,0,0,0
26.0,74000,MORTGAGE,10.0,EDUCATION,B,4475,9.99,0,0.06,N,2,2022,0,0,0
24.0,54400,RENT,4.0,MEDICAL,B,2500,11.14,1,0.04,N,2,2022,1,0,0
25.0,19200,RENT,3.0,MEDICAL,B,5000,10.99,1,0.26,N,2,2022,1,0,0
23.0,26400,RENT,7.0,EDUCATION,A,3800,7.9,0,0.14,N,2,2022,0,0,0
23.0,51000,MORTGAGE,6.0,DEBTCONSOLIDATION,D,17500,14.09,1,0.34,Y,2,2022,1,0,0
26.0,59000,RENT,2.0,PERSONAL,E,18000,16.0,1,0.31,Y,2,2022,1,0,0
24.0,141500,RENT,8.0,VENTURE,B,12000,12.69,0,0.06,N,2,2022,0,0,0
21.0,141500,MORTGAGE,0.0,EDUCATION,A,20000,6.54,0,0.1,N,2,2022,0,0,0
23.0,140000,RENT,7.0,VENTURE,A,9000,7.14,0,0.06,N,2,2022,0,0,0
21.0,30000,RENT,0.0,MEDICAL,B,1000,10.99,0,0.03,N,2,2022,0,0,0
23.0,48500,RENT,5.0,MEDICAL,A,3850,8.49,0,0.08,N,2,2022,0,0,0
26.0,80000,MORTGAGE,10.0,HOMEIMPROVEMENT,D,15000,16.07,0,0.19,Y,2,2022,0,0,0
23.0,90000,RENT,4.0,DEBTCONSOLIDATION,C,13000,12.73,0,0.14,N,2,2022,0,0,0
22.0,48000,MORTGAGE,7.0,EDUCATION,B,6500,10.62,0,0.14,N,2,2022,0,0,0
22.0,18000,RENT,0.0,PERSONAL,B,3600,10.99,1,0.2,N,2,2022,1,0,1
21.0,14400,RENT,2.0,PERSONAL,D,1825,15.62,1,0.13,Y,2,2022,1,0,0
21.0,24000,RENT,0.0,MEDICAL,C,10000,13.48,1,0.42,N,2,2022,1,1,0
23.0,116000,RENT,7.0,EDUCATION,A,11000,8.94,0,0.09,N,2,2022,0,0,0
23.0,80000,MORTGAGE,7.0,MEDICAL,A,10000,7.74,0,0.13,N,2,2022,0,0,0
26.0,22406,RENT,5.0,HOMEIMPROVEMENT,A,2500,6.76,1,0.11,N,2,2022,1,0,0
23.0,57700,MORTGAGE,7.0,PERSONAL,B,3500,10.65,0,0.06,N,2,2022,0,0,0
23.0,30000,MORTGAGE,4.0,MEDICAL,D,4000,16.32,1,0.13,N,2,2022,1,0,0
22.0,50000,RENT,1.0,VENTURE,A,7500,8.32,0,0.15,N,2,2022,0,0,0
23.0,19250,RENT,1.0,HOMEIMPROVEMENT,E,6250,16.82,1,0.32,N,2,2022,1,0,0
25.0,68000,RENT,1.0,EDUCATION,C,10000,14.26,0,0.15,Y,2,2022,0,0,0
25.0,39000,RENT,6.0,EDUCATION,D,16000,15.65,1,0.41,N,2,2022,1,0,0
24.0,70000,RENT,2.0,EDUCATION,B,13000,10.0,0,0.19,N,2,2022,0,0,0
26.0,53826,MORTGAGE,10.0,HOMEIMPROVEMENT,C,8500,14.79,1,0.16,N,2,2022,1,0,0
25.0,31000,RENT,2.0,DEBTCONSOLIDATION,A,1800,8.32,0,0.06,N,2,2022,0,0,0
24.0,100000,RENT,6.0,VENTURE,A,11000,5.42,0,0.11,N,2,2022,0,0,0
23.0,70000,MORTGAGE,5.0,PERSONAL,B,20000,12.21,0,0.29,N,2,2022,0,0,0
25.0,109000,MORTGAGE,5.0,PERSONAL,B,15000,10.25,0,0.14,N,2,2022,0,0,0
22.0,36000,RENT,6.0,EDUCATION,B,4000,10.99,0,0.11,N,2,2022,0,0,1
22.0,54000,RENT,2.0,MEDICAL,D,7000,14.96,1,0.13,Y,2,2022,1,0,0
23.0,73426,MORTGAGE,0.0,DEBTCONSOLIDATION,C,7500,10.99,0,0.1,Y,2,2022,0,0,1
22.0,60000,MORTGAGE,6.0,MEDICAL,A,6125,6.17,0,0.1,N,2,2022,0,0,0
24.0,75000,RENT,4.0,VENTURE,A,10000,6.62,0,0.13,N,2,2022,0,0,0
22.0,37000,RENT,0.0,DEBTCONSOLIDATION,B,10000,10.99,0,0.27,N,2,2022,0,1,1
25.0,102000,MORTGAGE,4.0,MEDICAL,B,23750,10.99,1,0.21,N,2,2022,1,0,0
24.0,30000,RENT,8.0,MEDICAL,B,8000,9.25,0,0.27,N,2,2022,0,0,0
26.0,108000,RENT,2.0,PERSONAL,D,23750,15.05,1,0.23,N,2,2022,1,0,0
26.0,52000,MORTGAGE,6.0,PERSONAL,B,3300,10.99,0,0.06,N,2,2022,0,0,0
23.0,43949,RENT,7.0,MEDICAL,B,3000,11.49,0,0.07,N,2,2022,0,0,0
26.0,40000,RENT,2.0,MEDICAL,A,12000,7.51,0,0.3,N,2,2022,0,0,0
26.0,50000,MORTGAGE,0.0,EDUCATION,A,10000,7.74,0,0.2,N,2,2022,0,0,0
22.0,48000,MORTGAGE,6.0,MEDICAL,A,5000,7.88,0,0.1,N,2,2022,0,0,0
22.0,34500,RENT,2.0,DEBTCONSOLIDATION,D,5000,16.89,1,0.14,Y,2,2022,1,0,0
24.0,120000,MORTGAGE,0.0,PERSONAL,A,16000,9.63,0,0.13,N,2,2022,0,0,0
24.0,80400,MORTGAGE,5.0,PERSONAL,A,12000,5.79,0,0.15,N,2,2022,0,0,0
23.0,126000,RENT,0.0,MEDICAL,C,8000,13.23,0,0.06,N,2,2022,0,0,0
25.0,40000,RENT,9.0,EDUCATION,D,5600,14.61,0,0.14,N,2,2022,0,0,0
25.0,55000,RENT,0.0,DEBTCONSOLIDATION,B,6000,10.65,0,0.11,N,2,2022,0,0,0
26.0,60000,RENT,0.0,VENTURE,A,5000,7.14,0,0.08,N,2,2022,0,0,0
25.0,30000,RENT,9.0,VENTURE,D,9000,17.58,0,0.3,N,2,2022,0,0,0
22.0,52000,RENT,1.0,MEDICAL,A,5000,6.99,0,0.1,N,2,2022,0,0,0
24.0,46500,RENT,2.0,VENTURE,C,8000,15.23,1,0.17,N,2,2022,1,0,0
25.0,60000,RENT,3.0,PERSONAL,A,17000,6.91,0,0.28,N,2,2022,0,0,0
21.0,141500,MORTGAGE,5.0,EDUCATION,C,16000,14.65,0,0.08,N,2,2022,0,0,0
23.0,47000,MORTGAGE,7.0,EDUCATION,C,13850,12.68,0,0.29,Y,2,2022,0,0,0
24.0,72000,RENT,8.0,MEDICAL,A,14000,7.9,0,0.19,N,2,2022,0,0,0
25.0,61200,MORTGAGE,1.0,PERSONAL,A,5650,7.66,0,0.09,N,2,2022,0,0,0
23.0,22800,RENT,5.0,DEBTCONSOLIDATION,A,1775,6.99,0,0.08,N,2,2022,0,0,0
21.0,40800,RENT,3.0,MEDICAL,D,12000,15.21,1,0.29,N,2,2022,1,0,0
25.0,24996,RENT,3.0,DEBTCONSOLIDATION,C,7500,12.98,0,0.3,N,2,2022,0,0,0
22.0,54000,RENT,5.0,HOMEIMPROVEMENT,D,3200,16.49,1,0.06,N,2,2022,1,0,0
21.0,28800,RENT,5.0,DEBTCONSOLIDATION,B,8000,9.88,0,0.28,N,2,2022,0,0,0
24.0,50400,RENT,8.0,DEBTCONSOLIDATION,A,1500,10.99,0,0.03,N,2,2022,0,0,1
23.0,74000,RENT,3.0,MEDICAL,B,23750,10.36,1,0.34,N,2,2022,1,0,0
25.0,59000,OWN,6.0,MEDICAL,A,5000,6.17,0,0.08,N,2,2022,0,0,0
26.0,53000,OWN,2.0,VENTURE,B,2500,9.91,0,0.05,N,2,2022,0,0,0
23.0,80796,MORTGAGE,7.0,DEBTCONSOLIDATION,A,5000,10.99,0,0.06,N,2,2022,0,0,1
22.0,46000,RENT,3.0,DEBTCONSOLIDATION,B,11000,10.59,0,0.24,N,2,2022,0,0,0
25.0,46000,RENT,9.0,PERSONAL,A,7000,8.49,0,0.15,N,2,2022,0,0,0
26.0,120000,MORTGAGE,5.0,VENTURE,B,13000,10.99,0,0.11,N,2,2022,0,0,0
25.0,66420,MORTGAGE,1.0,EDUCATION,B,4000,12.18,0,0.06,N,2,2022,0,0,0
24.0,35000,RENT,1.0,MEDICAL,B,10000,10.99,0,0.29,N,2,2022,0,0,1
25.0,70000,RENT,8.0,VENTURE,D,15000,14.42,0,0.21,Y,2,2022,0,0,0
23.0,55000,MORTGAGE,4.0,VENTURE,A,8000,7.49,0,0.15,N,2,2022,0,0,0
24.0,24996,RENT,0.0,EDUCATION,B,4000,9.45,0,0.16,N,2,2022,0,0,0
23.0,54000,RENT,1.0,VENTURE,B,20000,11.83,1,0.37,N,2,2022,1,0,0
25.0,72000,MORTGAGE,7.0,MEDICAL,B,23750,11.89,0,0.35,N,2,2022,0,0,0
23.0,12000,RENT,0.0,EDUCATION,A,2100,8.94,1,0.17,N,2,2022,1,0,0
24.0,115154,RENT,8.0,DEBTCONSOLIDATION,C,3000,14.27,0,0.03,Y,2,2022,0,0,0
23.0,60000,RENT,7.0,DEBTCONSOLIDATION,B,23750,10.25,1,0.42,N,2,2022,1,0,0
22.0,48000,RENT,3.0,MEDICAL,A,13000,7.88,1,0.27,N,2,2022,1,0,0
22.0,39996,RENT,3.0,VENTURE,A,11000,5.79,0,0.28,N,2,2022,0,0,0
24.0,16800,MORTGAGE,0.0,EDUCATION,A,3900,10.99,1,0.23,N,2,2022,1,1,1
22.0,54000,MORTGAGE,5.0,MEDICAL,B,7000,10.65,0,0.13,N,2,2022,0,0,0
26.0,60000,MORTGAGE,8.0,HOMEIMPROVEMENT,B,12000,10.65,0,0.2,N,2,2022,0,0,0
24.0,50004,OWN,2.0,VENTURE,B,10000,11.12,0,0.2,N,2,2022,0,0,0
24.0,141500,MORTGAGE,0.0,PERSONAL,B,7000,10.99,0,0.05,N,2,2022,0,0,0
21.0,8088,RENT,0.0,MEDICAL,C,1200,15.23,0,0.15,Y,2,2022,0,1,0
23.0,35000,MORTGAGE,7.0,MEDICAL,C,5000,12.98,1,0.14,N,2,2022,1,0,0
26.0,55000,MORTGAGE,4.0,PERSONAL,A,10000,7.51,1,0.18,N,2,2022,1,0,0
25.0,109000,MORTGAGE,9.0,DEBTCONSOLIDATION,A,14000,9.63,0,0.13,N,2,2022,0,0,0
26.0,51600,RENT,10.0,EDUCATION,B,14000,10.37,1,0.27,N,2,2022,1,0,0
23.0,70550,RENT,0.0,MEDICAL,E,14000,17.51,1,0.17,Y,2,2022,1,0,0
25.0,42000,RENT,4.0,VENTURE,A,1925,6.17,0,0.05,N,2,2022,0,0,0
22.0,34560,RENT,2.0,HOMEIMPROVEMENT,E,1200,19.29,1,0.03,N,2,2022,1,0,0
25.0,120000,MORTGAGE,6.0,EDUCATION,B,10000,10.99,0,0.08,N,2,2022,0,0,1
23.0,70000,RENT,1.0,VENTURE,A,3500,5.42,0,0.05,N,2,2022,0,0,0
21.0,12000,RENT,3.0,VENTURE,B,1600,10.59,0,0.13,N,2,2022,0,0,0
25.0,89000,MORTGAGE,9.0,MEDICAL,A,14000,7.49,0,0.16,N,2,2022,0,0,0
24.0,141500,RENT,8.0,PERSONAL,B,5000,10.99,0,0.03,N,2,2022,0,0,1
23.0,46000,RENT,2.0,PERSONAL,F,12800,19.41,1,0.28,Y,2,2022,1,0,0
22.0,91234,MORTGAGE,6.0,MEDICAL,B,12000,11.83,0,0.13,N,2,2022,0,0,0
24.0,93000,RENT,2.0,HOMEIMPROVEMENT,B,2100,9.91,1,0.02,N,2,2022,1,0,0
23.0,75000,RENT,3.0,PERSONAL,B,10000,11.86,0,0.13,N,2,2022,0,0,0
25.0,56000,RENT,1.0,PERSONAL,B,6000,10.74,0,0.11,N,2,2022,0,0,0
23.0,58000,MORTGAGE,7.0,MEDICAL,C,7200,11.97,1,0.12,N,2,2022,1,0,0
24.0,40000,MORTGAGE,8.0,MEDICAL,A,4000,7.14,0,0.1,N,2,2022,0,0,0
26.0,126000,MORTGAGE,4.0,DEBTCONSOLIDATION,C,7500,13.92,0,0.06,N,2,2022,0,0,0
25.0,77700,RENT,2.0,EDUCATION,B,14000,10.99,0,0.18,N,2,2022,0,0,0
22.0,141500,MORTGAGE,3.0,EDUCATION,A,1000,10.99,0,0.01,N,2,2022,0,0,1
23.0,120000,RENT,7.0,DEBTCONSOLIDATION,B,23750,9.99,0,0.21,N,2,2022,0,0,0
23.0,105000,RENT,7.0,MEDICAL,B,7200,11.71,0,0.07,N,2,2022,0,0,0
22.0,30000,OWN,5.0,VENTURE,B,3000,10.36,0,0.1,N,2,2022,0,0,0
25.0,47052,RENT,5.0,EDUCATION,B,21250,10.99,1,0.44000000000000006,N,2,2022,1,0,0
25.0,105000,MORTGAGE,9.0,HOMEIMPROVEMENT,C,4800,15.23,0,0.05,Y,2,2022,0,0,0
24.0,40000,RENT,0.0,PERSONAL,D,3000,17.27,1,0.07,Y,2,2022,1,1,0
25.0,38000,RENT,1.0,EDUCATION,A,10000,7.49,0,0.26,N,2,2022,0,0,0
23.0,62000,RENT,0.0,EDUCATION,C,10000,14.27,0,0.16,Y,2,2022,0,0,0
22.0,18996,RENT,3.0,PERSONAL,D,3200,15.28,1,0.17,N,2,2022,1,0,0
26.0,32450,MORTGAGE,5.0,HOMEIMPROVEMENT,A,3250,6.99,0,0.1,N,2,2022,0,0,0
22.0,48000,RENT,7.0,VENTURE,E,7500,17.04,0,0.16,Y,2,2022,0,0,0
22.0,12000,RENT,0.0,EDUCATION,C,1000,13.57,1,0.08,N,2,2022,1,0,0
22.0,31200,RENT,6.0,EDUCATION,B,12000,10.39,1,0.38,N,2,2022,1,0,0
23.0,20400,RENT,5.0,EDUCATION,D,5500,10.99,0,0.27,N,2,2022,0,0,1
23.0,39000,RENT,1.0,PERSONAL,B,12000,10.99,1,0.31,N,2,2022,1,0,0
24.0,62467,RENT,0.0,PERSONAL,A,10625,8.49,0,0.17,N,2,2022,0,0,0
23.0,141500,MORTGAGE,2.0,VENTURE,B,5000,9.33,0,0.03,N,2,2022,0,0,0
23.0,141500,RENT,7.0,PERSONAL,B,12000,11.11,0,0.07,N,2,2022,0,0,0
23.0,78000,RENT,7.0,MEDICAL,A,8100,7.29,0,0.1,N,2,2022,0,0,0
22.0,54800,OWN,7.0,EDUCATION,A,8000,10.99,0,0.15,N,2,2022,0,0,1
22.0,31200,RENT,5.0,DEBTCONSOLIDATION,C,10000,12.73,1,0.32,Y,2,2022,1,0,0
22.0,35000,RENT,1.0,EDUCATION,C,5700,12.99,0,0.16,Y,2,2022,0,0,0
21.0,12000,MORTGAGE,5.0,DEBTCONSOLIDATION,E,3250,15.68,1,0.27,Y,2,2022,1,0,0
22.0,36000,OWN,4.0,PERSONAL,A,3250,7.75,0,0.09,N,2,2022,0,0,0
25.0,33280,RENT,1.0,PERSONAL,B,5500,10.99,0,0.17,N,2,2022,0,0,1
22.0,72000,MORTGAGE,6.0,MEDICAL,A,5000,6.54,0,0.07,N,2,2022,0,0,0
23.0,74800,MORTGAGE,7.0,MEDICAL,D,15000,16.0,1,0.17,N,2,2022,1,0,0
22.0,75500,MORTGAGE,6.0,PERSONAL,A,12000,10.99,0,0.16,N,2,2022,0,0,1
24.0,54100,RENT,5.0,VENTURE,A,4500,7.14,0,0.08,N,2,2022,0,0,0
24.0,24000,RENT,1.0,MEDICAL,A,8500,7.9,1,0.35,N,2,2022,1,0,0
21.0,55000,RENT,5.0,MEDICAL,B,12000,10.62,0,0.22,N,2,2022,0,0,0
22.0,51480,MORTGAGE,4.0,PERSONAL,B,3000,11.83,0,0.06,N,2,2022,0,0,0
23.0,26976,RENT,4.0,EDUCATION,A,9000,7.51,1,0.33,N,2,2022,1,0,0
26.0,141500,MORTGAGE,6.0,HOMEIMPROVEMENT,D,23000,18.25,0,0.15,N,2,2022,0,0,0
26.0,42000,RENT,6.0,VENTURE,A,5000,7.29,0,0.12,N,2,2022,0,0,0
25.0,45996,RENT,2.0,VENTURE,G,5000,10.99,1,0.11,Y,2,2022,1,0,1
23.0,19200,RENT,0.0,PERSONAL,B,3000,9.99,1,0.16,N,2,2022,1,0,0
26.0,59000,RENT,7.0,MEDICAL,D,6000,16.49,1,0.1,N,2,2022,1,0,0
23.0,138000,RENT,1.0,EDUCATION,D,5000,14.91,1,0.04,N,2,2022,1,0,0
22.0,69700,RENT,4.0,EDUCATION,B,11200,10.99,0,0.16,N,2,2022,0,0,1
26.0,50004,MORTGAGE,10.0,PERSONAL,A,5000,9.32,0,0.1,N,2,2022,0,0,0
26.0,110000,RENT,3.0,HOMEIMPROVEMENT,C,23750,10.99,0,0.23,Y,2,2022,0,0,1
21.0,35000,OWN,5.0,VENTURE,A,4000,7.29,0,0.11,N,2,2022,0,0,0
26.0,135000,MORTGAGE,6.0,EDUCATION,D,15000,15.33,0,0.11,Y,2,2022,0,0,0
22.0,32500,MORTGAGE,6.0,EDUCATION,A,2500,6.99,0,0.08,N,2,2022,0,0,0
23.0,24091,MORTGAGE,5.0,MEDICAL,C,3500,12.99,0,0.15,Y,2,2022,0,0,0
23.0,33000,RENT,7.0,MEDICAL,D,5500,14.54,1,0.17,N,2,2022,1,0,0
25.0,63000,MORTGAGE,9.0,HOMEIMPROVEMENT,A,20000,8.49,0,0.32,N,2,2022,0,0,0
21.0,45000,RENT,3.0,PERSONAL,B,10000,10.25,0,0.22,N,2,2022,0,0,0
26.0,51000,RENT,10.0,PERSONAL,B,5000,12.42,1,0.1,N,2,2022,1,0,0
22.0,34404,RENT,2.0,DEBTCONSOLIDATION,D,7500,15.05,1,0.22,Y,2,2022,1,0,0
26.0,42000,RENT,2.0,MEDICAL,C,5000,11.91,0,0.12,Y,2,2022,0,0,0
23.0,60000,RENT,5.0,MEDICAL,A,10000,7.14,0,0.17,N,2,2022,0,0,0
24.0,39000,RENT,4.0,HOMEIMPROVEMENT,C,8000,10.99,1,0.21,N,2,2022,1,0,1
22.0,46000,MORTGAGE,6.0,PERSONAL,B,4000,10.37,0,0.09,N,2,2022,0,0,0
26.0,141500,MORTGAGE,0.0,PERSONAL,D,20000,10.99,0,0.14,Y,2,2022,0,0,1
22.0,61500,RENT,3.0,EDUCATION,C,10000,14.22,0,0.16,N,2,2022,0,0,0
26.0,35000,RENT,2.0,DEBTCONSOLIDATION,A,2500,8.9,0,0.07,N,2,2022,0,0,0
22.0,15996,RENT,3.0,DEBTCONSOLIDATION,C,4000,13.35,1,0.25,Y,2,2022,1,0,0
22.0,48000,RENT,7.0,EDUCATION,A,5000,6.99,0,0.1,N,2,2022,0,0,0
24.0,75000,RENT,4.0,VENTURE,B,20000,8.88,0,0.27,N,2,2022,0,0,0
26.0,50000,RENT,0.0,PERSONAL,B,4800,10.99,0,0.1,N,2,2022,0,0,1
24.0,40000,RENT,2.0,EDUCATION,C,7000,11.34,0,0.17,N,2,2022,0,0,0
23.0,29856,RENT,0.0,PERSONAL,A,10300,8.94,1,0.34,N,2,2022,1,0,0
21.0,37000,OWN,3.0,MEDICAL,C,7200,13.61,0,0.19,N,2,2022,0,0,0
25.0,32000,RENT,1.0,MEDICAL,D,6000,12.92,1,0.19,N,2,2022,1,0,0
26.0,95400,MORTGAGE,8.0,PERSONAL,C,5000,12.68,0,0.05,N,2,2022,0,0,0
21.0,28692,MORTGAGE,5.0,EDUCATION,B,3000,10.75,0,0.1,N,2,2022,0,0,0
24.0,73399,RENT,0.0,EDUCATION,D,23750,10.99,1,0.37,N,2,2022,1,0,1
24.0,40000,MORTGAGE,3.0,MEDICAL,B,10500,11.36,0,0.26,N,2,2022,0,0,0
26.0,37680,RENT,5.0,MEDICAL,D,2000,14.96,1,0.05,Y,2,2022,1,0,0
23.0,78000,RENT,5.0,VENTURE,B,17000,10.99,0,0.22,N,2,2022,0,0,0
23.0,69000,RENT,7.0,DEBTCONSOLIDATION,B,4800,10.75,0,0.07,N,2,2022,0,0,0
24.0,91000,MORTGAGE,5.0,DEBTCONSOLIDATION,A,15000,7.88,0,0.16,N,2,2022,0,0,0
24.0,70000,RENT,3.0,PERSONAL,B,23750,11.86,1,0.36,N,2,2022,1,0,0
23.0,42000,MORTGAGE,1.0,PERSONAL,C,5750,13.57,0,0.14,N,2,2022,0,0,0
25.0,75000,MORTGAGE,7.0,PERSONAL,B,15000,9.99,0,0.2,N,2,2022,0,0,0
24.0,70000,MORTGAGE,2.0,MEDICAL,B,8950,11.89,0,0.13,N,2,2022,0,0,0
23.0,84000,MORTGAGE,7.0,EDUCATION,B,23000,11.99,0,0.27,N,2,2022,0,0,0
26.0,75531,RENT,3.0,PERSONAL,D,15000,16.49,0,0.2,N,2,2022,0,0,0
25.0,30000,RENT,2.0,VENTURE,E,5200,17.19,1,0.17,Y,2,2022,1,0,0
23.0,39600,MORTGAGE,7.0,MEDICAL,A,6000,7.88,0,0.15,N,2,2022,0,0,0
22.0,38000,RENT,2.0,EDUCATION,A,18500,7.66,1,0.44000000000000006,N,2,2022,1,0,0
26.0,64000,RENT,0.0,DEBTCONSOLIDATION,B,1000,10.75,0,0.02,N,2,2022,0,1,0
24.0,22680,RENT,9.0,VENTURE,B,7000,10.62,1,0.31,N,2,2022,1,0,0
24.0,94000,RENT,6.0,HOMEIMPROVEMENT,C,9600,12.99,0,0.1,N,2,2022,0,0,0
25.0,48996,MORTGAGE,8.0,MEDICAL,B,5000,9.88,1,0.1,N,2,2022,1,0,0
21.0,31680,RENT,5.0,VENTURE,C,15000,12.61,1,0.44000000000000006,Y,2,2022,1,0,0
24.0,51000,RENT,6.0,MEDICAL,B,15000,11.12,0,0.29,N,2,2022,0,0,0
22.0,12996,OWN,1.0,VENTURE,B,4750,10.99,1,0.37,N,2,2022,1,0,1
26.0,127992,MORTGAGE,10.0,PERSONAL,C,23750,13.99,0,0.2,N,2,2022,0,0,0
24.0,39996,RENT,0.0,EDUCATION,D,5000,14.11,1,0.13,N,2,2022,1,0,0
23.0,51000,OWN,7.0,VENTURE,A,6000,5.42,0,0.12,N,2,2022,0,0,0
26.0,65000,MORTGAGE,10.0,DEBTCONSOLIDATION,A,5000,7.51,0,0.08,N,2,2022,0,0,0
22.0,40800,RENT,5.0,MEDICAL,A,2000,6.62,0,0.05,N,2,2022,0,0,0
24.0,72000,MORTGAGE,2.0,HOMEIMPROVEMENT,A,6000,7.49,0,0.08,N,2,2022,0,0,0
26.0,45000,RENT,1.0,MEDICAL,B,4000,12.21,0,0.09,N,2,2022,0,0,0
22.0,141500,MORTGAGE,1.0,PERSONAL,B,23450,11.36,0,0.14,N,2,2022,0,0,0
24.0,73000,RENT,2.0,PERSONAL,A,6500,10.99,0,0.09,N,2,2022,0,0,1
21.0,41000,RENT,5.0,VENTURE,A,7000,5.79,0,0.17,N,2,2022,0,0,0
26.0,85000,MORTGAGE,0.0,DEBTCONSOLIDATION,B,6000,9.88,0,0.07,N,2,2022,0,1,0
25.0,141500,OWN,0.0,VENTURE,B,23750,12.18,0,0.12,N,2,2022,0,0,0
22.0,100000,RENT,3.0,VENTURE,B,10000,10.65,0,0.1,N,2,2022,0,0,0
24.0,40000,RENT,3.0,MEDICAL,A,10000,10.99,0,0.25,N,2,2022,0,0,1
24.0,30000,RENT,6.0,EDUCATION,B,5000,12.69,1,0.17,N,2,2022,1,0,0
23.0,16080,RENT,0.0,EDUCATION,D,3000,16.29,1,0.19,Y,2,2022,1,1,0
23.0,47496,RENT,7.0,EDUCATION,B,3500,12.69,0,0.07,N,2,2022,0,0,0
26.0,80400,RENT,6.0,MEDICAL,B,7000,10.65,0,0.09,N,2,2022,0,0,0
23.0,100000,RENT,1.0,EDUCATION,C,12000,13.57,0,0.12,Y,2,2022,0,0,0
24.0,110000,MORTGAGE,7.0,DEBTCONSOLIDATION,A,12000,8.94,0,0.11,N,2,2022,0,0,0
23.0,36000,RENT,5.0,VENTURE,B,8000,10.99,0,0.22,N,2,2022,0,0,1
22.0,77000,MORTGAGE,6.0,VENTURE,A,12400,7.51,0,0.16,N,2,2022,0,0,0
25.0,75000,RENT,0.0,DEBTCONSOLIDATION,B,20000,10.38,0,0.27,N,2,2022,0,0,0
24.0,50000,MORTGAGE,7.0,HOMEIMPROVEMENT,D,11000,16.89,0,0.22,Y,2,2022,0,0,0
23.0,105999,MORTGAGE,6.0,EDUCATION,B,8550,9.88,0,0.08,N,2,2022,0,0,0
26.0,96050,MORTGAGE,3.0,MEDICAL,D,23750,15.28,1,0.21,Y,2,2022,1,0,0
23.0,136000,MORTGAGE,7.0,EDUCATION,A,8000,8.32,0,0.06,N,2,2022,0,0,0
23.0,35400,RENT,4.0,DEBTCONSOLIDATION,B,9600,11.89,0,0.27,N,2,2022,0,0,0
23.0,125000,OTHER,4.0,EDUCATION,A,7500,8.0,0,0.06,N,2,2022,0,0,0
25.0,80000,MORTGAGE,4.0,HOMEIMPROVEMENT,C,15000,12.61,0,0.19,N,2,2022,0,0,0
22.0,35000,RENT,0.0,DEBTCONSOLIDATION,B,3000,10.99,0,0.09,N,2,2022,0,0,1
26.0,80000,OWN,5.0,PERSONAL,C,7000,13.22,0,0.09,Y,2,2022,0,0,0
22.0,25000,MORTGAGE,4.0,VENTURE,A,1800,8.49,0,0.07,N,2,2022,0,0,0
26.0,65000,MORTGAGE,0.0,PERSONAL,A,4000,5.42,0,0.06,N,2,2022,0,0,0
23.0,44000,MORTGAGE,4.0,EDUCATION,A,3200,7.51,0,0.07,N,2,2022,0,0,0
25.0,60000,RENT,4.0,EDUCATION,A,9800,10.99,0,0.16,N,2,2022,0,0,1
22.0,48000,MORTGAGE,6.0,PERSONAL,C,10000,13.49,0,0.21,N,2,2022,0,0,0
22.0,52000,RENT,6.0,VENTURE,B,10000,11.71,0,0.19,N,2,2022,0,0,0
22.0,60000,MORTGAGE,6.0,DEBTCONSOLIDATION,A,17500,7.88,0,0.29,N,2,2022,0,0,0
23.0,56700,MORTGAGE,7.0,VENTURE,A,12000,5.42,0,0.21,N,2,2022,0,0,0
24.0,120000,RENT,4.0,HOMEIMPROVEMENT,C,10000,13.61,0,0.08,N,2,2022,0,0,0
25.0,40000,RENT,5.0,PERSONAL,A,6000,7.88,0,0.15,N,2,2022,0,0,0
24.0,46809,RENT,4.0,MEDICAL,B,5000,12.18,0,0.11,N,2,2022,0,0,0
23.0,59000,RENT,7.0,EDUCATION,C,20000,12.29,1,0.34,N,2,2022,1,0,0
25.0,76000,MORTGAGE,3.0,EDUCATION,A,20000,6.54,0,0.26,N,2,2022,0,0,0
26.0,74000,MORTGAGE,5.0,DEBTCONSOLIDATION,A,10000,6.62,0,0.14,N,2,2022,0,0,0
25.0,88000,MORTGAGE,7.0,PERSONAL,B,11000,11.14,0,0.13,N,2,2022,0,0,0
24.0,42000,OWN,8.0,HOMEIMPROVEMENT,A,8000,6.62,0,0.19,N,2,2022,0,0,0
23.0,141500,RENT,1.0,EDUCATION,B,10000,12.69,0,0.06,N,2,2022,0,0,0
22.0,37200,RENT,6.0,HOMEIMPROVEMENT,A,7000,7.9,1,0.19,N,2,2022,1,0,0
25.0,29000,RENT,9.0,MEDICAL,B,1000,11.99,1,0.03,N,2,2022,1,0,0
24.0,35000,RENT,1.0,DEBTCONSOLIDATION,A,12000,6.54,1,0.34,N,2,2022,1,0,0
24.0,49278,RENT,4.0,DEBTCONSOLIDATION,C,11000,13.22,0,0.22,Y,2,2022,0,0,0
25.0,20000,RENT,1.0,MEDICAL,A,12000,8.07,1,0.44000000000000006,N,2,2022,1,0,0
23.0,55000,RENT,0.0,VENTURE,C,12300,10.99,0,0.22,N,2,2022,0,0,1
22.0,74476,MORTGAGE,6.0,EDUCATION,A,5000,8.49,1,0.07,N,2,2022,1,0,0
24.0,56000,MORTGAGE,8.0,EDUCATION,A,12000,10.99,0,0.21,N,2,2022,0,0,1
23.0,85000,RENT,2.0,VENTURE,C,12000,13.16,0,0.14,Y,2,2022,0,0,0
23.0,50000,RENT,5.0,PERSONAL,A,10000,8.94,0,0.2,N,2,2022,0,0,0
23.0,48000,RENT,6.0,EDUCATION,A,4800,7.9,0,0.1,N,2,2022,0,0,0
25.0,84000,MORTGAGE,9.0,MEDICAL,B,5000,10.99,0,0.06,N,2,2022,0,0,0
25.0,49000,RENT,9.0,DEBTCONSOLIDATION,A,10000,6.62,1,0.2,N,2,2022,1,0,0
22.0,38000,RENT,5.0,EDUCATION,C,10000,13.49,0,0.26,Y,2,2022,0,0,0
25.0,63000,MORTGAGE,3.0,PERSONAL,C,3000,13.47,0,0.05,Y,2,2022,0,0,0
22.0,57175,RENT,6.0,EDUCATION,F,16000,17.15,1,0.28,Y,2,2022,1,0,0
22.0,24000,OWN,3.0,VENTURE,B,2500,10.59,0,0.1,N,2,2022,0,0,0
23.0,67150,MORTGAGE,5.0,MEDICAL,D,10000,16.32,1,0.13,N,2,2022,1,0,0
23.0,31200,RENT,0.0,PERSONAL,C,3200,13.49,0,0.1,Y,2,2022,0,0,0
23.0,112800,MORTGAGE,3.0,EDUCATION,B,23750,10.99,0,0.31,N,2,2022,0,0,1
24.0,29000,RENT,5.0,MEDICAL,C,6000,15.27,0,0.21,N,2,2022,0,0,0
24.0,22000,OWN,1.0,EDUCATION,D,3000,16.0,0,0.14,N,2,2022,0,0,0
24.0,80000,MORTGAGE,8.0,PERSONAL,A,9000,10.99,0,0.11,N,2,2022,0,0,1
25.0,54000,RENT,8.0,DEBTCONSOLIDATION,C,19000,10.99,1,0.35,Y,2,2022,1,0,1
21.0,47580,MORTGAGE,5.0,EDUCATION,A,14000,6.03,0,0.29,N,2,2022,0,0,0
23.0,32000,MORTGAGE,4.0,EDUCATION,A,1200,7.68,0,0.04,N,2,2022,0,0,0
24.0,88000,MORTGAGE,2.0,DEBTCONSOLIDATION,G,23750,18.84,1,0.28,Y,2,2022,1,0,0
24.0,45600,MORTGAGE,0.0,EDUCATION,A,7200,6.91,0,0.16,N,2,2022,0,0,0
24.0,122000,RENT,4.0,DEBTCONSOLIDATION,B,15000,11.58,0,0.12,N,2,2022,0,0,0
26.0,93492,RENT,0.0,PERSONAL,B,20000,9.45,0,0.21,N,2,2022,0,0,0
26.0,37000,RENT,0.0,PERSONAL,B,14000,9.88,1,0.38,N,2,2022,1,0,0
22.0,50000,MORTGAGE,6.0,VENTURE,A,7800,6.62,0,0.16,N,2,2022,0,0,0
26.0,45000,MORTGAGE,6.0,VENTURE,A,5000,6.99,0,0.11,N,2,2022,0,0,0
22.0,28800,OWN,2.0,EDUCATION,D,10000,16.49,0,0.35,Y,2,2022,0,0,0
25.0,56204,RENT,3.0,MEDICAL,D,12000,14.11,1,0.21,Y,2,2022,1,0,0
23.0,66000,RENT,0.0,EDUCATION,B,9200,11.86,0,0.14,N,2,2022,0,0,0
23.0,39996,RENT,7.0,PERSONAL,B,2000,10.99,0,0.05,N,2,2022,0,0,1
21.0,44004,RENT,2.0,EDUCATION,B,7000,11.46,1,0.16,N,2,2022,1,0,0
23.0,63000,RENT,0.0,VENTURE,D,16000,14.42,1,0.25,Y,2,2022,1,0,0
26.0,22800,RENT,4.0,PERSONAL,C,5000,13.57,0,0.22,Y,2,2022,0,0,0
22.0,55000,MORTGAGE,6.0,VENTURE,A,10000,5.79,0,0.18,N,2,2022,0,0,0
22.0,58608,RENT,4.0,MEDICAL,A,10000,7.51,0,0.17,N,2,2022,0,0,0
22.0,39000,OWN,6.0,MEDICAL,A,1000,10.99,0,0.03,N,2,2022,0,0,1
24.0,41000,RENT,1.0,DEBTCONSOLIDATION,C,7000,12.53,0,0.17,N,2,2022,0,0,0
25.0,57000,RENT,1.0,PERSONAL,B,9500,12.53,0,0.17,N,2,2022,0,0,0
26.0,51600,RENT,1.0,EDUCATION,A,5000,8.94,1,0.1,N,2,2022,1,0,0
22.0,20000,RENT,2.0,VENTURE,B,5000,11.86,0,0.25,N,2,2022,0,0,0
25.0,60000,MORTGAGE,2.0,PERSONAL,B,6900,9.99,0,0.12,N,2,2022,0,0,0
24.0,38000,MORTGAGE,3.0,DEBTCONSOLIDATION,B,16000,10.99,0,0.42,N,2,2022,0,0,0
21.0,104740,MORTGAGE,5.0,EDUCATION,B,19200,11.99,0,0.18,N,2,2022,0,0,0
23.0,92004,MORTGAGE,7.0,EDUCATION,B,23750,11.12,0,0.26,N,2,2022,0,0,0
23.0,44004,OWN,7.0,EDUCATION,A,17000,6.62,0,0.39,N,2,2022,0,0,0
23.0,36100,RENT,2.0,DEBTCONSOLIDATION,A,5000,7.49,0,0.14,N,2,2022,0,0,0
25.0,70000,MORTGAGE,6.0,VENTURE,A,14000,5.42,0,0.2,N,2,2022,0,0,0
25.0,48600,RENT,0.0,MEDICAL,A,12000,10.99,0,0.25,N,2,2022,0,0,1
25.0,27800,OWN,0.0,EDUCATION,A,14125,6.99,0,0.44000000000000006,N,2,2022,0,1,0
25.0,42000,RENT,1.0,DEBTCONSOLIDATION,B,6000,10.99,0,0.14,N,2,2022,0,0,1
24.0,53000,MORTGAGE,8.0,PERSONAL,D,10000,14.91,0,0.19,N,2,2022,0,0,0
24.0,86400,MORTGAGE,2.0,DEBTCONSOLIDATION,A,12200,7.29,0,0.14,N,2,2022,0,0,0
24.0,72000,OWN,0.0,EDUCATION,B,16000,12.42,0,0.22,N,2,2022,0,1,0
24.0,28590,RENT,7.0,DEBTCONSOLIDATION,D,8000,15.65,1,0.28,Y,2,2022,1,0,0
24.0,70550,RENT,8.0,MEDICAL,D,9000,15.05,1,0.11,Y,2,2022,1,0,0
26.0,51000,MORTGAGE,10.0,DEBTCONSOLIDATION,D,13000,15.33,1,0.25,Y,2,2022,1,0,0
26.0,33800,RENT,4.0,PERSONAL,C,13000,13.57,1,0.38,Y,2,2022,1,0,0
23.0,60000,MORTGAGE,6.0,EDUCATION,C,7000,12.99,0,0.12,Y,2,2022,0,0,0
26.0,59000,RENT,3.0,EDUCATION,C,20000,10.99,1,0.34,N,2,2022,1,0,1
26.0,84000,RENT,7.0,DEBTCONSOLIDATION,D,15000,16.0,1,0.18,Y,2,2022,1,0,0
23.0,108366,RENT,7.0,HOMEIMPROVEMENT,F,23750,20.25,1,0.32,N,2,2022,1,0,0
25.0,63128,RENT,0.0,VENTURE,A,1500,7.49,0,0.02,N,2,2022,0,1,0
22.0,36000,MORTGAGE,3.0,DEBTCONSOLIDATION,A,5250,10.99,0,0.15,N,2,2022,0,0,1
25.0,34000,RENT,10.0,DEBTCONSOLIDATION,B,20000,8.88,1,0.44000000000000006,N,2,2022,1,0,0
25.0,69000,RENT,3.0,DEBTCONSOLIDATION,D,10000,14.09,1,0.14,Y,2,2022,1,0,0
24.0,29232,MORTGAGE,1.0,VENTURE,B,11000,11.71,0,0.38,N,2,2022,0,0,0
23.0,37500,RENT,0.0,PERSONAL,A,1800,8.94,0,0.05,N,2,2022,0,0,0
22.0,70800,RENT,6.0,EDUCATION,C,10000,12.61,0,0.14,N,2,2022,0,0,0
26.0,75000,RENT,5.0,PERSONAL,A,20000,6.91,0,0.27,N,2,2022,0,0,0
22.0,89250,MORTGAGE,6.0,MEDICAL,D,7500,13.24,1,0.07,Y,2,2022,1,0,0
23.0,57600,MORTGAGE,0.0,EDUCATION,B,1000,10.99,0,0.02,N,2,2022,0,0,1
25.0,41000,RENT,3.0,PERSONAL,B,8000,10.99,0,0.2,N,2,2022,0,0,0
24.0,55000,MORTGAGE,8.0,HOMEIMPROVEMENT,A,10000,5.79,0,0.18,N,2,2022,0,0,0
23.0,54000,MORTGAGE,0.0,PERSONAL,B,5000,9.99,0,0.09,N,2,2022,0,1,0
21.0,13806,RENT,6.0,EDUCATION,C,4750,12.73,1,0.34,Y,2,2022,1,0,0
23.0,69743,MORTGAGE,7.0,VENTURE,D,1000,14.11,0,0.01,N,2,2022,0,0,0
23.0,55000,MORTGAGE,5.0,MEDICAL,C,8000,13.85,0,0.15,Y,2,2022,0,0,0
23.0,43000,MORTGAGE,1.0,EDUCATION,A,9000,9.63,0,0.21,N,2,2022,0,0,0
23.0,72000,MORTGAGE,7.0,VENTURE,A,9000,6.76,0,0.13,N,2,2022,0,0,0
21.0,39900,RENT,3.0,EDUCATION,B,6000,11.49,0,0.15,N,2,2022,0,0,0
21.0,18000,RENT,0.0,DEBTCONSOLIDATION,A,3000,7.9,1,0.17,N,2,2022,1,0,0
21.0,18000,RENT,1.0,VENTURE,A,3200,8.49,1,0.18,N,2,2022,1,0,0
23.0,51996,RENT,7.0,PERSONAL,C,4000,13.98,0,0.08,Y,2,2022,0,0,0
23.0,20400,RENT,2.0,MEDICAL,A,1200,7.9,0,0.06,N,2,2022,0,0,0
23.0,92000,MORTGAGE,7.0,EDUCATION,C,18000,12.68,0,0.2,N,2,2022,0,0,0
24.0,62000,MORTGAGE,7.0,PERSONAL,A,6200,10.99,0,0.1,N,2,2022,0,0,1
23.0,60000,RENT,2.0,VENTURE,A,9000,6.17,0,0.15,N,2,2022,0,0,0
24.0,42000,RENT,0.0,MEDICAL,A,12000,7.66,0,0.29,N,2,2022,0,0,0
25.0,43200,OWN,9.0,VENTURE,B,13800,11.48,0,0.32,N,2,2022,0,0,0
24.0,80000,MORTGAGE,8.0,VENTURE,D,5000,15.62,0,0.06,N,2,2022,0,0,0
25.0,77000,MORTGAGE,1.0,DEBTCONSOLIDATION,F,7200,18.53,1,0.09,N,2,2022,1,0,0
22.0,19200,MORTGAGE,3.0,EDUCATION,D,5000,15.33,1,0.26,Y,2,2022,1,0,0
22.0,89000,MORTGAGE,6.0,VENTURE,C,16000,13.22,0,0.18,N,2,2022,0,0,0
24.0,59000,MORTGAGE,3.0,EDUCATION,C,6800,12.53,1,0.12,N,2,2022,1,0,0
25.0,34000,RENT,0.0,EDUCATION,C,10000,13.79,1,0.29,Y,2,2022,1,0,0
25.0,80000,RENT,0.0,VENTURE,B,16000,9.88,0,0.2,N,2,2022,0,0,0
22.0,19008,OWN,0.0,VENTURE,A,12000,5.42,1,0.44000000000000006,N,2,2022,1,1,0
24.0,29200,MORTGAGE,6.0,DEBTCONSOLIDATION,A,2500,6.76,0,0.09,N,2,2022,0,0,0
25.0,44000,RENT,2.0,PERSONAL,D,10000,15.65,1,0.23,N,2,2022,1,0,0
22.0,33000,RENT,1.0,EDUCATION,B,5000,10.25,0,0.15,N,2,2022,0,0,0
23.0,68000,MORTGAGE,5.0,MEDICAL,B,11500,9.99,0,0.17,N,2,2022,0,0,0
22.0,37200,RENT,2.0,EDUCATION,A,10000,6.92,0,0.27,N,2,2022,0,0,0
24.0,62400,RENT,8.0,EDUCATION,B,15000,9.45,0,0.24,N,2,2022,0,0,0
25.0,80004,RENT,9.0,VENTURE,C,20000,14.26,0,0.25,N,2,2022,0,0,0
24.0,61400,RENT,1.0,DEBTCONSOLIDATION,C,12250,12.23,0,0.2,Y,2,2022,0,0,0
23.0,53664,MORTGAGE,7.0,DEBTCONSOLIDATION,B,15000,10.75,0,0.28,N,2,2022,0,0,0
25.0,45600,MORTGAGE,7.0,EDUCATION,C,13000,12.99,0,0.29,N,2,2022,0,0,0
23.0,58000,RENT,4.0,EDUCATION,B,8000,10.37,0,0.14,N,2,2022,0,0,0
23.0,85596,MORTGAGE,5.0,VENTURE,B,6000,10.0,0,0.07,N,2,2022,0,0,0
26.0,55000,RENT,1.0,DEBTCONSOLIDATION,A,3200,8.49,0,0.06,N,2,2022,0,0,0
23.0,27996,RENT,3.0,VENTURE,C,5500,12.53,0,0.2,N,2,2022,0,0,0
22.0,61000,RENT,3.0,MEDICAL,B,5000,9.99,0,0.08,N,2,2022,0,0,0
22.0,58000,OTHER,3.0,VENTURE,C,15000,13.79,0,0.26,Y,2,2022,0,0,0
22.0,45000,RENT,4.0,DEBTCONSOLIDATION,A,5400,7.29,0,0.12,N,2,2022,0,0,0
24.0,30996,RENT,7.0,VENTURE,E,7000,16.63,0,0.23,Y,2,2022,0,0,0
21.0,22200,RENT,2.0,DEBTCONSOLIDATION,D,2500,16.29,1,0.11,Y,2,2022,1,0,0
24.0,25000,RENT,0.0,EDUCATION,A,4400,6.76,0,0.18,N,2,2022,0,0,0
24.0,18000,RENT,5.0,EDUCATION,C,3000,15.27,1,0.17,N,2,2022,1,0,0
24.0,80000,MORTGAGE,0.0,PERSONAL,A,6000,8.59,0,0.07,N,2,2022,0,0,0
24.0,55782,RENT,3.0,HOMEIMPROVEMENT,A,17000,7.51,0,0.3,N,2,2022,0,0,0
23.0,82000,RENT,2.0,DEBTCONSOLIDATION,B,20900,12.69,0,0.25,N,2,2022,0,0,0
22.0,50663,RENT,0.0,EDUCATION,C,7500,13.22,0,0.15,N,2,2022,0,0,0
26.0,122500,RENT,1.0,HOMEIMPROVEMENT,B,10000,10.65,0,0.08,N,2,2022,0,0,0
22.0,33600,OWN,1.0,DEBTCONSOLIDATION,D,5000,18.25,0,0.15,N,2,2022,0,0,0
22.0,88512,MORTGAGE,6.0,EDUCATION,A,3000,5.79,0,0.03,N,2,2022,0,0,0
23.0,28800,RENT,5.0,EDUCATION,B,2800,10.38,0,0.1,N,2,2022,0,0,0
23.0,75000,RENT,0.0,VENTURE,B,6000,11.48,0,0.08,N,2,2022,0,0,0
23.0,45000,RENT,2.0,EDUCATION,C,1700,14.72,0,0.04,N,2,2022,0,0,0
23.0,72000,RENT,3.0,EDUCATION,A,10800,7.88,0,0.15,N,2,2022,0,0,0
23.0,33204,RENT,7.0,EDUCATION,C,2000,14.72,0,0.06,Y,2,2022,0,0,0
24.0,67000,OWN,2.0,MEDICAL,B,16000,12.69,0,0.24,N,2,2022,0,0,0
23.0,68000,RENT,1.0,VENTURE,E,14400,17.99,1,0.21,N,2,2022,1,0,0
26.0,56000,RENT,6.0,DEBTCONSOLIDATION,C,8150,12.87,0,0.15,N,2,2022,0,0,0
24.0,54000,MORTGAGE,8.0,PERSONAL,B,4000,9.99,0,0.07,N,2,2022,0,0,0
23.0,50400,MORTGAGE,7.0,VENTURE,B,2500,10.99,0,0.05,N,2,2022,0,0,0
22.0,41000,RENT,6.0,VENTURE,A,5000,10.99,0,0.12,N,2,2022,0,0,1
24.0,42000,MORTGAGE,8.0,PERSONAL,D,2500,15.28,0,0.06,Y,2,2022,0,0,0
25.0,57000,RENT,0.0,PERSONAL,C,15000,13.85,0,0.26,Y,2,2022,0,0,0
26.0,21000,OWN,4.0,VENTURE,C,8000,13.79,0,0.38,N,2,2022,0,0,0
25.0,55000,MORTGAGE,3.0,DEBTCONSOLIDATION,A,23750,8.49,0,0.44,N,2,2022,0,0,0
23.0,34800,RENT,6.0,VENTURE,A,6600,7.49,0,0.19,N,2,2022,0,0,0
26.0,34000,MORTGAGE,6.0,PERSONAL,A,12000,6.03,0,0.35,N,2,2022,0,0,0
23.0,36000,RENT,5.0,EDUCATION,B,10000,9.99,0,0.28,N,2,2022,0,0,0
23.0,72250,RENT,7.0,MEDICAL,B,23750,10.65,1,0.35,N,2,2022,1,0,0
25.0,45000,RENT,4.0,VENTURE,B,8000,10.38,0,0.18,N,2,2022,0,0,0
22.0,30000,OWN,0.0,MEDICAL,C,7000,13.98,0,0.23,Y,2,2022,0,1,0
26.0,31200,RENT,8.0,PERSONAL,A,5000,8.63,0,0.16,N,2,2022,0,0,0
22.0,19200,RENT,0.0,DEBTCONSOLIDATION,E,3000,10.99,1,0.16,Y,2,2022,1,0,1
25.0,66000,RENT,9.0,EDUCATION,D,23750,15.33,1,0.38,N,2,2022,1,0,0
25.0,25716,RENT,1.0,MEDICAL,A,9250,6.54,1,0.36,N,2,2022,1,0,0
26.0,54000,RENT,0.0,MEDICAL,D,13200,14.91,1,0.24,Y,2,2022,1,0,0
22.0,52000,MORTGAGE,6.0,EDUCATION,C,9750,13.06,0,0.19,Y,2,2022,0,0,0
