person_age,person_income,person_home_ownership,person_emp_length,loan_intent,loan_grade,loan_amnt,loan_int_rate,loan_status,loan_percent_income,cb_person_default_on_file,cb_person_cred_hist_length,year,def
21,9600,OWN,5.0,EDUCATION,B,1000,11.14,0,0.1,N,2,2022,0
23,65500,RENT,4.0,MEDICAL,C,35000,15.23,1,0.53,N,2,2022,1
21,9900,OWN,2.0,VENTURE,A,2500,7.14,1,0.25,N,2,2022,1
24,83000,RENT,8.0,PERSONAL,A,35000,8.9,1,0.42,N,2,2022,1
21,10000,OWN,2.0,HOMEIMPROVEMENT,A,4500,8.63,1,0.45,N,2,2022,1
23,95000,RENT,2.0,VENTURE,A,35000,7.9,1,0.37,N,2,2022,1
24,10800,MORTGAGE,8.0,EDUCATION,B,1750,10.99,1,0.16,N,2,2022,1
25,137000,RENT,9.0,PERSONAL,E,34800,16.77,0,0.25,Y,2,2022,0
21,11389,OTHER,5.0,EDUCATION,C,4000,12.84,1,0.35,Y,2,2022,1
25,120000,RENT,2.0,VENTURE,A,32000,6.62,0,0.27,N,2,2022,0
22,48000,RENT,1.0,EDUCATION,E,30000,18.39,1,0.63,N,2,2022,1
26,62050,RENT,6.0,MEDICAL,E,30000,17.99,1,0.41,N,2,2022,1
23,300000,OWN,1.0,EDUCATION,F,24250,19.41,0,0.08,Y,2,2022,0
23,97000,RENT,7.0,VENTURE,B,30000,10.65,1,0.31,N,2,2022,1
22,275000,OWN,6.0,VENTURE,B,12000,11.58,0,0.04,N,2,2022,0
25,221850,MORTGAGE,9.0,MEDICAL,D,25000,15.7,1,0.1,N,2,2022,1
25,259000,MORTGAGE,9.0,HOMEIMPROVEMENT,D,20000,14.42,0,0.08,Y,2,2022,0
24,255000,MORTGAGE,9.0,EDUCATION,A,9600,6.99,0,0.04,N,2,2022,0
22,56950,RENT,6.0,MEDICAL,A,28000,,1,0.49,N,2,2022,1
23,65000,RENT,2.0,EDUCATION,A,28000,7.9,1,0.43,N,2,2022,1
22,12000,OWN,6.0,DEBTCONSOLIDATION,A,4750,7.14,1,0.4,N,2,2022,1
26,110000,RENT,10.0,EDUCATION,A,28000,8.9,0,0.25,N,2,2022,0
23,151200,RENT,7.0,DEBTCONSOLIDATION,B,28000,11.11,0,0.19,N,2,2022,0
24,69000,RENT,2.0,HOMEIMPROVEMENT,A,27600,,1,0.4,N,2,2022,1
22,240000,OWN,6.0,PERSONAL,B,25000,,0,0.1,N,2,2022,0
26,73200,RENT,5.0,VENTURE,D,27050,15.62,1,0.37,Y,2,2022,1
24,83000,RENT,5.0,PERSONAL,C,27000,13.49,1,0.33,Y,2,2022,1
23,62500,RENT,7.0,MEDICAL,B,26000,11.71,1,0.42,N,2,2022,1
26,232500,MORTGAGE,0.0,MEDICAL,C,25000,14.17,0,0.11,Y,2,2022,0
25,225000,MORTGAGE,0.0,HOMEIMPROVEMENT,E,30000,19.91,0,0.13,Y,2,2022,0
26,213000,MORTGAGE,6.0,EDUCATION,B,35000,10.65,1,0.16,N,2,2022,1
23,12996,OWN,0.0,DEBTCONSOLIDATION,C,2400,13.49,1,0.18,Y,2,2022,1
22,42000,RENT,6.0,MEDICAL,D,25000,14.59,1,0.6,Y,2,2022,1
21,49000,RENT,4.0,EDUCATION,B,25000,10.99,1,0.51,N,2,2022,1
25,225000,MORTGAGE,0.0,VENTURE,F,25000,18.67,0,0.11,N,2,2022,0
23,225000,RENT,8.0,DEBTCONSOLIDATION,A,7500,8.63,0,0.03,N,2,2022,0
26,225000,MORTGAGE,2.0,VENTURE,B,25000,10.08,0,0.11,N,2,2022,0
25,50000,RENT,4.0,HOMEIMPROVEMENT,A,25000,5.99,1,0.5,N,2,2022,1
24,44000,RENT,2.0,DEBTCONSOLIDATION,D,25000,15.33,1,0.57,N,2,2022,1
22,50004,RENT,0.0,VENTURE,B,25000,10.36,1,0.5,N,2,2022,1
24,220000,MORTGAGE,1.0,EDUCATION,B,25000,11.58,0,0.11,N,2,2022,0
26,216000,MORTGAGE,10.0,EDUCATION,C,20000,14.22,0,0.09,Y,2,2022,0
26,215000,MORTGAGE,11.0,EDUCATION,A,12000,7.88,0,0.06,N,2,2022,0
23,52000,RENT,1.0,PERSONAL,C,25000,13.22,1,0.48,N,2,2022,1
26,47000,RENT,0.0,HOMEIMPROVEMENT,D,25000,15.28,1,0.53,Y,2,2022,1
23,47000,RENT,1.0,VENTURE,E,25000,17.93,1,0.53,N,2,2022,1
26,48000,RENT,5.0,VENTURE,F,25000,18.43,1,0.52,N,2,2022,1
26,56000,RENT,4.0,DEBTCONSOLIDATION,C,25000,12.87,1,0.45,N,2,2022,1
26,54000,RENT,7.0,DEBTCONSOLIDATION,D,25000,14.83,1,0.46,Y,2,2022,1
24,200000,RENT,8.0,MEDICAL,B,12000,12.69,0,0.06,N,2,2022,0
24,200000,MORTGAGE,8.0,HOMEIMPROVEMENT,C,12000,13.49,0,0.06,N,2,2022,0
25,61959,RENT,9.0,MEDICAL,C,25000,12.73,1,0.4,N,2,2022,1
23,200000,MORTGAGE,7.0,EDUCATION,A,28000,,0,0.14,N,2,2022,0
21,200000,MORTGAGE,2.0,DEBTCONSOLIDATION,C,25000,13.99,0,0.13,N,2,2022,0
25,200000,MORTGAGE,2.0,DEBTCONSOLIDATION,B,15500,11.99,0,0.08,N,2,2022,0
24,66000,RENT,3.0,EDUCATION,B,25000,9.91,1,0.38,N,2,2022,1
144,200000,MORTGAGE,4.0,EDUCATION,B,6000,11.86,0,0.03,N,2,2022,0
25,200000,MORTGAGE,2.0,VENTURE,B,12000,10.38,0,0.06,N,2,2022,0
24,60000,RENT,2.0,DEBTCONSOLIDATION,E,25000,,1,0.42,Y,2,2022,1
26,66996,RENT,10.0,PERSONAL,D,25000,15.21,1,0.37,Y,2,2022,1
25,69000,RENT,9.0,PERSONAL,D,25000,17.49,1,0.36,N,2,2022,1
26,188000,MORTGAGE,10.0,VENTURE,E,20000,17.74,1,0.11,N,2,2022,1
25,66000,RENT,9.0,VENTURE,D,25000,15.33,1,0.38,Y,2,2022,1
25,14400,OWN,7.0,EDUCATION,A,5375,5.79,1,0.37,N,2,2022,1
25,72612,RENT,9.0,MEDICAL,C,25000,13.11,1,0.34,N,2,2022,1
25,75000,RENT,9.0,DEBTCONSOLIDATION,B,25000,10.36,1,0.33,N,2,2022,1
24,192000,RENT,0.0,MEDICAL,C,22000,,0,0.11,Y,2,2022,0
23,78000,RENT,7.0,DEBTCONSOLIDATION,C,25000,,1,0.32,Y,2,2022,1
24,185000,MORTGAGE,,EDUCATION,B,35000,12.42,0,0.19,N,2,2022,0
25,185000,RENT,6.0,VENTURE,C,15000,15.27,0,0.08,N,2,2022,0
24,62050,RENT,8.0,MEDICAL,D,25000,15.33,1,0.34,Y,2,2022,1
23,79416,RENT,7.0,VENTURE,D,25000,15.21,1,0.31,Y,2,2022,1
21,14400,OWN,4.0,VENTURE,C,6250,14.72,1,0.43,N,2,2022,1
24,79631,RENT,8.0,PERSONAL,D,25000,15.7,1,0.31,Y,2,2022,1
24,80000,RENT,6.0,EDUCATION,A,25000,6.62,1,0.31,N,2,2022,1
22,185000,RENT,4.0,MEDICAL,B,25000,11.36,0,0.14,N,2,2022,0
26,185000,OWN,10.0,PERSONAL,A,5000,7.68,0,0.03,N,2,2022,0
23,184000,OWN,5.0,EDUCATION,B,2500,11.83,0,0.01,N,2,2022,0
22,183000,MORTGAGE,3.0,EDUCATION,A,1000,,0,0.01,N,2,2022,0
24,82000,RENT,8.0,VENTURE,B,25000,10.25,0,0.3,N,2,2022,0
23,14400,OWN,2.0,HOMEIMPROVEMENT,E,4000,16.7,1,0.28,N,2,2022,1
24,180000,MORTGAGE,7.0,VENTURE,B,14000,11.99,0,0.08,N,2,2022,0
23,66215,RENT,1.0,MEDICAL,D,25000,15.37,1,0.32,Y,2,2022,1
21,15000,OWN,0.0,HOMEIMPROVEMENT,A,6200,7.9,1,0.41,N,2,2022,1
25,180000,MORTGAGE,3.0,VENTURE,B,9950,11.26,0,0.06,N,2,2022,0
25,175000,MORTGAGE,10.0,HOMEIMPROVEMENT,A,8000,7.9,0,0.05,N,2,2022,0
22,175000,MORTGAGE,6.0,EDUCATION,B,18000,,0,0.1,N,2,2022,0
23,15000,OWN,4.0,VENTURE,B,4600,10.99,1,0.31,N,2,2022,1
22,88000,RENT,6.0,DEBTCONSOLIDATION,D,25000,15.58,1,0.28,Y,2,2022,1
25,74800,RENT,2.0,MEDICAL,B,25000,10.99,1,0.28,N,2,2022,1
23,93000,RENT,0.0,DEBTCONSOLIDATION,D,25000,14.59,1,0.27,Y,2,2022,1
22,175000,RENT,6.0,VENTURE,C,3500,11.91,0,0.02,Y,2,2022,0
21,15120,MORTGAGE,0.0,EDUCATION,B,1500,10.59,0,0.1,N,2,2022,0
24,97908,RENT,8.0,HOMEIMPROVEMENT,D,25000,12.61,1,0.26,Y,2,2022,1
26,110000,RENT,3.0,PERSONAL,C,25000,,0,0.23,Y,2,2022,0
24,158004,RENT,0.0,HOMEIMPROVEMENT,D,25000,14.59,1,0.16,Y,2,2022,1
24,83300,RENT,0.0,MEDICAL,D,25000,,1,0.26,N,2,2022,1
24,110000,RENT,7.0,HOMEIMPROVEMENT,D,25000,15.7,0,0.23,Y,2,2022,0
25,134300,RENT,3.0,MEDICAL,D,5000,16.49,1,0.03,N,2,2022,1
25,170000,MORTGAGE,2.0,EDUCATION,A,20000,7.49,0,0.12,N,2,2022,0
22,100580,RENT,6.0,DEBTCONSOLIDATION,D,25000,14.96,1,0.25,Y,2,2022,1
25,120000,RENT,6.0,MEDICAL,B,25000,10.74,0,0.21,N,2,2022,0
23,120000,RENT,7.0,EDUCATION,B,25000,9.99,0,0.21,N,2,2022,0
24,91800,RENT,5.0,MEDICAL,D,25000,15.33,1,0.23,Y,2,2022,1
23,130000,RENT,4.0,EDUCATION,D,25000,16.02,0,0.19,Y,2,2022,0
26,170000,MORTGAGE,0.0,VENTURE,C,12000,13.57,0,0.07,Y,2,2022,0
25,168000,MORTGAGE,2.0,PERSONAL,B,35000,10.65,0,0.21,N,2,2022,0
24,133300,RENT,6.0,DEBTCONSOLIDATION,B,25000,10.37,0,0.19,N,2,2022,0
25,134000,RENT,7.0,MEDICAL,B,25000,10.62,0,0.19,N,2,2022,0
25,15600,OWN,0.0,VENTURE,F,3200,18.09,1,0.21,N,2,2022,1
22,153000,MORTGAGE,5.0,DEBTCONSOLIDATION,D,24000,15.62,1,0.16,Y,2,2022,1
23,16000,OWN,7.0,MEDICAL,A,6000,7.9,1,0.38,N,2,2022,1
24,16020,OWN,3.0,VENTURE,E,3625,17.14,1,0.23,Y,2,2022,1
25,175000,RENT,2.0,PERSONAL,A,25000,8.9,0,0.14,N,2,2022,0
24,185000,RENT,7.0,HOMEIMPROVEMENT,C,25000,12.68,0,0.14,Y,2,2022,0
25,162000,RENT,9.0,PERSONAL,C,25000,11.03,0,0.15,N,2,2022,0
22,16800,MORTGAGE,5.0,EDUCATION,B,2000,10.65,0,0.12,N,2,2022,0
23,160000,MORTGAGE,5.0,PERSONAL,A,35000,7.66,0,0.22,N,2,2022,0
26,56045,RENT,1.0,MEDICAL,D,24250,14.96,1,0.37,N,2,2022,1
22,74000,RENT,7.0,DEBTCONSOLIDATION,D,24250,15.65,1,0.33,Y,2,2022,1
24,65453,RENT,9.0,MEDICAL,D,24250,15.7,1,0.31,N,2,2022,1
23,100000,RENT,0.0,PERSONAL,C,24250,12.87,0,0.24,Y,2,2022,0
23,103000,RENT,6.0,PERSONAL,D,24250,15.7,0,0.24,N,2,2022,0
23,160000,MORTGAGE,2.0,EDUCATION,D,25000,15.65,0,0.16,Y,2,2022,0
25,160000,MORTGAGE,3.0,VENTURE,C,20000,13.47,0,0.13,Y,2,2022,0
22,16800,MORTGAGE,0.0,HOMEIMPROVEMENT,C,4750,13.85,1,0.28,Y,2,2022,1
25,115200,RENT,0.0,HOMEIMPROVEMENT,B,24250,11.36,0,0.21,N,2,2022,0
24,48000,RENT,4.0,VENTURE,D,24000,16.29,1,0.5,Y,2,2022,1
21,44964,RENT,2.0,EDUCATION,D,24000,16.29,1,0.53,Y,2,2022,1
25,52000,RENT,,PERSONAL,B,24000,10.74,1,0.46,N,2,2022,1
24,47000,RENT,3.0,PERSONAL,F,24000,17.8,1,0.51,N,2,2022,1
22,17400,MORTGAGE,6.0,VENTURE,B,1000,11.36,0,0.06,N,2,2022,0
21,60000,RENT,5.0,MEDICAL,B,24000,10.75,1,0.4,N,2,2022,1
22,62400,RENT,3.0,EDUCATION,D,24000,14.84,1,0.38,N,2,2022,1
26,65000,RENT,10.0,DEBTCONSOLIDATION,A,24000,,1,0.37,N,2,2022,1
23,59000,RENT,5.0,DEBTCONSOLIDATION,E,24000,19.69,1,0.41,Y,2,2022,1
23,74000,RENT,7.0,DEBTCONSOLIDATION,B,24000,10.99,1,0.32,N,2,2022,1
24,80000,RENT,2.0,MEDICAL,B,24000,10.25,0,0.3,N,2,2022,0
23,18000,OWN,3.0,EDUCATION,A,4000,5.99,1,0.22,N,2,2022,1
23,74700,RENT,6.0,PERSONAL,D,24000,12.92,1,0.32,N,2,2022,1
25,95000,RENT,4.0,EDUCATION,A,24000,8.9,0,0.25,N,2,2022,0
21,18000,OWN,,EDUCATION,B,5000,11.11,1,0.28,N,2,2022,1
22,98000,RENT,7.0,DEBTCONSOLIDATION,F,24000,,1,0.24,Y,2,2022,1
23,18000,MORTGAGE,1.0,MEDICAL,D,2500,15.95,1,0.14,N,2,2022,1
25,135000,RENT,8.0,PERSONAL,B,24000,10.99,0,0.18,N,2,2022,0
24,135000,RENT,4.0,HOMEIMPROVEMENT,C,24000,13.79,0,0.18,N,2,2022,0
23,138000,RENT,7.0,DEBTCONSOLIDATION,D,24000,16.0,1,0.17,Y,2,2022,1
26,148000,RENT,1.0,EDUCATION,F,24000,18.3,1,0.16,N,2,2022,1
26,170000,RENT,3.0,DEBTCONSOLIDATION,C,24000,,0,0.14,Y,2,2022,0
24,43896,RENT,8.0,HOMEIMPROVEMENT,B,23975,,1,0.55,N,2,2022,1
23,120000,RENT,4.0,MEDICAL,C,23750,13.47,0,0.2,N,2,2022,0
24,18000,MORTGAGE,0.0,DEBTCONSOLIDATION,B,10000,12.18,1,0.56,N,2,2022,1
22,18000,OWN,2.0,MEDICAL,C,4000,,1,0.22,N,2,2022,1
22,18000,OWN,1.0,MEDICAL,D,5400,15.31,1,0.3,Y,2,2022,1
21,18000,OWN,5.0,VENTURE,B,3375,,1,0.19,N,2,2022,1
22,66960,RENT,1.0,VENTURE,A,23400,7.49,1,0.35,N,2,2022,1
25,56544,RENT,3.0,EDUCATION,B,23000,,1,0.41,N,2,2022,1
23,68000,RENT,7.0,EDUCATION,B,23000,9.62,1,0.34,N,2,2022,1
25,80000,RENT,9.0,VENTURE,C,23000,,0,0.29,N,2,2022,0
24,88000,RENT,1.0,VENTURE,D,23000,14.54,1,0.26,N,2,2022,1
23,70000,RENT,7.0,DEBTCONSOLIDATION,C,22500,14.27,1,0.32,N,2,2022,1
26,69846,RENT,2.0,EDUCATION,F,22500,18.99,1,0.32,Y,2,2022,1
25,43000,RENT,9.0,HOMEIMPROVEMENT,C,22000,13.11,1,0.51,N,2,2022,1
25,52000,RENT,4.0,PERSONAL,B,22000,10.74,1,0.42,N,2,2022,1
25,58000,RENT,0.0,MEDICAL,C,22000,14.65,1,0.38,N,2,2022,1
24,60000,RENT,3.0,VENTURE,C,22000,14.26,1,0.37,Y,2,2022,1
25,18840,MORTGAGE,5.0,EDUCATION,B,3000,9.91,1,0.16,N,2,2022,1
22,66000,RENT,1.0,EDUCATION,F,22000,,1,0.33,N,2,2022,1
24,76597,RENT,5.0,EDUCATION,B,22000,9.25,0,0.29,N,2,2022,0
26,82600,RENT,10.0,VENTURE,B,22000,12.69,0,0.27,N,2,2022,0
24,19000,OWN,3.0,MEDICAL,C,7400,13.85,1,0.39,N,2,2022,1
25,82000,RENT,1.0,EDUCATION,E,22000,17.51,1,0.27,N,2,2022,1
22,19200,MORTGAGE,6.0,PERSONAL,B,4950,11.71,1,0.26,N,2,2022,1
25,57000,RENT,4.0,PERSONAL,B,21700,11.99,1,0.38,N,2,2022,1
24,54000,RENT,5.0,VENTURE,C,21600,13.49,1,0.4,N,2,2022,1
24,112140,RENT,8.0,MEDICAL,A,21600,7.9,0,0.19,N,2,2022,0
25,47052,RENT,5.0,VENTURE,B,21250,10.99,1,0.45,N,2,2022,1
25,51060,RENT,9.0,VENTURE,A,21250,6.91,1,0.42,N,2,2022,1
22,19200,MORTGAGE,6.0,DEBTCONSOLIDATION,C,5000,14.17,1,0.26,Y,2,2022,1
26,19200,OWN,0.0,EDUCATION,B,9250,,1,0.48,N,2,2022,1
23,63000,RENT,2.0,MEDICAL,B,21000,11.36,1,0.33,N,2,2022,1
24,79000,RENT,8.0,HOMEIMPROVEMENT,A,21000,7.9,0,0.27,N,2,2022,0
26,19200,OTHER,0.0,PERSONAL,C,7500,11.97,1,0.39,Y,2,2022,1
26,125000,RENT,5.0,HOMEIMPROVEMENT,A,21000,8.9,0,0.17,N,2,2022,0
23,82000,RENT,2.0,PERSONAL,B,20900,12.69,0,0.25,N,2,2022,0
21,19500,MORTGAGE,0.0,EDUCATION,B,15000,9.64,1,0.77,N,2,2022,1
23,54000,RENT,7.0,PERSONAL,A,20375,7.49,1,0.38,N,2,2022,1
26,26000,RENT,10.0,EDUCATION,B,20050,9.76,1,0.77,N,2,2022,1
25,38004,RENT,6.0,MEDICAL,C,20000,13.11,1,0.53,N,2,2022,1
23,32900,RENT,1.0,EDUCATION,D,20000,16.0,1,0.61,N,2,2022,1
21,36000,RENT,5.0,MEDICAL,D,20000,,1,0.56,Y,2,2022,1
25,20000,OWN,0.0,PERSONAL,D,5650,15.99,0,0.28,Y,2,2022,0
23,45000,RENT,4.0,PERSONAL,B,20000,10.25,1,0.44,N,2,2022,1
24,45000,RENT,8.0,MEDICAL,E,20000,,1,0.44,N,2,2022,1
24,39000,RENT,5.0,MEDICAL,D,20000,14.74,1,0.51,N,2,2022,1
24,46500,RENT,5.0,EDUCATION,B,20000,10.62,1,0.43,N,2,2022,1
25,20000,MORTGAGE,1.0,VENTURE,A,4000,5.79,0,0.2,N,2,2022,0
25,50000,RENT,9.0,EDUCATION,C,20000,13.43,1,0.4,N,2,2022,1
22,50000,RENT,6.0,DEBTCONSOLIDATION,C,20000,13.22,1,0.4,N,2,2022,1
22,51000,RENT,0.0,EDUCATION,C,20000,13.47,1,0.39,N,2,2022,1
24,52000,RENT,8.0,EDUCATION,D,20000,15.65,1,0.38,Y,2,2022,1
25,46000,RENT,9.0,DEBTCONSOLIDATION,C,20000,11.78,1,0.43,Y,2,2022,1
24,55000,RENT,8.0,HOMEIMPROVEMENT,A,20000,6.91,1,0.36,N,2,2022,1
23,55000,RENT,5.0,DEBTCONSOLIDATION,B,20000,12.53,1,0.36,N,2,2022,1
23,20004,MORTGAGE,6.0,PERSONAL,A,7125,6.99,0,0.36,N,2,2022,0
23,57000,RENT,3.0,EDUCATION,D,20000,16.89,1,0.35,N,2,2022,1
23,20004,MORTGAGE,2.0,EDUCATION,E,2500,16.82,0,0.12,Y,2,2022,0
26,20004,MORTGAGE,4.0,HOMEIMPROVEMENT,B,3600,,0,0.18,N,2,2022,0
22,58000,RENT,0.0,DEBTCONSOLIDATION,C,20000,13.11,1,0.34,N,2,2022,1
23,60000,RENT,7.0,MEDICAL,A,20000,7.9,1,0.33,N,2,2022,1
24,54000,RENT,2.0,VENTURE,D,20000,16.49,1,0.37,N,2,2022,1
26,20280,MORTGAGE,5.0,HOMEIMPROVEMENT,A,7000,8.0,0,0.35,N,2,2022,0
24,60000,RENT,0.0,PERSONAL,B,20000,10.99,1,0.33,N,2,2022,1
23,54000,RENT,2.0,PERSONAL,B,20000,11.12,1,0.37,N,2,2022,1
25,60000,RENT,2.0,EDUCATION,B,20000,,1,0.33,N,2,2022,1
23,60000,RENT,3.0,EDUCATION,B,20000,12.21,1,0.33,N,2,2022,1
24,60000,RENT,0.0,PERSONAL,B,20000,11.14,1,0.33,N,2,2022,1
24,55000,RENT,2.0,VENTURE,E,20000,18.64,1,0.36,N,2,2022,1
24,62400,RENT,8.0,HOMEIMPROVEMENT,B,20000,11.12,1,0.32,N,2,2022,1
25,62400,RENT,7.0,VENTURE,B,20000,11.48,1,0.32,N,2,2022,1
26,58000,RENT,0.0,DEBTCONSOLIDATION,B,20000,10.25,1,0.34,N,2,2022,1
23,65000,RENT,0.0,MEDICAL,B,20000,10.37,1,0.31,N,2,2022,1
25,20868,OWN,0.0,VENTURE,C,5375,13.49,0,0.26,Y,2,2022,0
21,21000,MORTGAGE,5.0,DEBTCONSOLIDATION,D,3500,17.27,1,0.17,Y,2,2022,1
26,65004,RENT,7.0,DEBTCONSOLIDATION,B,20000,11.99,1,0.31,N,2,2022,1
25,59004,RENT,1.0,PERSONAL,D,20000,14.84,1,0.34,Y,2,2022,1
23,59004,RENT,5.0,DEBTCONSOLIDATION,B,20000,10.83,1,0.34,N,2,2022,1
23,65500,RENT,2.0,DEBTCONSOLIDATION,C,20000,13.22,1,0.31,N,2,2022,1
22,66996,RENT,3.0,EDUCATION,B,20000,12.18,0,0.3,N,2,2022,0
23,67000,RENT,0.0,MEDICAL,B,20000,11.11,0,0.3,N,2,2022,0
24,67000,RENT,5.0,HOMEIMPROVEMENT,C,20000,13.48,0,0.3,Y,2,2022,0
23,69500,RENT,3.0,VENTURE,E,20000,17.74,0,0.29,Y,2,2022,0
25,70000,RENT,5.0,HOMEIMPROVEMENT,B,20000,9.99,0,0.29,N,2,2022,0
25,71004,RENT,9.0,PERSONAL,D,20000,14.09,0,0.28,N,2,2022,0
24,72000,RENT,5.0,MEDICAL,B,20000,11.83,0,0.28,N,2,2022,0
24,21000,OTHER,4.0,PERSONAL,B,6000,12.21,0,0.29,N,2,2022,0
22,66000,RENT,3.0,DEBTCONSOLIDATION,D,20000,14.42,1,0.3,N,2,2022,1
21,21216,MORTGAGE,5.0,HOMEIMPROVEMENT,D,4500,,1,0.21,Y,2,2022,1
22,75000,RENT,2.0,VENTURE,C,20000,,0,0.27,N,2,2022,0
26,71004,RENT,0.0,HOMEIMPROVEMENT,D,20000,13.36,1,0.28,Y,2,2022,1
24,21600,MORTGAGE,8.0,MEDICAL,A,8000,5.42,0,0.37,N,2,2022,0
22,21600,MORTGAGE,,PERSONAL,C,4000,12.99,0,0.19,N,2,2022,0
22,21600,MORTGAGE,6.0,VENTURE,C,1400,,0,0.06,N,2,2022,0
23,61200,RENT,4.0,MEDICAL,B,20000,11.14,1,0.28,N,2,2022,1
21,21600,MORTGAGE,2.0,DEBTCONSOLIDATION,A,3800,5.99,0,0.18,N,2,2022,0
23,80700,RENT,7.0,MEDICAL,B,20000,11.71,0,0.25,N,2,2022,0
24,21600,MORTGAGE,0.0,DEBTCONSOLIDATION,D,2000,14.84,1,0.09,N,2,2022,1
22,82000,RENT,6.0,EDUCATION,C,20000,,0,0.24,Y,2,2022,0
26,21600,OWN,,VENTURE,A,3000,6.76,0,0.14,N,2,2022,0
25,84000,RENT,9.0,EDUCATION,C,20000,13.92,0,0.24,N,2,2022,0
23,21600,OWN,0.0,EDUCATION,B,4400,12.53,0,0.2,N,2,2022,0
21,21600,MORTGAGE,2.0,DEBTCONSOLIDATION,B,10000,11.14,0,0.46,N,2,2022,0
24,78996,RENT,2.0,HOMEIMPROVEMENT,D,20000,14.11,1,0.25,N,2,2022,1
23,85000,RENT,0.0,MEDICAL,A,20000,7.49,0,0.24,N,2,2022,0
26,73000,RENT,3.0,PERSONAL,B,20000,12.53,1,0.27,N,2,2022,1
25,85000,RENT,4.0,HOMEIMPROVEMENT,B,20000,,0,0.24,N,2,2022,0
24,21948,MORTGAGE,2.0,VENTURE,D,4000,,0,0.18,N,2,2022,0
23,78000,RENT,0.0,HOMEIMPROVEMENT,F,20000,18.25,1,0.26,Y,2,2022,1
22,22000,MORTGAGE,6.0,EDUCATION,B,7000,11.71,0,0.32,N,2,2022,0
22,92000,RENT,6.0,VENTURE,F,20000,15.65,0,0.22,Y,2,2022,0
25,22000,MORTGAGE,9.0,EDUCATION,A,5875,6.62,1,0.27,N,2,2022,1
25,92407,RENT,9.0,MEDICAL,B,20000,9.25,0,0.22,N,2,2022,0
23,22000,MORTGAGE,5.0,DEBTCONSOLIDATION,A,1550,7.49,1,0.07,N,2,2022,1
22,94500,RENT,2.0,PERSONAL,B,20000,,0,0.21,N,2,2022,0
23,83000,RENT,7.0,DEBTCONSOLIDATION,C,20000,,1,0.24,N,2,2022,1
23,95000,RENT,2.0,EDUCATION,B,20000,10.99,0,0.21,N,2,2022,0
21,22000,OWN,5.0,VENTURE,A,7350,7.66,0,0.33,N,2,2022,0
22,22000,MORTGAGE,6.0,PERSONAL,A,7200,7.14,0,0.33,N,2,2022,0
24,22000,OWN,1.0,DEBTCONSOLIDATION,D,3000,16.0,0,0.14,Y,2,2022,0
26,22000,OWN,6.0,VENTURE,B,7500,10.96,0,0.34,N,2,2022,0
25,100000,RENT,9.0,HOMEIMPROVEMENT,C,20000,13.06,0,0.2,N,2,2022,0
25,100000,RENT,9.0,HOMEIMPROVEMENT,C,20000,13.06,0,0.2,Y,2,2022,0
23,74800,RENT,1.0,MEDICAL,E,20000,17.04,1,0.23,Y,2,2022,1
26,104000,RENT,0.0,DEBTCONSOLIDATION,B,20000,10.74,0,0.19,N,2,2022,0
23,95000,RENT,0.0,DEBTCONSOLIDATION,D,20000,14.59,1,0.21,Y,2,2022,1
23,110000,RENT,2.0,VENTURE,B,20000,,0,0.18,N,2,2022,0
23,22800,MORTGAGE,2.0,PERSONAL,A,3000,8.9,1,0.13,N,2,2022,1
25,85000,RENT,7.0,MEDICAL,E,20000,17.39,1,0.2,N,2,2022,1
23,22800,MORTGAGE,3.0,PERSONAL,A,4800,5.79,0,0.21,N,2,2022,0
22,22800,MORTGAGE,,PERSONAL,C,8300,12.61,1,0.36,Y,2,2022,1
22,22800,MORTGAGE,0.0,EDUCATION,A,3000,8.94,0,0.13,N,2,2022,0
25,130000,RENT,0.0,PERSONAL,C,20000,15.27,0,0.15,N,2,2022,0
23,22884,MORTGAGE,4.0,EDUCATION,E,6000,16.0,0,0.26,N,2,2022,0
24,133000,RENT,3.0,EDUCATION,D,20000,12.36,0,0.15,Y,2,2022,0
26,172500,RENT,3.0,HOMEIMPROVEMENT,B,20000,11.83,0,0.12,N,2,2022,0
25,175000,RENT,3.0,DEBTCONSOLIDATION,C,20000,14.72,0,0.11,Y,2,2022,0
25,23000,MORTGAGE,,HOMEIMPROVEMENT,A,4400,6.76,0,0.19,N,2,2022,0
26,19500,RENT,0.0,MEDICAL,C,500,11.41,0,0.03,N,2,2022,0
25,23000,MORTGAGE,4.0,PERSONAL,C,10000,,1,0.43,Y,2,2022,1
21,19000,RENT,0.0,EDUCATION,C,700,12.29,0,0.04,N,2,2022,0
23,10000,RENT,,PERSONAL,B,1000,10.37,1,0.1,N,2,2022,1
23,10500,RENT,,MEDICAL,B,1000,10.25,1,0.1,N,2,2022,1
25,12000,RENT,0.0,EDUCATION,B,1000,10.65,0,0.08,N,2,2022,0
21,12000,RENT,1.0,EDUCATION,C,1000,13.98,0,0.08,N,2,2022,0
21,23040,OWN,0.0,EDUCATION,A,15000,8.94,0,0.65,N,2,2022,0
23,39600,RENT,5.0,EDUCATION,B,19000,10.62,1,0.48,N,2,2022,1
25,47000,RENT,4.0,MEDICAL,B,19000,11.99,1,0.4,N,2,2022,1
23,54586,RENT,5.0,PERSONAL,B,19000,11.14,1,0.35,N,2,2022,1
26,62004,RENT,5.0,MEDICAL,A,19000,7.49,1,0.31,N,2,2022,1
23,78000,RENT,2.0,VENTURE,A,19000,8.9,0,0.24,N,2,2022,0
25,23920,MORTGAGE,0.0,MEDICAL,D,6000,14.59,1,0.25,Y,2,2022,1
22,23964,OWN,,VENTURE,B,2500,9.91,0,0.1,N,2,2022,0
26,96000,RENT,6.0,PERSONAL,C,19000,13.22,0,0.2,Y,2,2022,0
24,105000,RENT,2.0,HOMEIMPROVEMENT,C,19000,12.29,0,0.18,Y,2,2022,0
26,55000,RENT,7.0,DEBTCONSOLIDATION,A,18800,6.99,1,0.34,N,2,2022,1
22,70000,RENT,2.0,DEBTCONSOLIDATION,B,18750,10.38,0,0.27,N,2,2022,0
24,34300,RENT,4.0,MEDICAL,B,18500,10.71,1,0.54,N,2,2022,1
24,73000,RENT,0.0,HOMEIMPROVEMENT,A,18500,7.9,1,0.25,N,2,2022,1
22,24000,OWN,5.0,MEDICAL,B,8000,9.91,0,0.33,N,2,2022,0
24,78000,RENT,1.0,VENTURE,F,18500,15.33,1,0.24,N,2,2022,1
22,24000,MORTGAGE,5.0,EDUCATION,A,5000,7.9,0,0.21,N,2,2022,0
22,48888,RENT,1.0,PERSONAL,C,18400,13.16,1,0.38,N,2,2022,1
22,50000,RENT,2.0,DEBTCONSOLIDATION,B,18400,9.99,1,0.37,N,2,2022,1
23,120000,RENT,7.0,PERSONAL,A,18400,8.9,0,0.15,N,2,2022,0
22,36996,RENT,2.0,PERSONAL,D,18250,14.61,1,0.49,Y,2,2022,1
23,46000,RENT,6.0,PERSONAL,B,18250,10.75,1,0.4,N,2,2022,1
25,55044,RENT,4.0,VENTURE,E,18250,17.56,1,0.33,N,2,2022,1
23,50000,RENT,4.0,VENTURE,B,18225,10.74,1,0.36,N,2,2022,1
24,55000,RENT,4.0,EDUCATION,B,18200,10.99,1,0.33,N,2,2022,1
23,24000,OWN,2.0,EDUCATION,D,8000,15.62,0,0.33,N,2,2022,0
25,42000,RENT,3.0,VENTURE,A,18000,6.17,1,0.43,N,2,2022,1
24,24000,OWN,1.0,EDUCATION,A,2400,7.49,0,0.1,N,2,2022,0
24,42765,RENT,9.0,DEBTCONSOLIDATION,C,18000,11.03,1,0.42,Y,2,2022,1
24,43000,RENT,9.0,MEDICAL,A,18000,7.9,1,0.42,N,2,2022,1
24,44000,RENT,6.0,VENTURE,B,18000,12.18,1,0.41,N,2,2022,1
22,46800,RENT,6.0,MEDICAL,C,18000,15.23,1,0.38,Y,2,2022,1
22,48000,RENT,5.0,EDUCATION,B,18000,,1,0.38,N,2,2022,1
24,43400,RENT,2.0,DEBTCONSOLIDATION,E,18000,16.63,1,0.41,Y,2,2022,1
23,24000,MORTGAGE,2.0,MEDICAL,D,5000,15.99,1,0.21,Y,2,2022,1
22,50000,RENT,6.0,VENTURE,C,18000,13.79,1,0.36,N,2,2022,1
22,24000,OWN,3.0,EDUCATION,B,2500,10.59,0,0.1,N,2,2022,0
25,52526,RENT,9.0,VENTURE,B,18000,12.21,1,0.34,N,2,2022,1
24,48000,RENT,5.0,PERSONAL,A,18000,6.54,1,0.38,N,2,2022,1
25,55000,RENT,2.0,EDUCATION,C,18000,12.84,1,0.33,N,2,2022,1
21,50000,RENT,2.0,EDUCATION,D,18000,14.74,1,0.36,N,2,2022,1
21,52240,RENT,5.0,MEDICAL,E,18000,19.69,1,0.34,N,2,2022,1
25,61500,RENT,1.0,EDUCATION,C,18000,13.23,0,0.29,Y,2,2022,0
26,60000,RENT,2.0,HOMEIMPROVEMENT,D,18000,16.29,1,0.3,Y,2,2022,1
21,68000,RENT,4.0,EDUCATION,B,18000,10.65,0,0.26,N,2,2022,0
24,70000,RENT,1.0,HOMEIMPROVEMENT,B,18000,9.88,0,0.26,N,2,2022,0
25,54400,RENT,10.0,MEDICAL,E,18000,16.0,1,0.28,Y,2,2022,1
25,70200,RENT,9.0,EDUCATION,E,18000,16.45,0,0.26,N,2,2022,0
26,71820,RENT,10.0,DEBTCONSOLIDATION,B,18000,11.83,0,0.25,N,2,2022,0
24,72000,RENT,4.0,VENTURE,A,18000,7.88,0,0.25,N,2,2022,0
24,24000,OWN,3.0,EDUCATION,C,3000,13.98,0,0.13,N,2,2022,0
23,73500,RENT,7.0,EDUCATION,A,18000,,0,0.24,N,2,2022,0
25,24000,MORTGAGE,2.0,PERSONAL,D,3500,15.58,1,0.15,Y,2,2022,1
21,24000,OWN,2.0,MEDICAL,B,7000,11.86,0,0.29,N,2,2022,0
26,78000,RENT,6.0,EDUCATION,C,18000,13.49,0,0.23,N,2,2022,0
21,80000,RENT,6.0,VENTURE,A,18000,7.9,0,0.23,N,2,2022,0
23,81000,RENT,7.0,MEDICAL,C,18000,13.98,0,0.22,N,2,2022,0
23,82000,RENT,7.0,MEDICAL,A,18000,,0,0.22,N,2,2022,0
24,24000,MORTGAGE,4.0,EDUCATION,D,8500,15.7,0,0.35,N,2,2022,0
22,82570,RENT,6.0,VENTURE,C,18000,15.27,0,0.22,N,2,2022,0
22,24000,MORTGAGE,6.0,MEDICAL,A,2500,7.14,0,0.1,N,2,2022,0
26,86000,RENT,10.0,VENTURE,A,18000,8.49,0,0.21,N,2,2022,0
23,87000,RENT,2.0,EDUCATION,B,18000,11.89,0,0.21,N,2,2022,0
26,130000,RENT,2.0,PERSONAL,A,17950,,0,0.14,N,2,2022,0
23,24000,OWN,1.0,EDUCATION,B,1500,12.21,0,0.06,N,2,2022,0
22,65000,RENT,6.0,DEBTCONSOLIDATION,B,17700,11.49,0,0.27,N,2,2022,0
25,59256,RENT,,MEDICAL,C,17600,12.99,0,0.3,N,2,2022,0
22,65500,RENT,4.0,EDUCATION,B,17600,10.74,0,0.27,N,2,2022,0
24,70000,RENT,1.0,HOMEIMPROVEMENT,B,17600,10.62,0,0.25,N,2,2022,0
21,24000,MORTGAGE,2.0,EDUCATION,B,5000,8.7,0,0.21,N,2,2022,0
23,24091,MORTGAGE,5.0,PERSONAL,C,3500,12.99,0,0.15,Y,2,2022,0
21,37232,RENT,3.0,MEDICAL,B,17500,12.53,1,0.47,N,2,2022,1
22,49176,RENT,7.0,MEDICAL,C,17500,13.85,1,0.36,N,2,2022,1
23,53352,RENT,3.0,VENTURE,A,17500,6.54,1,0.33,N,2,2022,1
26,75000,RENT,4.0,PERSONAL,A,17500,7.9,0,0.23,N,2,2022,0
22,24900,MORTGAGE,1.0,MEDICAL,C,5500,13.16,1,0.22,N,2,2022,1
25,95950,RENT,2.0,HOMEIMPROVEMENT,B,17500,11.71,0,0.18,N,2,2022,0
23,40000,RENT,2.0,EDUCATION,B,17475,9.91,1,0.44,N,2,2022,1
21,45408,RENT,3.0,DEBTCONSOLIDATION,B,17475,9.91,1,0.38,N,2,2022,1
23,24996,MORTGAGE,4.0,EDUCATION,B,5000,12.69,0,0.2,N,2,2022,0
24,96000,RENT,1.0,DEBTCONSOLIDATION,B,17400,10.37,0,0.18,N,2,2022,0
23,35000,RENT,6.0,EDUCATION,B,17000,10.37,1,0.49,N,2,2022,1
26,29400,RENT,1.0,HOMEIMPROVEMENT,C,17000,12.99,1,0.58,Y,2,2022,1
21,24996,OWN,3.0,EDUCATION,D,7000,15.58,0,0.28,N,2,2022,0
24,45792,RENT,3.0,DEBTCONSOLIDATION,B,17000,10.38,1,0.37,N,2,2022,1
23,24996,OWN,1.0,PERSONAL,D,4575,,0,0.18,Y,2,2022,0
23,24996,OWN,1.0,EDUCATION,B,8000,11.26,0,0.32,N,2,2022,0
24,45000,RENT,,EDUCATION,D,17000,14.96,1,0.38,Y,2,2022,1
25,52000,RENT,9.0,MEDICAL,C,17000,12.98,1,0.33,Y,2,2022,1
26,25000,OWN,0.0,VENTURE,C,7400,,0,0.3,N,2,2022,0
22,25000,OWN,1.0,MEDICAL,C,2400,14.27,0,0.1,Y,2,2022,0
23,60000,RENT,3.0,PERSONAL,B,17000,11.11,0,0.28,N,2,2022,0
25,60000,RENT,3.0,PERSONAL,A,17000,6.91,0,0.28,N,2,2022,0
26,65000,RENT,0.0,VENTURE,C,17000,13.47,0,0.26,N,2,2022,0
24,75000,RENT,0.0,DEBTCONSOLIDATION,B,17000,12.53,0,0.23,N,2,2022,0
23,85500,RENT,1.0,EDUCATION,C,17000,13.11,0,0.2,Y,2,2022,0
22,96000,RENT,6.0,PERSONAL,B,17000,11.48,0,0.18,N,2,2022,0
26,25000,MORTGAGE,10.0,MEDICAL,A,7000,6.99,0,0.28,N,2,2022,0
23,25000,OWN,5.0,MEDICAL,A,7200,8.49,0,0.29,N,2,2022,0
22,25000,MORTGAGE,4.0,EDUCATION,A,1800,8.49,0,0.07,N,2,2022,0
24,60000,RENT,8.0,EDUCATION,A,16800,6.54,0,0.28,N,2,2022,0
23,60000,RENT,0.0,MEDICAL,C,16800,13.85,0,0.28,Y,2,2022,0
22,58650,RENT,6.0,MEDICAL,D,16800,16.77,1,0.24,N,2,2022,1
24,25000,MORTGAGE,1.0,MEDICAL,B,4000,11.11,0,0.16,N,2,2022,0
24,54000,RENT,0.0,PERSONAL,G,16750,20.11,1,0.31,Y,2,2022,1
26,70000,RENT,9.0,MEDICAL,C,16525,13.92,0,0.24,Y,2,2022,0
22,40428,RENT,4.0,MEDICAL,B,16500,10.75,1,0.41,N,2,2022,1
25,25000,OWN,3.0,EDUCATION,A,3000,6.76,0,0.12,N,2,2022,0
24,45000,RENT,1.0,PERSONAL,C,16425,13.49,1,0.36,Y,2,2022,1
23,30000,RENT,1.0,EDUCATION,C,16000,13.23,1,0.53,N,2,2022,1
22,33000,RENT,1.0,VENTURE,B,16000,10.99,1,0.48,N,2,2022,1
23,25000,MORTGAGE,0.0,PERSONAL,C,4750,13.57,0,0.19,N,2,2022,0
22,36900,RENT,5.0,VENTURE,A,16000,7.9,1,0.43,N,2,2022,1
24,39996,RENT,1.0,MEDICAL,B,16000,10.71,1,0.4,N,2,2022,1
22,25000,OWN,1.0,VENTURE,B,6000,11.89,0,0.24,N,2,2022,0
23,40000,RENT,3.0,EDUCATION,C,16000,12.99,1,0.4,Y,2,2022,1
21,41900,RENT,2.0,VENTURE,C,16000,12.84,1,0.38,Y,2,2022,1
23,25000,MORTGAGE,4.0,MEDICAL,A,5000,9.32,0,0.2,N,2,2022,0
25,43000,RENT,3.0,VENTURE,B,16000,11.49,1,0.37,N,2,2022,1
25,25000,OWN,7.0,MEDICAL,B,1525,10.95,0,0.06,N,2,2022,0
24,25000,MORTGAGE,3.0,DEBTCONSOLIDATION,A,7000,9.32,0,0.28,N,2,2022,0
24,44000,RENT,8.0,MEDICAL,A,16000,7.49,1,0.36,N,2,2022,1
26,25000,MORTGAGE,1.0,VENTURE,C,12000,12.09,1,0.48,N,2,2022,1
24,25000,MORTGAGE,2.0,DEBTCONSOLIDATION,A,10000,8.0,0,0.4,N,2,2022,0
24,39000,RENT,2.0,HOMEIMPROVEMENT,C,16000,13.06,1,0.41,N,2,2022,1
22,25062,OWN,4.0,DEBTCONSOLIDATION,D,4000,16.49,0,0.16,Y,2,2022,0
26,25104,OWN,0.0,DEBTCONSOLIDATION,D,5400,16.49,0,0.22,N,2,2022,0
25,39000,RENT,9.0,MEDICAL,D,16000,14.11,1,0.41,Y,2,2022,1
24,25200,OWN,1.0,MEDICAL,C,3200,15.23,0,0.13,Y,2,2022,0
24,50000,RENT,6.0,HOMEIMPROVEMENT,C,16000,13.99,1,0.32,Y,2,2022,1
24,50000,RENT,8.0,VENTURE,B,16000,10.62,1,0.32,N,2,2022,1
22,25200,MORTGAGE,7.0,MEDICAL,C,4000,12.73,1,0.16,N,2,2022,1
21,55000,RENT,5.0,DEBTCONSOLIDATION,A,16000,8.94,0,0.29,N,2,2022,0
21,25200,MORTGAGE,0.0,PERSONAL,C,6500,14.26,1,0.26,Y,2,2022,1
25,58000,RENT,9.0,PERSONAL,A,16000,,0,0.28,N,2,2022,0
26,60000,RENT,10.0,DEBTCONSOLIDATION,A,16000,7.49,0,0.27,N,2,2022,0
26,54000,RENT,2.0,VENTURE,D,16000,14.83,1,0.3,N,2,2022,1
22,61000,RENT,3.0,VENTURE,C,16000,,0,0.26,Y,2,2022,0
23,62000,RENT,7.0,VENTURE,A,16000,7.49,0,0.26,N,2,2022,0
22,25500,MORTGAGE,0.0,VENTURE,A,7000,6.99,0,0.27,N,2,2022,0
25,25568,MORTGAGE,7.0,EDUCATION,C,12000,13.47,1,0.47,Y,2,2022,1
24,58575,RENT,2.0,MEDICAL,F,16000,19.47,1,0.27,N,2,2022,1
22,25788,OWN,2.0,VENTURE,B,3500,12.18,0,0.14,N,2,2022,0
24,59000,RENT,2.0,MEDICAL,E,16000,16.45,1,0.27,N,2,2022,1
23,62500,RENT,4.0,DEBTCONSOLIDATION,D,16000,14.54,1,0.26,N,2,2022,1
25,26000,MORTGAGE,3.0,EDUCATION,B,3825,11.71,0,0.15,N,2,2022,0
24,72000,RENT,8.0,PERSONAL,C,16000,13.06,0,0.22,Y,2,2022,0
26,75000,RENT,1.0,VENTURE,B,16000,,0,0.21,N,2,2022,0
26,75000,RENT,2.0,PERSONAL,C,16000,13.35,0,0.21,Y,2,2022,0
23,26000,MORTGAGE,7.0,MEDICAL,A,5000,7.91,0,0.19,N,2,2022,0
21,20000,RENT,2.0,DEBTCONSOLIDATION,C,1000,14.26,0,0.05,Y,2,2022,0
23,26000,OWN,7.0,PERSONAL,B,2000,10.36,0,0.08,N,2,2022,0
22,26000,MORTGAGE,4.0,PERSONAL,B,4000,9.25,0,0.15,N,2,2022,0
21,26000,OWN,5.0,EDUCATION,A,6000,5.79,0,0.23,N,2,2022,0
25,23712,RENT,9.0,MEDICAL,B,1000,11.49,0,0.04,N,2,2022,0
21,24000,RENT,0.0,MEDICAL,B,1000,10.99,1,0.04,N,2,2022,1
22,25000,RENT,3.0,DEBTCONSOLIDATION,D,1000,15.95,1,0.04,N,2,2022,1
21,26000,MORTGAGE,5.0,MEDICAL,D,14500,14.61,1,0.56,Y,2,2022,1
24,26000,MORTGAGE,8.0,MEDICAL,A,7000,7.74,0,0.27,N,2,2022,0
22,26000,MORTGAGE,2.0,EDUCATION,A,2000,7.4,0,0.08,N,2,2022,0
24,30000,RENT,0.0,EDUCATION,A,1000,7.51,0,0.03,N,2,2022,0
25,26004,MORTGAGE,3.0,EDUCATION,B,10000,9.91,0,0.38,N,2,2022,0
25,30035,RENT,9.0,MEDICAL,C,1000,12.87,0,0.03,Y,2,2022,0
26,26004,MORTGAGE,5.0,HOMEIMPROVEMENT,B,6000,11.99,0,0.23,N,2,2022,0
22,26004,MORTGAGE,4.0,EDUCATION,A,5000,7.49,0,0.19,N,2,2022,0
21,33388,RENT,3.0,EDUCATION,B,1000,10.99,0,0.03,N,2,2022,0
21,26004,OWN,5.0,VENTURE,A,7500,,0,0.29,N,2,2022,0
23,33600,RENT,2.0,PERSONAL,B,1000,10.36,0,0.03,N,2,2022,0
25,33600,RENT,5.0,DEBTCONSOLIDATION,B,1000,11.86,0,0.03,N,2,2022,0
22,35100,RENT,0.0,DEBTCONSOLIDATION,C,1000,13.98,0,0.03,N,2,2022,0
23,36000,RENT,3.0,EDUCATION,B,1000,10.99,0,0.03,N,2,2022,0
22,26400,MORTGAGE,,HOMEIMPROVEMENT,A,1550,,1,0.06,N,2,2022,1
25,33600,RENT,0.0,EDUCATION,D,1000,15.57,1,0.03,Y,2,2022,1
23,40000,RENT,2.0,EDUCATION,A,1000,6.03,0,0.03,N,2,2022,0
22,26400,MORTGAGE,,PERSONAL,B,1000,,1,0.04,N,2,2022,1
21,34500,RENT,4.0,DEBTCONSOLIDATION,E,1000,16.45,1,0.03,N,2,2022,1
22,40800,RENT,6.0,VENTURE,A,1000,6.91,0,0.02,N,2,2022,0
24,42000,RENT,2.0,VENTURE,C,1000,13.16,0,0.02,N,2,2022,0
23,45000,RENT,0.0,EDUCATION,C,1000,14.26,0,0.02,Y,2,2022,0
25,40800,RENT,,DEBTCONSOLIDATION,D,1000,15.57,1,0.02,N,2,2022,1
22,48000,RENT,0.0,EDUCATION,A,1000,7.29,0,0.02,N,2,2022,0
23,51000,RENT,0.0,DEBTCONSOLIDATION,A,1000,7.14,0,0.02,N,2,2022,0
22,56000,RENT,6.0,EDUCATION,B,1000,11.49,0,0.02,N,2,2022,0
24,70399,RENT,0.0,DEBTCONSOLIDATION,A,1000,8.59,0,0.01,N,2,2022,0
25,35000,RENT,,DEBTCONSOLIDATION,A,1100,6.76,0,0.03,N,2,2022,0
23,77000,RENT,3.0,VENTURE,B,1150,10.95,0,0.01,N,2,2022,0
24,26650,MORTGAGE,6.0,MEDICAL,B,1000,12.53,0,0.04,N,2,2022,0
24,13000,RENT,1.0,MEDICAL,B,1200,11.89,0,0.09,N,2,2022,0
22,14400,RENT,0.0,PERSONAL,B,1200,10.37,0,0.08,N,2,2022,0
25,16800,RENT,4.0,MEDICAL,B,1200,10.38,0,0.07,N,2,2022,0
21,27000,MORTGAGE,3.0,MEDICAL,C,9600,13.49,0,0.36,Y,2,2022,0
23,27000,OWN,4.0,VENTURE,A,6400,7.9,0,0.24,N,2,2022,0
23,20400,RENT,2.0,MEDICAL,A,1200,7.9,0,0.06,N,2,2022,0
22,21600,RENT,0.0,MEDICAL,A,1200,5.99,0,0.06,N,2,2022,0
22,27000,OWN,1.0,MEDICAL,B,4800,11.99,0,0.18,N,2,2022,0
22,27600,RENT,5.0,VENTURE,C,1200,13.06,0,0.04,N,2,2022,0
23,31500,RENT,7.0,EDUCATION,B,1200,8.88,0,0.04,N,2,2022,0
24,32400,RENT,0.0,MEDICAL,C,1200,13.11,0,0.04,Y,2,2022,0
23,27000,MORTGAGE,,EDUCATION,B,4000,9.62,0,0.15,N,2,2022,0
23,33000,RENT,3.0,EDUCATION,A,1200,8.32,0,0.04,N,2,2022,0
26,27000,MORTGAGE,2.0,PERSONAL,D,3025,15.95,0,0.11,N,2,2022,0
24,36000,RENT,5.0,EDUCATION,B,1200,11.49,0,0.03,N,2,2022,0
25,43000,RENT,9.0,MEDICAL,A,1200,8.49,0,0.03,N,2,2022,0
24,27000,MORTGAGE,7.0,EDUCATION,B,10000,,0,0.37,N,2,2022,0
23,39000,RENT,2.0,DEBTCONSOLIDATION,D,1200,15.95,1,0.03,N,2,2022,1
24,27000,MORTGAGE,1.0,DEBTCONSOLIDATION,B,7500,10.39,0,0.28,N,2,2022,0
22,100000,RENT,3.0,MEDICAL,A,1200,8.59,0,0.01,N,2,2022,0
24,9600,RENT,3.0,EDUCATION,C,1300,12.73,1,0.14,N,2,2022,1
22,54000,RENT,4.0,DEBTCONSOLIDATION,C,1300,14.27,1,0.02,Y,2,2022,1
25,27048,OTHER,9.0,MEDICAL,D,8000,15.05,1,0.3,Y,2,2022,1
25,24000,RENT,0.0,EDUCATION,C,1325,13.49,1,0.06,Y,2,2022,1
26,27138,MORTGAGE,10.0,DEBTCONSOLIDATION,B,2750,9.63,0,0.1,N,2,2022,0
21,23004,RENT,5.0,VENTURE,B,1350,9.99,0,0.06,N,2,2022,0
25,42000,RENT,0.0,DEBTCONSOLIDATION,A,1350,5.42,0,0.03,N,2,2022,0
22,27302,MORTGAGE,6.0,MEDICAL,B,3725,12.69,0,0.14,N,2,2022,0
25,30000,RENT,4.0,MEDICAL,C,1400,13.11,0,0.05,N,2,2022,0
24,27600,MORTGAGE,1.0,PERSONAL,C,2000,14.27,0,0.07,Y,2,2022,0
24,27600,MORTGAGE,5.0,MEDICAL,D,6000,15.62,1,0.22,Y,2,2022,1
22,27040,RENT,0.0,DEBTCONSOLIDATION,C,1500,12.73,0,0.06,N,2,2022,0
24,27600,OWN,2.0,MEDICAL,D,10000,,0,0.36,N,2,2022,0
21,30000,RENT,0.0,DEBTCONSOLIDATION,C,1500,13.92,0,0.05,N,2,2022,0
25,31200,RENT,9.0,VENTURE,B,1500,11.12,0,0.05,N,2,2022,0
23,27996,OWN,1.0,PERSONAL,D,4800,15.99,0,0.17,Y,2,2022,0
22,27996,OWN,5.0,MEDICAL,A,5000,5.79,0,0.18,N,2,2022,0
23,27996,OWN,2.0,MEDICAL,B,9250,10.75,0,0.33,N,2,2022,0
22,27996,MORTGAGE,4.0,MEDICAL,D,3250,15.21,1,0.12,N,2,2022,1
22,27996,MORTGAGE,4.0,MEDICAL,B,5500,10.38,0,0.2,N,2,2022,0
21,35000,RENT,3.0,EDUCATION,A,1500,5.79,0,0.04,N,2,2022,0
23,29004,RENT,7.0,DEBTCONSOLIDATION,D,1500,14.59,1,0.05,Y,2,2022,1
24,36000,RENT,2.0,EDUCATION,C,1500,15.23,0,0.04,N,2,2022,0
22,28000,OWN,1.0,VENTURE,A,12300,6.62,0,0.44,N,2,2022,0
24,30996,RENT,0.0,HOMEIMPROVEMENT,D,1500,15.99,1,0.05,Y,2,2022,1
22,38000,RENT,2.0,EDUCATION,C,1500,13.22,0,0.04,Y,2,2022,0
23,28000,MORTGAGE,7.0,DEBTCONSOLIDATION,D,9500,15.62,1,0.34,N,2,2022,1
23,28000,MORTGAGE,5.0,MEDICAL,A,2500,5.99,0,0.09,N,2,2022,0
23,40000,RENT,7.0,VENTURE,C,1500,13.99,0,0.04,Y,2,2022,0
24,34000,RENT,3.0,DEBTCONSOLIDATION,A,1500,8.94,1,0.04,N,2,2022,1
23,40000,RENT,0.0,VENTURE,C,1500,11.78,0,0.04,N,2,2022,0
26,28000,MORTGAGE,8.0,PERSONAL,A,4500,,1,0.16,N,2,2022,1
23,28000,MORTGAGE,2.0,VENTURE,B,8400,10.99,0,0.3,N,2,2022,0
23,42000,RENT,3.0,DEBTCONSOLIDATION,B,1500,10.71,0,0.04,N,2,2022,0
23,44400,RENT,0.0,EDUCATION,B,1500,11.63,0,0.03,N,2,2022,0
22,28000,MORTGAGE,5.0,EDUCATION,A,8500,6.17,0,0.3,N,2,2022,0
23,28000,MORTGAGE,4.0,HOMEIMPROVEMENT,D,5225,14.84,1,0.19,N,2,2022,1
24,48720,RENT,2.0,MEDICAL,C,1500,14.35,0,0.03,Y,2,2022,0
24,50000,RENT,1.0,DEBTCONSOLIDATION,C,1500,14.26,0,0.03,N,2,2022,0
24,51600,RENT,,HOMEIMPROVEMENT,C,1500,12.61,0,0.03,Y,2,2022,0
22,28000,MORTGAGE,1.0,DEBTCONSOLIDATION,B,10750,11.14,0,0.38,N,2,2022,0
24,54000,RENT,8.0,MEDICAL,C,1500,14.17,0,0.03,Y,2,2022,0
25,28000,MORTGAGE,3.0,EDUCATION,A,5000,8.0,0,0.18,N,2,2022,0
25,28000,MORTGAGE,9.0,MEDICAL,A,4000,7.68,0,0.14,N,2,2022,0
22,58000,RENT,6.0,EDUCATION,A,1500,5.42,0,0.03,N,2,2022,0
22,60000,RENT,6.0,MEDICAL,C,1500,13.57,0,0.03,Y,2,2022,0
26,96000,RENT,4.0,PERSONAL,D,1500,,0,0.02,Y,2,2022,0
23,10008,RENT,,DEBTCONSOLIDATION,B,1600,10.36,1,0.16,N,2,2022,1
21,12000,RENT,3.0,EDUCATION,B,1600,10.59,1,0.13,N,2,2022,1
21,15360,RENT,0.0,EDUCATION,B,1600,12.69,0,0.1,N,2,2022,0
23,22800,RENT,0.0,PERSONAL,C,1600,13.06,0,0.07,N,2,2022,0
23,28800,RENT,1.0,PERSONAL,D,1675,15.21,1,0.06,Y,2,2022,1
23,28644,MORTGAGE,2.0,EDUCATION,B,10000,10.75,0,0.35,N,2,2022,0
23,45000,RENT,2.0,DEBTCONSOLIDATION,C,1700,14.72,0,0.04,N,2,2022,0
21,28692,MORTGAGE,5.0,EDUCATION,B,3000,10.75,0,0.1,N,2,2022,0
21,9600,RENT,0.0,EDUCATION,A,1750,8.94,1,0.18,N,2,2022,1
26,28800,MORTGAGE,2.0,VENTURE,A,5150,6.62,0,0.18,N,2,2022,0
23,22800,RENT,3.0,PERSONAL,D,1750,15.7,1,0.08,Y,2,2022,1
26,96000,RENT,2.0,HOMEIMPROVEMENT,A,1750,6.54,0,0.02,N,2,2022,0
23,45000,RENT,0.0,EDUCATION,C,1775,12.72,0,0.04,Y,2,2022,0
24,28800,MORTGAGE,6.0,DEBTCONSOLIDATION,A,6075,8.49,0,0.21,N,2,2022,0
23,28800,MORTGAGE,,MEDICAL,A,10625,,0,0.37,N,2,2022,0
24,28800,OWN,,EDUCATION,A,7500,8.49,0,0.26,N,2,2022,0
22,28800,MORTGAGE,2.0,MEDICAL,A,10000,7.49,0,0.35,N,2,2022,0
24,21000,RENT,2.0,MEDICAL,B,1800,10.65,0,0.09,N,2,2022,0
26,22584,RENT,,PERSONAL,A,1800,8.49,0,0.08,N,2,2022,0
23,28800,MORTGAGE,0.0,MEDICAL,A,6000,7.49,0,0.21,N,2,2022,0
24,24000,RENT,0.0,MEDICAL,B,1800,11.26,0,0.07,N,2,2022,0
22,28800,OWN,2.0,PERSONAL,A,2000,,0,0.07,N,2,2022,0
26,45000,RENT,5.0,MEDICAL,D,1800,14.11,0,0.04,Y,2,2022,0
24,28800,OWN,8.0,VENTURE,B,6000,10.74,0,0.21,N,2,2022,0
21,48000,RENT,1.0,DEBTCONSOLIDATION,C,1800,13.35,0,0.04,Y,2,2022,0
23,50960,RENT,7.0,VENTURE,D,1800,16.02,0,0.04,N,2,2022,0
21,28800,MORTGAGE,2.0,PERSONAL,C,5500,13.23,0,0.19,Y,2,2022,0
22,58000,RENT,3.0,PERSONAL,B,1800,12.18,0,0.03,N,2,2022,0
26,75000,RENT,1.0,VENTURE,B,1800,9.25,0,0.02,N,2,2022,0
21,14400,RENT,2.0,VENTURE,D,1825,15.62,1,0.13,N,2,2022,1
22,28800,MORTGAGE,,PERSONAL,B,14500,9.88,0,0.5,N,2,2022,0
25,19200,RENT,0.0,PERSONAL,C,1825,12.68,0,0.1,Y,2,2022,0
25,28800,MORTGAGE,9.0,HOMEIMPROVEMENT,B,6250,10.25,0,0.22,N,2,2022,0
24,35000,RENT,4.0,EDUCATION,A,1850,7.12,0,0.05,N,2,2022,0
24,14400,RENT,1.0,EDUCATION,C,1875,13.49,0,0.13,Y,2,2022,0
24,32000,RENT,5.0,MEDICAL,C,1900,13.49,0,0.06,Y,2,2022,0
23,30000,RENT,0.0,PERSONAL,B,1925,12.18,0,0.06,N,2,2022,0
23,16800,RENT,0.0,DEBTCONSOLIDATION,B,1950,10.37,0,0.12,N,2,2022,0
24,28900,MORTGAGE,2.0,DEBTCONSOLIDATION,C,5500,12.98,0,0.19,Y,2,2022,0
24,28932,MORTGAGE,4.0,PERSONAL,C,10000,,0,0.35,Y,2,2022,0
24,10000,RENT,2.0,DEBTCONSOLIDATION,B,2000,10.25,1,0.2,N,2,2022,1
23,28989,MORTGAGE,0.0,EDUCATION,A,10000,8.0,0,0.34,N,2,2022,0
26,14400,RENT,4.0,PERSONAL,B,2000,10.37,0,0.14,N,2,2022,0
21,14400,RENT,0.0,DEBTCONSOLIDATION,A,2000,5.79,0,0.14,N,2,2022,0
21,15600,RENT,0.0,MEDICAL,A,2000,7.9,0,0.13,N,2,2022,0
24,17616,RENT,,VENTURE,B,2000,10.37,0,0.11,N,2,2022,0
26,18000,RENT,2.0,EDUCATION,D,2000,13.3,1,0.11,N,2,2022,1
22,19176,RENT,3.0,VENTURE,C,2000,14.22,0,0.1,Y,2,2022,0
22,19728,RENT,5.0,DEBTCONSOLIDATION,A,2000,7.49,0,0.1,N,2,2022,0
23,29004,MORTGAGE,2.0,MEDICAL,B,6000,11.99,0,0.21,N,2,2022,0
21,21600,RENT,0.0,DEBTCONSOLIDATION,B,2000,11.71,1,0.09,N,2,2022,1
22,21600,RENT,1.0,DEBTCONSOLIDATION,D,2000,16.89,1,0.09,N,2,2022,1
23,22000,RENT,1.0,VENTURE,C,2000,13.99,0,0.09,N,2,2022,0
21,23040,RENT,3.0,MEDICAL,C,2000,13.11,0,0.09,Y,2,2022,0
24,24000,RENT,,HOMEIMPROVEMENT,B,2000,12.69,1,0.08,N,2,2022,1
25,24000,RENT,4.0,MEDICAL,D,2000,16.59,0,0.08,N,2,2022,0
23,24000,RENT,0.0,EDUCATION,C,2000,14.35,0,0.08,Y,2,2022,0
24,29200,MORTGAGE,6.0,PERSONAL,A,2500,6.76,0,0.09,N,2,2022,0
24,24000,RENT,1.0,HOMEIMPROVEMENT,D,2000,14.61,1,0.08,Y,2,2022,1
24,24000,RENT,0.0,VENTURE,E,2000,16.0,1,0.08,Y,2,2022,1
21,25500,RENT,6.0,EDUCATION,C,2000,13.47,0,0.08,N,2,2022,0
22,28800,RENT,3.0,MEDICAL,A,2000,8.49,0,0.07,N,2,2022,0
26,30000,RENT,2.0,EDUCATION,B,2000,11.71,1,0.07,N,2,2022,1
25,30000,RENT,0.0,MEDICAL,B,2000,12.42,0,0.07,N,2,2022,0
23,82000,RENT,7.0,HOMEIMPROVEMENT,D,15000,18.25,1,0.18,Y,2,2022,1
22,70550,RENT,6.0,MEDICAL,D,15000,16.77,1,0.18,Y,2,2022,1
25,95000,RENT,4.0,VENTURE,B,15000,12.42,0,0.16,N,2,2022,0
23,95000,RENT,7.0,VENTURE,D,15000,15.05,0,0.16,Y,2,2022,0
22,30000,OWN,3.0,EDUCATION,C,8000,13.49,0,0.27,N,2,2022,0
23,83600,RENT,7.0,DEBTCONSOLIDATION,A,15000,8.49,1,0.18,N,2,2022,1
25,96000,RENT,2.0,EDUCATION,B,15000,8.88,0,0.16,N,2,2022,0
24,100000,RENT,4.0,MEDICAL,A,15000,7.49,0,0.15,N,2,2022,0
26,100000,RENT,5.0,EDUCATION,A,15000,6.99,0,0.15,N,2,2022,0
26,100000,RENT,0.0,DEBTCONSOLIDATION,C,15000,14.26,0,0.15,Y,2,2022,0
24,100000,RENT,1.0,VENTURE,B,15000,11.89,0,0.15,N,2,2022,0
24,100896,RENT,7.0,HOMEIMPROVEMENT,D,15000,14.42,0,0.15,N,2,2022,0
23,30000,OWN,1.0,PERSONAL,A,5000,6.62,0,0.17,N,2,2022,0
23,110000,RENT,7.0,EDUCATION,B,15000,12.18,0,0.14,N,2,2022,0
24,98000,RENT,2.0,DEBTCONSOLIDATION,E,15000,14.93,1,0.15,N,2,2022,1
25,120000,RENT,2.0,PERSONAL,A,15000,7.51,0,0.13,N,2,2022,0
23,121000,RENT,7.0,MEDICAL,B,15000,,0,0.12,N,2,2022,0
22,30000,MORTGAGE,3.0,HOMEIMPROVEMENT,C,10000,13.49,1,0.33,N,2,2022,1
23,30000,MORTGAGE,3.0,MEDICAL,E,3800,18.64,1,0.13,N,2,2022,1
22,33996,RENT,1.0,EDUCATION,D,14900,15.37,1,0.44,Y,2,2022,1
23,30000,MORTGAGE,8.0,VENTURE,A,4375,6.62,0,0.15,N,2,2022,0
25,30000,RENT,2.0,MEDICAL,B,2000,10.38,0,0.07,N,2,2022,0
24,30972,RENT,1.0,VENTURE,D,2000,16.29,1,0.06,N,2,2022,1
24,31200,RENT,3.0,PERSONAL,C,2000,14.65,0,0.06,Y,2,2022,0
22,32000,RENT,2.0,EDUCATION,B,2000,12.53,1,0.06,N,2,2022,1
24,32640,RENT,5.0,EDUCATION,B,2000,10.0,1,0.06,N,2,2022,1
23,30000,MORTGAGE,0.0,VENTURE,B,13000,,0,0.43,N,2,2022,0
24,53000,RENT,3.0,HOMEIMPROVEMENT,B,2000,10.36,0,0.04,N,2,2022,0
24,53117,RENT,1.0,PERSONAL,C,2000,13.79,0,0.04,N,2,2022,0
25,57000,RENT,8.0,MEDICAL,B,2000,11.36,0,0.04,N,2,2022,0
26,57450,RENT,4.0,MEDICAL,C,2000,13.35,0,0.03,Y,2,2022,0
22,60000,RENT,6.0,EDUCATION,B,2000,9.63,0,0.03,N,2,2022,0
22,62000,RENT,4.0,EDUCATION,C,2000,15.27,0,0.03,N,2,2022,0
26,62400,RENT,3.0,PERSONAL,B,2000,12.53,0,0.03,N,2,2022,0
26,65000,RENT,3.0,MEDICAL,A,2000,7.51,0,0.03,N,2,2022,0
23,70000,RENT,4.0,PERSONAL,A,2000,7.66,0,0.03,N,2,2022,0
23,30000,MORTGAGE,2.0,VENTURE,B,1200,9.67,0,0.04,N,2,2022,0
26,70000,RENT,3.0,EDUCATION,C,2000,12.84,0,0.03,Y,2,2022,0
22,30000,MORTGAGE,6.0,VENTURE,B,3000,11.49,0,0.1,N,2,2022,0
24,75000,RENT,2.0,MEDICAL,B,2000,9.99,0,0.03,N,2,2022,0
26,30000,MORTGAGE,5.0,HOMEIMPROVEMENT,B,2000,11.99,1,0.07,N,2,2022,1
23,100000,RENT,4.0,MEDICAL,B,2000,10.62,0,0.02,N,2,2022,0
22,25000,RENT,1.0,VENTURE,B,2050,10.59,0,0.08,N,2,2022,0
23,12000,RENT,0.0,MEDICAL,A,2100,8.94,1,0.17,N,2,2022,1
22,30000,OWN,,EDUCATION,A,12000,7.66,0,0.4,N,2,2022,0
22,24000,RENT,0.0,PERSONAL,B,2100,12.21,0,0.09,N,2,2022,0
22,30000,MORTGAGE,6.0,VENTURE,A,2000,5.42,0,0.07,N,2,2022,0
22,40000,RENT,0.0,DEBTCONSOLIDATION,A,2100,6.39,0,0.05,N,2,2022,0
22,52800,RENT,1.0,PERSONAL,A,2100,6.76,0,0.04,N,2,2022,0
22,60000,RENT,5.0,DEBTCONSOLIDATION,C,2100,14.65,0,0.04,N,2,2022,0
22,60000,RENT,5.0,VENTURE,C,2100,13.43,0,0.04,N,2,2022,0
25,30000,OWN,9.0,VENTURE,A,10000,,0,0.33,N,2,2022,0
23,87000,RENT,4.0,EDUCATION,C,2100,,0,0.02,N,2,2022,0
26,110000,RENT,0.0,DEBTCONSOLIDATION,A,2100,7.12,0,0.02,N,2,2022,0
22,28800,RENT,2.0,VENTURE,A,14000,7.9,1,0.49,N,2,2022,1
21,30000,RENT,3.0,MEDICAL,B,14000,10.65,1,0.47,N,2,2022,1
24,30000,RENT,2.0,DEBTCONSOLIDATION,A,14000,7.9,1,0.47,N,2,2022,1
22,32000,RENT,0.0,DEBTCONSOLIDATION,C,14000,13.49,1,0.44,N,2,2022,1
24,32500,RENT,4.0,MEDICAL,C,14000,14.17,1,0.43,N,2,2022,1
24,30000,MORTGAGE,,HOMEIMPROVEMENT,A,8000,6.17,0,0.27,N,2,2022,0
22,37000,RENT,6.0,PERSONAL,A,14000,6.92,1,0.38,N,2,2022,1
21,37947,RENT,5.0,PERSONAL,A,14000,7.9,1,0.37,N,2,2022,1
24,40000,RENT,4.0,MEDICAL,A,14000,6.03,1,0.35,N,2,2022,1
24,34000,RENT,0.0,VENTURE,D,14000,14.61,1,0.41,Y,2,2022,1
25,15000,RENT,0.0,VENTURE,A,2200,7.88,0,0.15,N,2,2022,0
21,16200,RENT,2.0,MEDICAL,D,2200,16.49,1,0.14,N,2,2022,1
23,26004,RENT,8.0,DEBTCONSOLIDATION,B,2200,9.91,1,0.08,N,2,2022,1
22,27996,RENT,0.0,HOMEIMPROVEMENT,D,2200,15.95,1,0.08,Y,2,2022,1
21,35360,RENT,1.0,EDUCATION,A,2200,7.49,0,0.06,N,2,2022,0
23,39270,RENT,6.0,VENTURE,C,2200,11.72,0,0.06,N,2,2022,0
22,46080,RENT,1.0,VENTURE,B,2200,11.99,0,0.05,N,2,2022,0
23,30000,MORTGAGE,2.0,VENTURE,A,8000,7.88,0,0.27,N,2,2022,0
25,30000,MORTGAGE,0.0,HOMEIMPROVEMENT,C,6000,14.35,0,0.2,Y,2,2022,0
23,14000,RENT,2.0,EDUCATION,D,2300,15.33,1,0.16,N,2,2022,1
22,30000,OWN,,VENTURE,C,7000,13.98,0,0.23,Y,2,2022,0
26,30000,RENT,1.0,MEDICAL,B,2300,10.99,0,0.08,N,2,2022,0
21,34416,RENT,5.0,EDUCATION,A,2300,6.76,0,0.07,N,2,2022,0
26,36400,RENT,4.0,EDUCATION,A,2300,7.4,0,0.06,N,2,2022,0
22,30000,OWN,4.0,PERSONAL,B,5000,11.12,0,0.17,N,2,2022,0
23,78000,RENT,5.0,EDUCATION,D,2300,17.58,0,0.03,Y,2,2022,0
24,12000,RENT,4.0,MEDICAL,A,2400,6.92,1,0.2,N,2,2022,1
24,13288,RENT,5.0,VENTURE,D,2400,17.27,1,0.18,N,2,2022,1
24,30000,MORTGAGE,8.0,HOMEIMPROVEMENT,C,5000,13.48,1,0.17,Y,2,2022,1
25,30000,MORTGAGE,6.0,PERSONAL,A,4000,7.14,0,0.13,N,2,2022,0
26,30000,MORTGAGE,3.0,HOMEIMPROVEMENT,B,15000,10.62,0,0.5,N,2,2022,0
26,18000,RENT,1.0,VENTURE,C,2400,13.06,1,0.13,Y,2,2022,1
24,30000,MORTGAGE,9.0,DEBTCONSOLIDATION,C,2400,13.11,0,0.08,Y,2,2022,0
21,18000,RENT,,VENTURE,C,2400,14.72,0,0.13,N,2,2022,0
24,20000,RENT,0.0,DEBTCONSOLIDATION,D,2400,15.62,1,0.12,N,2,2022,1
21,26400,RENT,0.0,EDUCATION,C,2400,14.79,0,0.09,Y,2,2022,0
22,27259,RENT,1.0,EDUCATION,B,2400,10.59,0,0.09,N,2,2022,0
21,30000,RENT,1.0,HOMEIMPROVEMENT,D,2400,17.19,1,0.08,Y,2,2022,1
21,30000,RENT,1.0,VENTURE,D,2400,16.49,1,0.08,Y,2,2022,1
26,30000,OWN,0.0,PERSONAL,C,15000,13.22,0,0.5,N,2,2022,0
22,35000,RENT,1.0,EDUCATION,C,2400,,0,0.07,Y,2,2022,0
22,40000,RENT,1.0,EDUCATION,C,2400,12.73,0,0.06,Y,2,2022,0
23,30000,MORTGAGE,5.0,MEDICAL,A,1000,7.4,0,0.03,N,2,2022,0
24,41300,RENT,2.0,EDUCATION,C,2400,12.68,0,0.06,N,2,2022,0
22,41600,RENT,0.0,EDUCATION,C,2400,12.22,0,0.06,Y,2,2022,0
24,30000,MORTGAGE,0.0,DEBTCONSOLIDATION,C,6000,13.57,0,0.2,N,2,2022,0
21,30000,MORTGAGE,0.0,PERSONAL,A,4750,9.63,1,0.16,N,2,2022,1
24,30000,MORTGAGE,2.0,EDUCATION,A,1000,8.0,0,0.03,N,2,2022,0
23,49800,RENT,2.0,PERSONAL,B,2400,11.83,0,0.05,N,2,2022,0
26,54000,RENT,2.0,HOMEIMPROVEMENT,D,2400,14.09,1,0.04,N,2,2022,1
22,66000,RENT,2.0,EDUCATION,A,2400,7.4,0,0.04,N,2,2022,0
26,67000,RENT,4.0,MEDICAL,C,2400,12.99,0,0.04,Y,2,2022,0
24,30000,MORTGAGE,4.0,PERSONAL,B,5000,10.71,0,0.17,N,2,2022,0
25,95000,RENT,,DEBTCONSOLIDATION,B,2400,9.25,0,0.03,N,2,2022,0
26,16000,RENT,1.0,VENTURE,D,2450,,1,0.15,Y,2,2022,1
22,24000,RENT,0.0,DEBTCONSOLIDATION,A,2450,7.9,0,0.1,N,2,2022,0
21,10800,RENT,4.0,PERSONAL,B,2500,8.88,1,0.23,N,2,2022,1
21,12540,RENT,,HOMEIMPROVEMENT,A,2500,7.88,1,0.2,N,2,2022,1
24,12600,RENT,2.0,VENTURE,C,2500,13.11,1,0.2,Y,2,2022,1
23,95000,RENT,2.0,VENTURE,B,13600,11.11,0,0.14,N,2,2022,0
26,30200,OWN,3.0,VENTURE,B,9200,10.99,0,0.3,N,2,2022,0
25,30200,MORTGAGE,9.0,HOMEIMPROVEMENT,B,15000,10.2,0,0.5,N,2,2022,0
23,51000,RENT,6.0,DEBTCONSOLIDATION,C,13500,12.23,0,0.26,Y,2,2022,0
23,30280,MORTGAGE,5.0,EDUCATION,A,5800,7.29,0,0.19,N,2,2022,0
22,30288,MORTGAGE,2.0,EDUCATION,C,6000,12.73,0,0.2,N,2,2022,0
24,30300,MORTGAGE,0.0,MEDICAL,A,5000,7.74,0,0.17,N,2,2022,0
24,57000,RENT,0.0,PERSONAL,A,13500,6.92,0,0.24,N,2,2022,0
24,57772,RENT,6.0,VENTURE,C,13500,13.99,0,0.23,N,2,2022,0
25,60000,RENT,9.0,DEBTCONSOLIDATION,A,13500,7.49,0,0.23,N,2,2022,0
24,68000,RENT,3.0,EDUCATION,B,13500,12.21,0,0.2,N,2,2022,0
26,77508,RENT,10.0,VENTURE,C,13500,12.87,0,0.17,Y,2,2022,0
23,30652,MORTGAGE,4.0,DEBTCONSOLIDATION,D,6000,14.54,1,0.2,Y,2,2022,1
26,38000,RENT,3.0,EDUCATION,B,13400,9.99,1,0.35,N,2,2022,1
25,30720,MORTGAGE,3.0,VENTURE,B,2000,11.12,0,0.07,N,2,2022,0
22,50000,RENT,0.0,DEBTCONSOLIDATION,D,13350,14.59,1,0.27,N,2,2022,1
23,54000,RENT,5.0,VENTURE,D,13275,17.58,0,0.25,Y,2,2022,0
25,24000,RENT,3.0,VENTURE,B,13250,10.37,1,0.55,N,2,2022,1
26,40000,RENT,3.0,PERSONAL,B,13250,11.71,1,0.33,N,2,2022,1
22,40000,RENT,6.0,PERSONAL,D,13225,16.77,1,0.33,Y,2,2022,1
23,30996,OWN,2.0,VENTURE,B,5000,11.86,0,0.16,N,2,2022,0
23,44248,RENT,,EDUCATION,A,13200,,0,0.3,N,2,2022,0
26,54000,RENT,0.0,PERSONAL,D,13200,14.91,1,0.24,Y,2,2022,1
24,71040,RENT,1.0,VENTURE,A,13100,7.49,0,0.18,N,2,2022,0
24,31000,MORTGAGE,8.0,EDUCATION,A,5000,5.42,0,0.16,N,2,2022,0
25,31000,MORTGAGE,7.0,HOMEIMPROVEMENT,A,6000,7.66,0,0.19,N,2,2022,0
21,24000,RENT,5.0,DEBTCONSOLIDATION,C,13000,12.87,1,0.54,N,2,2022,1
26,28800,RENT,0.0,HOMEIMPROVEMENT,D,13000,14.46,1,0.45,N,2,2022,1
21,31200,RENT,0.0,EDUCATION,C,13000,13.11,1,0.42,Y,2,2022,1
26,34000,RENT,2.0,MEDICAL,B,13000,9.63,1,0.38,N,2,2022,1
25,35000,RENT,5.0,MEDICAL,C,13000,13.22,1,0.37,N,2,2022,1
26,31000,MORTGAGE,5.0,EDUCATION,B,4000,10.33,0,0.13,N,2,2022,0
23,30000,RENT,4.0,DEBTCONSOLIDATION,C,13000,13.57,1,0.43,Y,2,2022,1
23,31164,MORTGAGE,7.0,DEBTCONSOLIDATION,A,4500,6.62,0,0.14,N,2,2022,0
26,31200,MORTGAGE,6.0,PERSONAL,A,9250,7.9,0,0.3,N,2,2022,0
21,40800,RENT,3.0,MEDICAL,C,13000,13.57,1,0.32,Y,2,2022,1
22,31200,MORTGAGE,3.0,VENTURE,B,3200,10.99,0,0.1,N,2,2022,0
22,37200,RENT,0.0,VENTURE,E,13000,16.0,1,0.35,N,2,2022,1
23,44000,RENT,1.0,EDUCATION,C,13000,13.47,0,0.3,N,2,2022,0
25,31200,MORTGAGE,3.0,MEDICAL,A,11200,5.42,0,0.36,N,2,2022,0
24,46540,RENT,5.0,VENTURE,D,13000,,0,0.28,Y,2,2022,0
22,48000,RENT,1.0,MEDICAL,B,13000,9.99,0,0.27,N,2,2022,0
22,21996,RENT,0.0,MEDICAL,B,2500,11.89,0,0.11,N,2,2022,0
23,22000,RENT,0.0,VENTURE,A,2500,7.51,0,0.11,N,2,2022,0
24,22000,RENT,0.0,DEBTCONSOLIDATION,B,2500,9.76,0,0.11,N,2,2022,0
23,24000,RENT,0.0,EDUCATION,B,2500,11.71,0,0.1,N,2,2022,0
21,31200,MORTGAGE,2.0,EDUCATION,D,1000,14.59,0,0.03,N,2,2022,0
25,31200,MORTGAGE,0.0,EDUCATION,E,4750,,1,0.15,N,2,2022,1
24,31200,OWN,8.0,PERSONAL,B,10000,12.18,0,0.32,N,2,2022,0
22,31200,MORTGAGE,6.0,VENTURE,A,3500,7.74,0,0.11,N,2,2022,0
22,24960,RENT,0.0,VENTURE,A,2500,7.51,0,0.1,N,2,2022,0
24,31200,MORTGAGE,2.0,EDUCATION,C,6700,14.26,0,0.21,Y,2,2022,0
23,25000,RENT,0.0,PERSONAL,A,2500,6.91,0,0.1,N,2,2022,0
26,31303,MORTGAGE,7.0,MEDICAL,A,12000,,0,0.38,N,2,2022,0
22,31356,MORTGAGE,6.0,DEBTCONSOLIDATION,D,11225,,1,0.36,Y,2,2022,1
25,26400,RENT,,EDUCATION,B,2500,10.62,0,0.09,N,2,2022,0
25,27024,RENT,7.0,EDUCATION,E,2500,16.69,0,0.09,N,2,2022,0
22,31500,OWN,,VENTURE,A,8000,6.03,0,0.25,N,2,2022,0
21,28200,RENT,2.0,DEBTCONSOLIDATION,D,2500,16.77,1,0.09,Y,2,2022,1
23,30000,RENT,7.0,MEDICAL,B,2500,9.88,0,0.08,N,2,2022,0
22,31500,MORTGAGE,3.0,VENTURE,B,4500,9.88,0,0.14,N,2,2022,0
21,31544,MORTGAGE,,MEDICAL,A,2200,7.9,0,0.07,N,2,2022,0
25,33000,RENT,6.0,DEBTCONSOLIDATION,B,2500,10.59,0,0.08,N,2,2022,0
23,33448,RENT,2.0,EDUCATION,C,2500,11.66,0,0.07,Y,2,2022,0
21,34368,RENT,0.0,DEBTCONSOLIDATION,C,2500,12.87,0,0.07,Y,2,2022,0
23,34800,RENT,7.0,EDUCATION,A,2500,6.39,0,0.07,N,2,2022,0
23,35000,RENT,0.0,DEBTCONSOLIDATION,A,2500,7.51,0,0.07,N,2,2022,0
22,30000,RENT,2.0,EDUCATION,A,2500,8.49,1,0.08,N,2,2022,1
25,31920,MORTGAGE,8.0,MEDICAL,C,4500,,0,0.14,Y,2,2022,0
25,32000,RENT,1.0,MEDICAL,E,2500,16.45,1,0.08,Y,2,2022,1
25,38060,RENT,9.0,DEBTCONSOLIDATION,B,2500,12.53,0,0.07,N,2,2022,0
23,32000,MORTGAGE,7.0,EDUCATION,B,10000,11.71,0,0.31,N,2,2022,0
23,40000,RENT,0.0,DEBTCONSOLIDATION,B,2500,,0,0.06,N,2,2022,0
22,35500,RENT,6.0,MEDICAL,D,2500,15.62,1,0.07,N,2,2022,1
21,42000,RENT,5.0,MEDICAL,B,2500,9.99,0,0.06,N,2,2022,0
23,42000,RENT,0.0,EDUCATION,B,2500,11.49,0,0.06,N,2,2022,0
25,36228,RENT,4.0,MEDICAL,A,2500,7.66,1,0.07,N,2,2022,1
21,42500,RENT,0.0,DEBTCONSOLIDATION,B,2500,,0,0.06,N,2,2022,0
26,43000,RENT,3.0,EDUCATION,C,2500,13.49,0,0.06,N,2,2022,0
23,32000,MORTGAGE,4.0,EDUCATION,A,2000,5.99,0,0.06,N,2,2022,0
22,45000,RENT,5.0,MEDICAL,C,2500,14.35,0,0.06,Y,2,2022,0
22,32000,MORTGAGE,3.0,EDUCATION,A,6000,8.49,0,0.19,N,2,2022,0
22,49500,RENT,7.0,MEDICAL,C,2500,14.27,0,0.05,Y,2,2022,0
22,45630,RENT,0.0,EDUCATION,E,2500,18.64,1,0.05,N,2,2022,1
22,32000,MORTGAGE,,EDUCATION,A,11050,7.49,0,0.35,N,2,2022,0
26,52000,RENT,6.0,DEBTCONSOLIDATION,C,2500,14.82,0,0.05,Y,2,2022,0
25,54000,RENT,4.0,PERSONAL,C,2500,13.98,0,0.05,N,2,2022,0
23,54000,RENT,7.0,EDUCATION,D,2500,16.32,0,0.05,Y,2,2022,0
26,48996,RENT,8.0,DEBTCONSOLIDATION,D,2500,14.59,1,0.05,N,2,2022,1
25,55000,RENT,4.0,PERSONAL,A,2500,7.88,0,0.05,N,2,2022,0
23,49000,RENT,1.0,DEBTCONSOLIDATION,F,2500,,1,0.05,N,2,2022,1
25,32000,MORTGAGE,7.0,PERSONAL,B,3250,10.74,1,0.1,N,2,2022,1
23,59000,RENT,7.0,PERSONAL,D,2500,14.96,0,0.04,N,2,2022,0
23,63000,RENT,7.0,EDUCATION,C,2500,14.72,0,0.04,N,2,2022,0
25,65004,RENT,10.0,MEDICAL,B,2500,10.08,0,0.04,N,2,2022,0
24,32000,MORTGAGE,7.0,VENTURE,A,4500,6.76,0,0.14,N,2,2022,0
24,79800,RENT,8.0,HOMEIMPROVEMENT,B,2500,9.62,0,0.03,N,2,2022,0
26,85000,RENT,1.0,EDUCATION,A,2500,8.59,0,0.03,N,2,2022,0
26,200004,RENT,7.0,MEDICAL,C,2500,13.61,0,0.01,Y,2,2022,0
23,13000,RENT,3.0,PERSONAL,D,2800,15.21,1,0.22,Y,2,2022,1
25,13380,RENT,0.0,PERSONAL,D,2800,14.61,1,0.21,Y,2,2022,1
23,23760,RENT,2.0,DEBTCONSOLIDATION,B,2800,,0,0.12,N,2,2022,0
25,32000,MORTGAGE,1.0,DEBTCONSOLIDATION,C,8000,13.16,0,0.25,N,2,2022,0
21,32000,MORTGAGE,5.0,DEBTCONSOLIDATION,B,4200,11.58,0,0.13,N,2,2022,0
22,32000,OWN,1.0,MEDICAL,B,1200,9.96,0,0.04,N,2,2022,0
23,28800,RENT,5.0,PERSONAL,B,2800,10.38,0,0.1,N,2,2022,0
24,45000,RENT,3.0,MEDICAL,D,2850,11.86,0,0.06,N,2,2022,0
22,32004,MORTGAGE,6.0,EDUCATION,A,10000,7.51,0,0.31,N,2,2022,0
26,66000,RENT,0.0,DEBTCONSOLIDATION,A,2875,7.49,0,0.04,N,2,2022,0
21,19000,RENT,0.0,PERSONAL,A,2900,8.0,0,0.15,N,2,2022,0
26,31200,RENT,0.0,MEDICAL,B,2900,9.91,0,0.09,N,2,2022,0
22,25000,RENT,0.0,VENTURE,B,2975,9.96,0,0.12,N,2,2022,0
21,49800,RENT,6.0,EDUCATION,A,2975,7.9,0,0.06,N,2,2022,0
23,32198,MORTGAGE,3.0,EDUCATION,B,1000,10.95,0,0.03,N,2,2022,0
22,32352,MORTGAGE,6.0,HOMEIMPROVEMENT,C,1000,15.27,1,0.03,Y,2,2022,1
21,14400,RENT,2.0,HOMEIMPROVEMENT,B,3000,9.63,1,0.21,N,2,2022,1
26,14400,RENT,1.0,VENTURE,B,3000,,1,0.21,N,2,2022,1
23,16080,RENT,,DEBTCONSOLIDATION,D,3000,16.29,1,0.19,Y,2,2022,1
21,32400,MORTGAGE,2.0,EDUCATION,A,10000,5.42,0,0.31,N,2,2022,0
21,18000,RENT,0.0,DEBTCONSOLIDATION,A,3000,7.9,1,0.17,N,2,2022,1
22,32400,MORTGAGE,1.0,DEBTCONSOLIDATION,A,5500,,0,0.17,N,2,2022,0
21,32400,MORTGAGE,5.0,PERSONAL,E,5000,16.0,1,0.15,N,2,2022,1
24,18000,RENT,5.0,PERSONAL,C,3000,15.27,1,0.17,Y,2,2022,1
23,18000,RENT,1.0,HOMEIMPROVEMENT,D,3000,15.99,1,0.17,Y,2,2022,1
23,18000,RENT,4.0,PERSONAL,C,3000,13.06,1,0.17,N,2,2022,1
22,18000,RENT,2.0,VENTURE,B,3000,,1,0.17,N,2,2022,1
22,18000,RENT,1.0,PERSONAL,B,3000,11.86,1,0.17,N,2,2022,1
21,18008,RENT,1.0,MEDICAL,B,3000,9.7,1,0.17,N,2,2022,1
22,19000,RENT,5.0,VENTURE,C,3000,13.06,1,0.16,N,2,2022,1
23,19200,RENT,3.0,VENTURE,C,3000,12.99,1,0.16,Y,2,2022,1
26,32500,MORTGAGE,0.0,HOMEIMPROVEMENT,A,3500,8.59,0,0.11,N,2,2022,0
21,19200,RENT,0.0,PERSONAL,B,3000,10.99,1,0.16,N,2,2022,1
25,32760,MORTGAGE,6.0,VENTURE,B,6000,10.59,0,0.18,N,2,2022,0
26,21000,RENT,3.0,PERSONAL,B,3000,10.59,0,0.14,N,2,2022,0
23,21000,RENT,2.0,DEBTCONSOLIDATION,C,3000,12.68,0,0.14,Y,2,2022,0
21,32900,MORTGAGE,2.0,MEDICAL,B,3000,9.99,0,0.09,N,2,2022,0
24,22000,RENT,3.0,PERSONAL,B,3000,10.33,0,0.14,N,2,2022,0
22,23000,RENT,4.0,MEDICAL,A,3000,5.79,0,0.13,N,2,2022,0
22,33000,OWN,6.0,PERSONAL,B,12000,9.91,0,0.36,N,2,2022,0
24,30000,RENT,4.0,DEBTCONSOLIDATION,E,3000,19.29,1,0.1,Y,2,2022,1
23,30000,RENT,2.0,VENTURE,A,3000,7.49,0,0.1,N,2,2022,0
24,30000,RENT,1.0,PERSONAL,B,3000,10.37,0,0.1,N,2,2022,0
23,30000,RENT,3.0,MEDICAL,D,3000,15.2,1,0.1,Y,2,2022,1
25,30000,RENT,3.0,PERSONAL,C,3000,13.61,0,0.1,N,2,2022,0
24,30000,RENT,1.0,DEBTCONSOLIDATION,C,3000,13.98,1,0.1,Y,2,2022,1
25,33000,MORTGAGE,9.0,MEDICAL,B,3000,11.99,0,0.09,N,2,2022,0
26,33000,OWN,,VENTURE,A,10150,8.49,0,0.31,N,2,2022,0
23,31200,RENT,2.0,EDUCATION,B,3000,11.89,0,0.1,N,2,2022,0
24,32000,RENT,4.0,MEDICAL,C,3000,12.29,0,0.09,Y,2,2022,0
24,33000,MORTGAGE,8.0,HOMEIMPROVEMENT,C,2050,13.49,1,0.06,N,2,2022,1
25,32004,RENT,0.0,DEBTCONSOLIDATION,A,3000,9.32,0,0.09,N,2,2022,0
23,32400,RENT,6.0,VENTURE,B,3000,10.0,0,0.09,N,2,2022,0
26,32640,RENT,7.0,VENTURE,B,3000,10.75,0,0.09,N,2,2022,0
22,33000,MORTGAGE,5.0,DEBTCONSOLIDATION,A,12375,7.29,0,0.38,N,2,2022,0
25,33000,RENT,3.0,VENTURE,A,3000,5.99,0,0.09,N,2,2022,0
26,33189,RENT,4.0,EDUCATION,B,3000,11.12,0,0.09,N,2,2022,0
22,34500,RENT,3.0,DEBTCONSOLIDATION,B,3000,11.83,0,0.09,N,2,2022,0
25,29000,RENT,9.0,MEDICAL,A,3000,6.62,1,0.1,N,2,2022,1
22,35000,RENT,0.0,EDUCATION,B,3000,,0,0.09,N,2,2022,0
22,35000,RENT,5.0,EDUCATION,B,3000,10.01,0,0.09,N,2,2022,0
22,29244,RENT,0.0,DEBTCONSOLIDATION,D,3000,13.3,1,0.1,Y,2,2022,1
24,35256,RENT,2.0,DEBTCONSOLIDATION,B,3000,10.74,0,0.09,N,2,2022,0
24,36600,RENT,4.0,DEBTCONSOLIDATION,B,3000,9.33,0,0.08,N,2,2022,0
25,37000,RENT,2.0,MEDICAL,B,3000,11.71,0,0.08,N,2,2022,0
21,33000,MORTGAGE,5.0,PERSONAL,B,7800,9.88,0,0.24,N,2,2022,0
22,33000,MORTGAGE,4.0,EDUCATION,C,12500,14.26,0,0.38,N,2,2022,0
24,38400,RENT,8.0,PERSONAL,E,3000,17.56,0,0.08,Y,2,2022,0
25,40000,RENT,2.0,MEDICAL,B,3000,10.25,0,0.07,N,2,2022,0
22,37000,RENT,2.0,DEBTCONSOLIDATION,E,3000,20.3,1,0.08,N,2,2022,1
22,37000,RENT,6.0,DEBTCONSOLIDATION,B,3000,11.11,1,0.08,N,2,2022,1
24,43500,RENT,1.0,PERSONAL,A,3000,8.0,0,0.07,N,2,2022,0
25,33316,MORTGAGE,4.0,VENTURE,A,5000,6.54,0,0.15,N,2,2022,0
26,39000,RENT,11.0,EDUCATION,C,3000,,1,0.08,Y,2,2022,1
24,45000,RENT,4.0,VENTURE,A,3000,9.32,0,0.07,N,2,2022,0
21,39327,RENT,5.0,MEDICAL,D,3000,13.67,1,0.08,N,2,2022,1
22,33600,OWN,1.0,MEDICAL,D,5000,18.25,0,0.15,N,2,2022,0
24,33600,MORTGAGE,3.0,PERSONAL,A,2500,8.9,0,0.07,N,2,2022,0
24,40000,RENT,,EDUCATION,D,3000,17.27,1,0.07,N,2,2022,1
23,33600,MORTGAGE,8.0,PERSONAL,A,8000,6.99,0,0.24,N,2,2022,0
22,47000,RENT,3.0,EDUCATION,A,3000,6.62,0,0.06,N,2,2022,0
21,47208,RENT,2.0,PERSONAL,C,3000,13.92,0,0.06,Y,2,2022,0
26,47500,RENT,8.0,VENTURE,A,3000,6.76,0,0.06,N,2,2022,0
23,33600,MORTGAGE,,DEBTCONSOLIDATION,C,4000,14.79,0,0.12,N,2,2022,0
24,33600,MORTGAGE,,VENTURE,A,12000,5.42,0,0.36,N,2,2022,0
22,48000,RENT,0.0,PERSONAL,C,3000,14.79,0,0.06,N,2,2022,0
23,50000,RENT,1.0,DEBTCONSOLIDATION,A,3000,8.49,0,0.06,N,2,2022,0
23,50000,RENT,0.0,EDUCATION,A,3000,6.91,0,0.06,N,2,2022,0
22,33600,MORTGAGE,7.0,EDUCATION,A,10750,7.88,0,0.32,N,2,2022,0
23,50000,RENT,6.0,EDUCATION,C,3000,,0,0.06,Y,2,2022,0
24,51000,RENT,1.0,DEBTCONSOLIDATION,A,3000,8.9,0,0.06,N,2,2022,0
24,51684,RENT,8.0,PERSONAL,B,3000,10.59,0,0.06,N,2,2022,0
22,45996,RENT,0.0,MEDICAL,D,3000,15.62,1,0.07,Y,2,2022,1
23,51996,RENT,1.0,DEBTCONSOLIDATION,B,3000,10.37,0,0.06,N,2,2022,0
23,52000,RENT,0.0,EDUCATION,A,3000,5.99,0,0.06,N,2,2022,0
23,33990,MORTGAGE,2.0,DEBTCONSOLIDATION,C,1000,10.59,1,0.03,N,2,2022,1
24,33996,MORTGAGE,8.0,VENTURE,D,4000,14.91,0,0.12,Y,2,2022,0
22,44000,RENT,3.0,DEBTCONSOLIDATION,B,12000,11.86,1,0.27,N,2,2022,1
25,50000,RENT,5.0,PERSONAL,A,12000,7.88,0,0.24,N,2,2022,0
23,50000,RENT,1.0,EDUCATION,C,12000,12.87,0,0.24,Y,2,2022,0
22,50004,RENT,6.0,PERSONAL,B,12000,10.0,0,0.24,N,2,2022,0
23,44004,RENT,0.0,VENTURE,E,12000,16.0,1,0.27,N,2,2022,1
25,34000,MORTGAGE,1.0,HOMEIMPROVEMENT,A,2500,6.03,0,0.07,N,2,2022,0
23,34000,OWN,7.0,VENTURE,A,10950,7.29,0,0.32,N,2,2022,0
22,52000,RENT,3.0,PERSONAL,C,12000,13.57,0,0.23,Y,2,2022,0
21,34000,MORTGAGE,5.0,EDUCATION,A,6000,6.76,0,0.18,N,2,2022,0
21,34000,MORTGAGE,5.0,PERSONAL,A,7200,6.76,1,0.21,N,2,2022,1
22,34000,MORTGAGE,5.0,MEDICAL,B,11500,10.99,0,0.34,N,2,2022,0
22,54000,RENT,2.0,DEBTCONSOLIDATION,B,12000,10.99,0,0.22,N,2,2022,0
23,54000,RENT,8.0,VENTURE,B,12000,11.36,0,0.22,N,2,2022,0
25,54996,RENT,3.0,HOMEIMPROVEMENT,B,12000,10.37,0,0.22,N,2,2022,0
21,55000,RENT,5.0,VENTURE,B,12000,10.62,0,0.22,N,2,2022,0
25,34000,MORTGAGE,1.0,EDUCATION,C,7000,11.28,0,0.21,N,2,2022,0
25,49000,RENT,1.0,DEBTCONSOLIDATION,D,12000,13.49,1,0.24,N,2,2022,1
22,55008,RENT,6.0,EDUCATION,C,12000,13.79,0,0.22,N,2,2022,0
24,55032,RENT,8.0,EDUCATION,A,12000,9.63,0,0.22,N,2,2022,0
22,56000,RENT,1.0,EDUCATION,A,12000,6.91,0,0.21,N,2,2022,0
24,56000,RENT,8.0,VENTURE,B,12000,11.49,0,0.21,N,2,2022,0
24,56000,RENT,0.0,VENTURE,C,12000,14.26,0,0.21,Y,2,2022,0
25,50100,RENT,1.0,PERSONAL,D,12000,14.74,1,0.24,Y,2,2022,1
22,56755,RENT,5.0,EDUCATION,B,12000,10.99,0,0.21,N,2,2022,0
22,57000,RENT,6.0,EDUCATION,C,12000,13.11,0,0.21,N,2,2022,0
23,57000,RENT,4.0,DEBTCONSOLIDATION,A,12000,8.94,0,0.21,N,2,2022,0
21,34500,MORTGAGE,3.0,EDUCATION,A,6400,7.51,0,0.19,N,2,2022,0
24,58000,RENT,6.0,EDUCATION,C,12000,13.11,0,0.21,N,2,2022,0
23,34560,MORTGAGE,1.0,MEDICAL,B,10000,10.59,0,0.29,N,2,2022,0
24,52000,RENT,3.0,MEDICAL,A,3000,,0,0.06,N,2,2022,0
24,34600,MORTGAGE,2.0,DEBTCONSOLIDATION,A,4000,5.42,0,0.12,N,2,2022,0
25,53000,RENT,6.0,MEDICAL,C,3000,13.99,0,0.06,Y,2,2022,0
25,34800,MORTGAGE,6.0,DEBTCONSOLIDATION,A,5125,6.99,1,0.15,N,2,2022,1
23,55000,RENT,2.0,EDUCATION,A,3000,6.99,0,0.05,N,2,2022,0
22,49000,RENT,7.0,DEBTCONSOLIDATION,C,3000,12.23,1,0.06,Y,2,2022,1
26,55000,RENT,1.0,DEBTCONSOLIDATION,C,3000,,0,0.05,N,2,2022,0
23,55000,RENT,2.0,VENTURE,B,3000,9.88,0,0.05,N,2,2022,0
22,34900,MORTGAGE,6.0,DEBTCONSOLIDATION,B,4000,9.99,0,0.11,N,2,2022,0
24,50000,RENT,3.0,MEDICAL,C,3000,,1,0.06,N,2,2022,1
22,34977,MORTGAGE,5.0,PERSONAL,D,13000,16.0,0,0.37,N,2,2022,0
25,34980,MORTGAGE,1.0,VENTURE,B,6000,11.48,0,0.17,N,2,2022,0
25,50160,RENT,0.0,DEBTCONSOLIDATION,D,3000,14.42,1,0.06,N,2,2022,1
24,35000,MORTGAGE,9.0,HOMEIMPROVEMENT,B,8000,11.71,0,0.23,N,2,2022,0
23,35000,MORTGAGE,7.0,DEBTCONSOLIDATION,B,12000,12.42,0,0.34,N,2,2022,0
22,58000,RENT,6.0,EDUCATION,B,3000,11.83,0,0.05,N,2,2022,0
23,58500,RENT,2.0,DEBTCONSOLIDATION,B,3000,9.88,0,0.05,N,2,2022,0
23,59000,RENT,5.0,DEBTCONSOLIDATION,A,3000,7.14,0,0.05,N,2,2022,0
25,60000,RENT,5.0,EDUCATION,D,3000,17.58,0,0.05,Y,2,2022,0
26,60000,RENT,5.0,VENTURE,C,3000,15.62,0,0.05,N,2,2022,0
26,35000,OWN,3.0,HOMEIMPROVEMENT,A,4800,6.03,0,0.14,N,2,2022,0
24,35000,MORTGAGE,3.0,MEDICAL,C,15000,14.27,0,0.43,N,2,2022,0
23,60000,RENT,1.0,DEBTCONSOLIDATION,A,3000,7.51,0,0.05,N,2,2022,0
23,61200,RENT,7.0,PERSONAL,B,3000,12.42,0,0.05,N,2,2022,0
25,35000,MORTGAGE,9.0,DEBTCONSOLIDATION,A,7000,,0,0.2,N,2,2022,0
24,62000,RENT,7.0,EDUCATION,B,3000,9.99,0,0.05,N,2,2022,0
23,57000,RENT,6.0,HOMEIMPROVEMENT,D,3000,14.59,1,0.05,N,2,2022,1
22,58170,RENT,1.0,EDUCATION,A,3000,9.07,1,0.05,N,2,2022,1
26,65000,RENT,1.0,VENTURE,A,3000,5.79,0,0.05,N,2,2022,0
23,66000,RENT,3.0,EDUCATION,A,3000,5.99,0,0.05,N,2,2022,0
23,67000,RENT,7.0,MEDICAL,B,3000,10.99,0,0.04,N,2,2022,0
26,67500,RENT,0.0,EDUCATION,B,3000,8.88,0,0.04,N,2,2022,0
21,68000,RENT,3.0,PERSONAL,C,3000,11.78,0,0.04,N,2,2022,0
26,54400,RENT,2.0,MEDICAL,E,3000,19.42,1,0.05,N,2,2022,1
23,70000,RENT,1.0,VENTURE,C,3000,14.27,0,0.04,Y,2,2022,0
23,72000,RENT,8.0,MEDICAL,B,3000,11.99,0,0.04,N,2,2022,0
23,72000,RENT,7.0,PERSONAL,A,3000,7.43,0,0.04,N,2,2022,0
26,72054,RENT,9.0,HOMEIMPROVEMENT,A,3000,7.29,0,0.04,N,2,2022,0
22,35000,MORTGAGE,,VENTURE,F,5000,21.36,0,0.14,Y,2,2022,0
22,75000,RENT,4.0,EDUCATION,A,3000,8.9,0,0.04,N,2,2022,0
23,75000,RENT,2.0,PERSONAL,A,3000,,0,0.04,N,2,2022,0
23,77200,RENT,1.0,EDUCATION,B,3000,9.63,0,0.04,N,2,2022,0
25,35000,OWN,2.0,MEDICAL,A,6400,,0,0.18,N,2,2022,0
22,78000,RENT,4.0,VENTURE,E,3000,16.32,0,0.04,N,2,2022,0
22,85000,RENT,5.0,EDUCATION,B,3000,10.99,0,0.04,N,2,2022,0
23,35000,OWN,2.0,VENTURE,A,5500,5.42,0,0.16,N,2,2022,0
24,110000,RENT,8.0,VENTURE,A,3000,7.88,0,0.03,N,2,2022,0
21,35000,OWN,5.0,EDUCATION,A,4000,7.29,0,0.11,N,2,2022,0
24,115154,RENT,8.0,HOMEIMPROVEMENT,C,3000,14.27,0,0.03,N,2,2022,0
24,35000,MORTGAGE,3.0,VENTURE,A,3600,6.92,0,0.1,N,2,2022,0
21,35000,OWN,5.0,EDUCATION,C,6500,13.43,0,0.19,N,2,2022,0
22,35000,MORTGAGE,7.0,VENTURE,A,4000,7.29,0,0.11,N,2,2022,0
24,35000,MORTGAGE,8.0,VENTURE,B,2000,10.37,0,0.06,N,2,2022,0
24,142000,RENT,3.0,DEBTCONSOLIDATION,A,3000,7.88,0,0.02,N,2,2022,0
25,137400,RENT,4.0,EDUCATION,C,3000,13.06,1,0.02,N,2,2022,1
25,180000,RENT,2.0,VENTURE,B,3000,11.12,0,0.02,N,2,2022,0
25,17436,RENT,,VENTURE,B,3025,11.49,1,0.17,N,2,2022,1
23,12000,RENT,2.0,PERSONAL,B,3075,10.37,1,0.26,N,2,2022,1
25,30000,RENT,1.0,EDUCATION,B,3075,10.59,0,0.1,N,2,2022,0
26,35000,MORTGAGE,0.0,MEDICAL,A,8000,5.42,0,0.23,N,2,2022,0
22,96000,RENT,4.0,EDUCATION,B,3150,6.0,0,0.03,N,2,2022,0
24,35000,MORTGAGE,,MEDICAL,B,7775,,0,0.22,N,2,2022,0
21,12000,RENT,,VENTURE,B,3200,11.49,1,0.27,N,2,2022,1
26,15000,RENT,8.0,MEDICAL,B,3200,12.21,1,0.21,N,2,2022,1
25,16000,RENT,0.0,DEBTCONSOLIDATION,A,3200,9.32,1,0.2,N,2,2022,1
23,29000,MORTGAGE,7.0,PERSONAL,A,6000,7.88,1,0.21,N,2,2022,1
23,20000,RENT,0.0,VENTURE,E,3200,16.0,1,0.16,N,2,2022,1
23,20800,RENT,4.0,EDUCATION,D,3200,14.84,0,0.15,N,2,2022,0
25,23040,RENT,0.0,DEBTCONSOLIDATION,C,3200,14.79,0,0.14,N,2,2022,0
25,27600,RENT,2.0,VENTURE,B,3200,12.21,0,0.12,N,2,2022,0
22,28000,RENT,3.0,EDUCATION,B,3200,10.59,0,0.11,N,2,2022,0
21,30000,RENT,6.0,PERSONAL,A,3200,,0,0.11,N,2,2022,0
25,30000,RENT,0.0,MEDICAL,C,3200,13.99,0,0.11,N,2,2022,0
22,31200,RENT,1.0,VENTURE,B,3200,11.99,0,0.1,N,2,2022,0
25,29004,RENT,0.0,HOMEIMPROVEMENT,D,3200,17.49,1,0.11,Y,2,2022,1
22,37440,RENT,1.0,EDUCATION,C,3200,13.04,0,0.09,Y,2,2022,0
26,38400,RENT,7.0,PERSONAL,C,3200,13.49,0,0.08,N,2,2022,0
25,33000,RENT,,HOMEIMPROVEMENT,C,3200,12.99,1,0.1,Y,2,2022,1
24,44000,RENT,1.0,MEDICAL,A,3200,8.0,0,0.07,N,2,2022,0
25,42000,RENT,3.0,MEDICAL,D,3200,15.7,1,0.08,Y,2,2022,1
22,51000,RENT,2.0,EDUCATION,B,3200,10.99,0,0.06,N,2,2022,0
24,54731,RENT,2.0,DEBTCONSOLIDATION,B,3200,11.83,0,0.06,N,2,2022,0
23,35000,MORTGAGE,7.0,EDUCATION,F,15000,18.43,0,0.43,Y,2,2022,0
23,35000,OTHER,0.0,PERSONAL,B,12800,11.83,1,0.37,N,2,2022,1
24,58000,RENT,2.0,VENTURE,C,3200,14.35,0,0.06,N,2,2022,0
22,60000,RENT,6.0,MEDICAL,B,3200,11.71,0,0.05,N,2,2022,0
26,61200,RENT,9.0,PERSONAL,B,3200,9.91,0,0.05,N,2,2022,0
26,35000,MORTGAGE,1.0,EDUCATION,D,5000,14.42,0,0.14,Y,2,2022,0
22,35000,MORTGAGE,6.0,PERSONAL,C,7500,11.34,0,0.21,Y,2,2022,0
22,10200,RENT,4.0,VENTURE,C,3250,,1,0.32,Y,2,2022,1
21,12000,RENT,2.0,HOMEIMPROVEMENT,B,3250,9.99,1,0.27,N,2,2022,1
22,17004,RENT,5.0,DEBTCONSOLIDATION,A,3250,6.91,1,0.19,N,2,2022,1
23,18000,RENT,1.0,VENTURE,C,3250,13.22,1,0.18,N,2,2022,1
22,20400,RENT,5.0,MEDICAL,C,3250,14.26,1,0.16,Y,2,2022,1
22,35004,OWN,1.0,VENTURE,B,9000,10.0,0,0.26,N,2,2022,0
21,35004,OWN,5.0,VENTURE,B,1500,9.62,0,0.04,N,2,2022,0
24,39000,RENT,0.0,DEBTCONSOLIDATION,A,3250,8.94,1,0.08,N,2,2022,1
21,35004,MORTGAGE,1.0,VENTURE,A,3600,8.0,0,0.1,N,2,2022,0
22,66000,RENT,0.0,VENTURE,C,3300,14.65,0,0.05,Y,2,2022,0
22,35004,MORTGAGE,0.0,VENTURE,B,8400,10.39,0,0.24,N,2,2022,0
24,30000,RENT,2.0,DEBTCONSOLIDATION,C,3350,14.72,0,0.11,Y,2,2022,0
25,11000,RENT,3.0,MEDICAL,B,3400,,1,0.31,N,2,2022,1
23,35292,MORTGAGE,7.0,EDUCATION,A,2100,7.51,0,0.06,N,2,2022,0
24,60000,RENT,5.0,HOMEIMPROVEMENT,D,3400,,0,0.06,N,2,2022,0
23,35352,MORTGAGE,,EDUCATION,A,6500,5.42,0,0.18,N,2,2022,0
25,35360,MORTGAGE,9.0,MEDICAL,A,10000,8.94,0,0.28,N,2,2022,0
22,12000,RENT,1.0,EDUCATION,D,3500,15.65,1,0.29,Y,2,2022,1
21,13500,RENT,0.0,VENTURE,B,3500,9.96,1,0.26,N,2,2022,1
22,18000,RENT,0.0,VENTURE,C,3500,13.48,1,0.19,Y,2,2022,1
21,18456,RENT,2.0,MEDICAL,C,3500,13.35,1,0.19,Y,2,2022,1
24,19000,RENT,4.0,MEDICAL,A,3500,7.88,1,0.18,N,2,2022,1
25,20000,RENT,0.0,VENTURE,C,3500,10.28,0,0.17,Y,2,2022,0
22,20400,RENT,1.0,VENTURE,A,3500,6.99,0,0.17,N,2,2022,0
22,35500,MORTGAGE,0.0,EDUCATION,C,4000,12.53,0,0.11,N,2,2022,0
22,21600,RENT,2.0,MEDICAL,D,3500,,1,0.16,N,2,2022,1
21,21600,RENT,2.0,DEBTCONSOLIDATION,A,3500,7.51,0,0.16,N,2,2022,0
23,35808,MORTGAGE,3.0,EDUCATION,A,8700,7.51,0,0.24,N,2,2022,0
22,36000,MORTGAGE,0.0,EDUCATION,C,11625,13.49,0,0.32,N,2,2022,0
22,28800,RENT,0.0,VENTURE,A,3500,,0,0.12,N,2,2022,0
23,36000,MORTGAGE,7.0,EDUCATION,B,11300,12.69,0,0.31,N,2,2022,0
21,30000,RENT,5.0,PERSONAL,A,3500,7.9,0,0.12,N,2,2022,0
24,30000,RENT,0.0,MEDICAL,A,3500,5.99,0,0.12,N,2,2022,0
26,30000,RENT,2.0,VENTURE,B,3500,,0,0.12,N,2,2022,0
26,33000,RENT,1.0,VENTURE,B,3500,10.25,0,0.11,N,2,2022,0
22,36000,MORTGAGE,4.0,MEDICAL,B,12000,11.71,0,0.33,N,2,2022,0
24,35000,RENT,7.0,EDUCATION,A,3500,6.99,0,0.1,N,2,2022,0
21,35000,RENT,0.0,MEDICAL,B,3500,9.62,0,0.1,N,2,2022,0
24,36000,MORTGAGE,5.0,VENTURE,A,5600,7.9,0,0.16,N,2,2022,0
21,35100,RENT,1.0,EDUCATION,A,3500,5.79,0,0.1,N,2,2022,0
21,36000,MORTGAGE,5.0,MEDICAL,B,1000,12.42,0,0.03,N,2,2022,0
23,30000,RENT,,MEDICAL,B,3500,11.49,1,0.12,N,2,2022,1
22,39336,RENT,6.0,VENTURE,A,3500,5.42,0,0.09,N,2,2022,0
23,40000,RENT,4.0,PERSONAL,C,3500,13.23,0,0.09,Y,2,2022,0
24,40000,RENT,0.0,VENTURE,B,3500,,0,0.09,N,2,2022,0
24,36000,MORTGAGE,8.0,PERSONAL,D,3600,16.77,0,0.1,Y,2,2022,0
24,36000,OWN,5.0,PERSONAL,B,8000,10.65,0,0.22,N,2,2022,0
24,44000,RENT,3.0,EDUCATION,B,3500,12.69,0,0.08,N,2,2022,0
24,30000,MORTGAGE,4.0,MEDICAL,D,10000,15.99,1,0.33,Y,2,2022,1
26,36000,MORTGAGE,2.0,PERSONAL,A,7000,7.49,0,0.19,N,2,2022,0
23,36000,MORTGAGE,7.0,EDUCATION,B,2000,11.49,0,0.06,N,2,2022,0
23,48562,RENT,4.0,VENTURE,A,3500,8.0,0,0.07,N,2,2022,0
22,51996,RENT,4.0,PERSONAL,B,3500,9.62,0,0.07,N,2,2022,0
24,45996,RENT,9.0,PERSONAL,B,3500,12.21,1,0.08,N,2,2022,1
24,52000,RENT,4.0,DEBTCONSOLIDATION,A,3500,7.68,0,0.07,N,2,2022,0
25,54084,RENT,5.0,HOMEIMPROVEMENT,B,3500,9.25,0,0.06,N,2,2022,0
21,36000,MORTGAGE,5.0,PERSONAL,A,2800,6.99,0,0.08,N,2,2022,0
22,57000,RENT,1.0,EDUCATION,C,3500,12.61,0,0.06,Y,2,2022,0
26,58000,RENT,0.0,HOMEIMPROVEMENT,A,3500,8.59,0,0.06,N,2,2022,0
22,60000,RENT,5.0,VENTURE,A,3500,5.42,0,0.06,N,2,2022,0
24,36000,OWN,,EDUCATION,A,6500,5.42,0,0.18,N,2,2022,0
23,36000,MORTGAGE,7.0,PERSONAL,A,7200,5.42,0,0.2,N,2,2022,0
22,36000,MORTGAGE,1.0,MEDICAL,A,3500,,0,0.1,N,2,2022,0
25,59000,RENT,3.0,MEDICAL,D,3500,15.65,1,0.06,N,2,2022,1
23,36000,MORTGAGE,4.0,PERSONAL,C,5000,14.79,0,0.14,N,2,2022,0
23,64000,RENT,7.0,DEBTCONSOLIDATION,C,3500,14.72,1,0.05,Y,2,2022,1
22,75000,RENT,3.0,EDUCATION,A,3500,7.29,0,0.05,N,2,2022,0
25,83500,RENT,9.0,HOMEIMPROVEMENT,C,3500,,0,0.04,N,2,2022,0
26,45000,RENT,6.0,MEDICAL,A,3575,,0,0.08,N,2,2022,0
25,12000,RENT,,DEBTCONSOLIDATION,B,3600,9.62,1,0.3,N,2,2022,1
21,12120,RENT,0.0,DEBTCONSOLIDATION,A,3600,8.32,1,0.3,N,2,2022,1
22,36000,OWN,6.0,EDUCATION,B,7500,9.63,0,0.21,N,2,2022,0
21,15000,RENT,0.0,PERSONAL,D,3600,15.95,1,0.24,N,2,2022,1
23,36000,MORTGAGE,7.0,VENTURE,C,4800,13.06,0,0.13,Y,2,2022,0
23,30000,RENT,3.0,PERSONAL,A,3600,5.99,0,0.12,N,2,2022,0
23,30000,RENT,0.0,VENTURE,A,3600,6.17,0,0.12,N,2,2022,0
25,31200,RENT,0.0,DEBTCONSOLIDATION,A,3600,8.9,0,0.12,N,2,2022,0
23,36000,OWN,1.0,MEDICAL,C,14600,12.61,0,0.41,Y,2,2022,0
23,36000,OWN,7.0,EDUCATION,B,6000,8.88,0,0.17,N,2,2022,0
22,36000,RENT,2.0,EDUCATION,C,3600,12.99,0,0.1,N,2,2022,0
22,36000,RENT,3.0,PERSONAL,A,3600,5.99,0,0.1,N,2,2022,0
24,36000,RENT,1.0,DEBTCONSOLIDATION,A,3600,7.29,0,0.1,N,2,2022,0
26,36000,MORTGAGE,2.0,PERSONAL,B,10000,10.75,0,0.28,N,2,2022,0
23,36000,OWN,,VENTURE,A,18000,7.88,0,0.5,N,2,2022,0
24,36000,MORTGAGE,8.0,VENTURE,A,3250,6.39,0,0.09,N,2,2022,0
24,36000,MORTGAGE,3.0,MEDICAL,C,8000,13.61,0,0.22,N,2,2022,0
25,33772,RENT,3.0,HOMEIMPROVEMENT,D,3600,16.02,1,0.11,Y,2,2022,1
22,36000,MORTGAGE,0.0,MEDICAL,A,4500,7.51,0,0.13,N,2,2022,0
24,40000,RENT,0.0,EDUCATION,B,3600,10.59,0,0.09,N,2,2022,0
22,40000,RENT,0.0,PERSONAL,A,3600,6.17,0,0.09,N,2,2022,0
23,37440,RENT,0.0,VENTURE,B,11000,,0,0.29,N,2,2022,0
24,37950,RENT,8.0,EDUCATION,B,11000,11.86,0,0.29,N,2,2022,0
24,36000,MORTGAGE,4.0,VENTURE,D,2000,14.96,0,0.06,N,2,2022,0
26,36000,OWN,,PERSONAL,B,15000,10.25,0,0.42,N,2,2022,0
22,39500,RENT,3.0,DEBTCONSOLIDATION,C,11000,12.68,0,0.28,Y,2,2022,0
23,39500,RENT,7.0,MEDICAL,A,11000,,0,0.28,N,2,2022,0
23,39520,RENT,8.0,PERSONAL,A,11000,5.42,0,0.28,N,2,2022,0
22,39996,RENT,3.0,PERSONAL,A,11000,5.79,0,0.28,N,2,2022,0
25,36000,MORTGAGE,3.0,DEBTCONSOLIDATION,C,7000,12.73,0,0.19,Y,2,2022,0
22,42000,RENT,3.0,PERSONAL,B,11000,11.71,0,0.26,N,2,2022,0
21,36000,OWN,5.0,EDUCATION,C,8800,13.85,0,0.24,N,2,2022,0
26,45000,RENT,3.0,DEBTCONSOLIDATION,A,11000,6.99,0,0.24,N,2,2022,0
25,45000,RENT,2.0,DEBTCONSOLIDATION,B,11000,9.25,0,0.24,N,2,2022,0
22,45000,RENT,6.0,MEDICAL,B,11000,9.88,0,0.24,N,2,2022,0
26,45000,RENT,10.0,PERSONAL,D,11000,14.61,0,0.24,N,2,2022,0
22,36000,OWN,4.0,EDUCATION,D,5000,14.61,0,0.14,N,2,2022,0
22,45504,RENT,2.0,DEBTCONSOLIDATION,B,11000,10.99,0,0.24,N,2,2022,0
23,30000,MORTGAGE,4.0,VENTURE,D,9500,15.31,1,0.32,N,2,2022,1
25,48996,RENT,9.0,EDUCATION,A,11000,7.88,0,0.22,N,2,2022,0
24,49278,RENT,4.0,VENTURE,C,11000,13.22,0,0.22,N,2,2022,0
22,50000,RENT,1.0,MEDICAL,A,11000,,0,0.22,N,2,2022,0
25,50000,RENT,0.0,EDUCATION,B,11000,12.53,0,0.22,N,2,2022,0
26,44000,RENT,4.0,DEBTCONSOLIDATION,D,11000,15.31,1,0.25,N,2,2022,1
22,50985,RENT,4.0,EDUCATION,C,11000,13.11,0,0.22,N,2,2022,0
22,36000,MORTGAGE,3.0,MEDICAL,B,6000,12.53,0,0.17,N,2,2022,0
23,30000,MORTGAGE,7.0,MEDICAL,C,10000,13.79,1,0.33,N,2,2022,1
23,54996,RENT,2.0,MEDICAL,C,11000,,0,0.2,N,2,2022,0
26,58195,RENT,3.0,PERSONAL,B,11000,9.91,0,0.19,N,2,2022,0
22,59000,RENT,2.0,EDUCATION,B,11000,10.74,0,0.19,N,2,2022,0
26,36000,MORTGAGE,10.0,PERSONAL,B,18000,10.39,0,0.5,N,2,2022,0
22,71200,RENT,2.0,VENTURE,B,11000,12.42,0,0.15,N,2,2022,0
24,85000,RENT,1.0,MEDICAL,A,11000,6.91,0,0.13,N,2,2022,0
21,87000,RENT,5.0,MEDICAL,B,11000,11.58,0,0.13,N,2,2022,0
23,116000,RENT,7.0,VENTURE,A,11000,8.94,0,0.09,N,2,2022,0
25,36300,MORTGAGE,5.0,VENTURE,A,9000,6.99,0,0.25,N,2,2022,0
25,30300,MORTGAGE,4.0,MEDICAL,B,5000,10.0,1,0.17,N,2,2022,1
24,47230,RENT,8.0,VENTURE,A,10950,6.91,0,0.23,N,2,2022,0
22,60000,RENT,5.0,PERSONAL,D,10900,15.65,0,0.18,N,2,2022,0
24,43680,RENT,1.0,VENTURE,A,10800,5.42,0,0.25,N,2,2022,0
23,30500,MORTGAGE,6.0,MEDICAL,D,3000,14.96,1,0.1,Y,2,2022,1
26,42000,RENT,2.0,PERSONAL,C,10800,13.99,1,0.26,N,2,2022,1
26,30576,MORTGAGE,10.0,MEDICAL,D,3000,14.46,1,0.1,Y,2,2022,1
26,36636,MORTGAGE,,MEDICAL,A,5000,6.03,0,0.14,N,2,2022,0
21,36648,MORTGAGE,,DEBTCONSOLIDATION,B,7125,9.91,0,0.19,N,2,2022,0
23,55000,RENT,2.0,MEDICAL,B,10800,8.88,0,0.2,N,2,2022,0
25,55000,RENT,2.0,VENTURE,C,10800,13.57,0,0.2,N,2,2022,0
25,68000,RENT,9.0,VENTURE,B,10800,10.74,0,0.16,N,2,2022,0
23,72000,RENT,3.0,MEDICAL,A,10800,7.88,0,0.15,N,2,2022,0
22,20796,RENT,1.0,DEBTCONSOLIDATION,D,10775,15.37,1,0.52,Y,2,2022,1
24,24000,RENT,0.0,HOMEIMPROVEMENT,D,10750,15.2,1,0.45,Y,2,2022,1
25,54000,RENT,7.0,HOMEIMPROVEMENT,C,10700,,1,0.2,Y,2,2022,1
22,37000,MORTGAGE,7.0,MEDICAL,B,3600,11.71,0,0.1,N,2,2022,0
22,37000,MORTGAGE,1.0,VENTURE,C,2000,14.27,0,0.05,Y,2,2022,0
25,24000,RENT,2.0,MEDICAL,A,10625,6.03,1,0.44,N,2,2022,1
22,37000,MORTGAGE,0.0,MEDICAL,A,15000,8.49,0,0.41,N,2,2022,0
23,30000,RENT,8.0,EDUCATION,A,10625,6.92,1,0.35,N,2,2022,1
24,62467,RENT,0.0,HOMEIMPROVEMENT,A,10625,8.49,0,0.17,N,2,2022,0
22,31200,RENT,0.0,MEDICAL,C,10600,12.99,1,0.34,N,2,2022,1
25,30000,RENT,3.0,VENTURE,D,10500,16.29,1,0.35,N,2,2022,1
22,36000,RENT,6.0,DEBTCONSOLIDATION,B,10500,10.74,0,0.29,N,2,2022,0
24,37000,RENT,8.0,MEDICAL,D,10500,,0,0.28,N,2,2022,0
22,41900,RENT,3.0,EDUCATION,A,10500,8.49,0,0.25,N,2,2022,0
24,44640,RENT,0.0,VENTURE,B,10500,10.36,0,0.24,N,2,2022,0
22,45000,RENT,0.0,PERSONAL,A,10500,6.99,0,0.23,N,2,2022,0
22,49000,RENT,1.0,HOMEIMPROVEMENT,A,10500,9.38,1,0.21,N,2,2022,1
26,58000,RENT,9.0,PERSONAL,B,10500,11.48,0,0.18,N,2,2022,0
23,43500,RENT,0.0,MEDICAL,C,10450,13.57,0,0.24,N,2,2022,0
24,35004,RENT,9.0,PERSONAL,E,10400,,0,0.3,N,2,2022,0
22,32400,RENT,2.0,MEDICAL,D,10400,14.84,1,0.32,N,2,2022,1
22,37000,MORTGAGE,6.0,EDUCATION,B,7500,10.95,0,0.2,N,2,2022,0
24,37000,MORTGAGE,4.0,MEDICAL,B,25000,10.08,0,0.68,N,2,2022,0
23,51000,RENT,4.0,DEBTCONSOLIDATION,A,10400,,0,0.2,N,2,2022,0
23,64000,RENT,7.0,EDUCATION,D,10325,12.92,1,0.16,Y,2,2022,1
21,45000,RENT,3.0,EDUCATION,B,10300,10.59,0,0.23,N,2,2022,0
26,54996,RENT,1.0,HOMEIMPROVEMENT,A,10250,7.29,0,0.19,N,2,2022,0
24,37200,MORTGAGE,5.0,PERSONAL,A,13000,6.91,0,0.35,N,2,2022,0
26,37200,MORTGAGE,1.0,PERSONAL,B,6000,10.36,0,0.16,N,2,2022,0
23,37344,MORTGAGE,0.0,EDUCATION,C,3200,12.68,0,0.09,Y,2,2022,0
23,48000,RENT,8.0,VENTURE,D,3600,16.02,0,0.07,N,2,2022,0
22,44000,RENT,3.0,HOMEIMPROVEMENT,C,3600,13.43,1,0.08,Y,2,2022,1
21,37459,MORTGAGE,6.0,EDUCATION,A,5600,6.92,0,0.15,N,2,2022,0
23,60000,RENT,4.0,VENTURE,A,3600,7.9,0,0.06,N,2,2022,0
21,37500,MORTGAGE,5.0,PERSONAL,A,12000,5.79,0,0.32,N,2,2022,0
22,60000,RENT,,EDUCATION,C,3600,15.27,0,0.06,Y,2,2022,0
23,60000,RENT,8.0,EDUCATION,B,3600,9.99,0,0.06,N,2,2022,0
23,65000,RENT,2.0,DEBTCONSOLIDATION,B,3600,11.49,0,0.06,N,2,2022,0
24,65000,RENT,0.0,EDUCATION,B,3600,10.59,0,0.06,N,2,2022,0
25,51850,RENT,2.0,MEDICAL,C,3600,13.99,1,0.06,N,2,2022,1
26,84996,RENT,4.0,EDUCATION,B,3600,11.99,0,0.04,N,2,2022,0
23,31785,MORTGAGE,7.0,MEDICAL,D,6000,14.96,1,0.19,N,2,2022,1
22,37800,MORTGAGE,7.0,EDUCATION,B,7200,10.99,0,0.19,N,2,2022,0
25,19800,RENT,9.0,MEDICAL,D,3625,16.29,1,0.18,N,2,2022,1
23,52000,RENT,2.0,PERSONAL,B,3625,10.59,1,0.07,N,2,2022,1
25,37980,MORTGAGE,7.0,PERSONAL,A,3500,6.03,0,0.09,N,2,2022,0
26,38000,MORTGAGE,1.0,HOMEIMPROVEMENT,A,8875,7.51,0,0.23,N,2,2022,0
23,36000,RENT,4.0,DEBTCONSOLIDATION,B,3700,9.25,0,0.1,N,2,2022,0
23,75000,RENT,2.0,DEBTCONSOLIDATION,A,3700,6.03,0,0.05,N,2,2022,0
23,33000,RENT,0.0,DEBTCONSOLIDATION,A,3725,6.54,0,0.11,N,2,2022,0
23,120000,RENT,3.0,VENTURE,A,3725,8.49,0,0.03,N,2,2022,0
23,21000,RENT,3.0,DEBTCONSOLIDATION,D,3750,15.65,1,0.18,N,2,2022,1
24,38000,OWN,2.0,EDUCATION,A,9600,,0,0.25,N,2,2022,0
25,38000,MORTGAGE,9.0,HOMEIMPROVEMENT,A,5400,8.9,0,0.14,N,2,2022,0
22,38000,MORTGAGE,4.0,MEDICAL,A,18000,8.9,0,0.47,N,2,2022,0
21,25000,RENT,0.0,DEBTCONSOLIDATION,A,3800,8.59,0,0.15,N,2,2022,0
25,30004,RENT,3.0,DEBTCONSOLIDATION,D,3800,14.84,1,0.13,N,2,2022,1
26,38000,MORTGAGE,5.0,HOMEIMPROVEMENT,B,5000,,0,0.13,N,2,2022,0
24,14400,RENT,,MEDICAL,D,3825,,1,0.27,N,2,2022,1
22,38000,MORTGAGE,6.0,DEBTCONSOLIDATION,A,8500,5.42,0,0.22,N,2,2022,0
23,32000,MORTGAGE,,EDUCATION,B,1000,10.59,1,0.03,N,2,2022,1
22,38000,MORTGAGE,6.0,EDUCATION,A,4500,5.79,0,0.12,N,2,2022,0
25,38000,MORTGAGE,4.0,PERSONAL,A,6000,5.42,0,0.16,N,2,2022,0
25,44500,RENT,0.0,VENTURE,B,3900,10.99,0,0.09,N,2,2022,0
22,38000,MORTGAGE,5.0,EDUCATION,B,4200,9.25,0,0.11,N,2,2022,0
25,32000,MORTGAGE,4.0,DEBTCONSOLIDATION,B,8000,10.36,1,0.25,N,2,2022,1
24,13000,RENT,4.0,PERSONAL,B,4000,9.88,1,0.31,N,2,2022,1
22,38000,MORTGAGE,6.0,MEDICAL,A,4000,6.76,0,0.11,N,2,2022,0
24,38000,OWN,0.0,VENTURE,C,8500,13.11,0,0.22,N,2,2022,0
22,14400,RENT,0.0,VENTURE,D,4000,14.61,1,0.28,N,2,2022,1
22,14400,RENT,0.0,DEBTCONSOLIDATION,C,4000,10.91,1,0.28,Y,2,2022,1
22,15000,RENT,3.0,EDUCATION,B,4000,10.08,1,0.27,N,2,2022,1
24,15600,RENT,3.0,MEDICAL,E,4000,16.32,1,0.26,N,2,2022,1
22,15996,RENT,3.0,EDUCATION,C,4000,13.35,1,0.25,Y,2,2022,1
23,18000,RENT,5.0,PERSONAL,B,4000,10.99,1,0.22,N,2,2022,1
21,38000,OWN,1.0,MEDICAL,A,5000,8.94,0,0.13,N,2,2022,0
22,38000,MORTGAGE,4.0,VENTURE,D,4000,14.42,0,0.11,Y,2,2022,0
23,20000,RENT,6.0,PERSONAL,C,4000,12.23,0,0.2,Y,2,2022,0
24,21000,RENT,0.0,EDUCATION,C,4000,13.43,0,0.19,N,2,2022,0
21,21000,RENT,2.0,DEBTCONSOLIDATION,B,4000,11.86,0,0.19,N,2,2022,0
26,21000,RENT,0.0,MEDICAL,B,4000,11.36,0,0.19,N,2,2022,0
26,38004,MORTGAGE,3.0,VENTURE,C,10000,13.35,0,0.26,N,2,2022,0
25,23920,RENT,0.0,MEDICAL,C,4000,14.35,0,0.17,N,2,2022,0
21,24000,RENT,2.0,MEDICAL,D,4000,14.84,1,0.17,Y,2,2022,1
24,24000,RENT,0.0,VENTURE,B,4000,12.21,0,0.17,N,2,2022,0
22,25000,RENT,0.0,DEBTCONSOLIDATION,B,4000,10.36,0,0.16,N,2,2022,0
22,25200,RENT,1.0,MEDICAL,B,4000,,0,0.16,N,2,2022,0
25,25200,RENT,,EDUCATION,B,4000,10.25,0,0.16,N,2,2022,0
26,26400,RENT,0.0,EDUCATION,A,4000,7.9,0,0.15,N,2,2022,0
23,26400,RENT,8.0,EDUCATION,C,4000,14.17,1,0.15,N,2,2022,1
24,26400,RENT,4.0,MEDICAL,C,4000,13.72,0,0.15,N,2,2022,0
22,27000,RENT,0.0,PERSONAL,A,4000,5.79,0,0.15,N,2,2022,0
22,27000,RENT,6.0,EDUCATION,A,4000,7.14,0,0.15,N,2,2022,0
21,27000,RENT,5.0,MEDICAL,D,4000,15.58,1,0.15,Y,2,2022,1
25,38400,OWN,9.0,EDUCATION,A,1000,6.62,0,0.03,N,2,2022,0
25,27993,RENT,2.0,MEDICAL,C,4000,12.99,0,0.14,N,2,2022,0
21,28000,RENT,2.0,EDUCATION,C,4000,15.23,0,0.14,N,2,2022,0
24,28000,RENT,8.0,MEDICAL,A,4000,,0,0.14,N,2,2022,0
23,38400,MORTGAGE,7.0,VENTURE,A,2000,,0,0.05,N,2,2022,0
25,28008,RENT,5.0,MEDICAL,B,4000,10.0,0,0.14,N,2,2022,0
22,38400,OWN,5.0,EDUCATION,C,10000,13.99,0,0.26,N,2,2022,0
23,28800,RENT,0.0,EDUCATION,A,4000,5.42,0,0.14,N,2,2022,0
22,28800,RENT,2.0,DEBTCONSOLIDATION,C,4000,13.48,0,0.14,N,2,2022,0
26,38400,OWN,2.0,EDUCATION,B,5550,9.99,0,0.14,N,2,2022,0
24,38400,MORTGAGE,7.0,MEDICAL,C,15000,15.23,0,0.39,N,2,2022,0
22,38400,MORTGAGE,,EDUCATION,B,5000,11.49,0,0.13,N,2,2022,0
21,38400,MORTGAGE,0.0,EDUCATION,A,4200,,0,0.11,N,2,2022,0
24,30000,RENT,2.0,VENTURE,A,4000,5.99,0,0.13,N,2,2022,0
24,38400,MORTGAGE,8.0,HOMEIMPROVEMENT,B,10000,10.99,0,0.26,N,2,2022,0
25,38400,OWN,4.0,VENTURE,C,12500,13.06,0,0.33,Y,2,2022,0
22,38400,MORTGAGE,4.0,DEBTCONSOLIDATION,A,10000,5.42,0,0.26,N,2,2022,0
25,38400,MORTGAGE,2.0,DEBTCONSOLIDATION,A,10000,7.29,0,0.26,N,2,2022,0
22,30000,RENT,0.0,VENTURE,D,4000,15.21,1,0.13,N,2,2022,1
22,38400,MORTGAGE,,PERSONAL,A,1000,5.79,0,0.03,N,2,2022,0
25,38400,MORTGAGE,5.0,MEDICAL,A,5700,6.17,0,0.15,N,2,2022,0
24,38400,MORTGAGE,7.0,EDUCATION,C,10000,14.72,0,0.26,N,2,2022,0
26,32400,RENT,9.0,MEDICAL,C,4000,14.27,0,0.12,N,2,2022,0
25,32400,RENT,6.0,MEDICAL,B,4000,10.08,0,0.12,N,2,2022,0
23,32535,RENT,6.0,PERSONAL,B,4000,,0,0.12,N,2,2022,0
24,38400,OTHER,0.0,VENTURE,E,8000,16.0,0,0.21,Y,2,2022,0
21,38400,OWN,0.0,VENTURE,C,12200,,0,0.32,N,2,2022,0
23,34000,RENT,4.0,MEDICAL,B,4000,12.69,0,0.12,N,2,2022,0
23,38500,MORTGAGE,2.0,DEBTCONSOLIDATION,A,3000,,0,0.08,N,2,2022,0
25,34200,RENT,1.0,EDUCATION,B,4000,,0,0.12,N,2,2022,0
25,35000,RENT,4.0,VENTURE,D,4000,16.29,0,0.11,Y,2,2022,0
26,38904,MORTGAGE,1.0,HOMEIMPROVEMENT,B,10000,12.21,0,0.26,N,2,2022,0
24,39000,MORTGAGE,8.0,VENTURE,A,1200,,0,0.03,N,2,2022,0
26,30000,RENT,3.0,MEDICAL,C,4000,14.27,1,0.13,Y,2,2022,1
22,36000,RENT,3.0,EDUCATION,A,4000,5.42,0,0.11,N,2,2022,0
22,30000,RENT,1.0,EDUCATION,D,4000,14.96,1,0.13,Y,2,2022,1
26,36000,RENT,0.0,PERSONAL,B,4000,10.14,0,0.11,N,2,2022,0
23,36300,RENT,0.0,VENTURE,A,4000,7.68,0,0.11,N,2,2022,0
22,37000,RENT,2.0,EDUCATION,B,4000,10.95,0,0.11,N,2,2022,0
22,39000,MORTGAGE,4.0,PERSONAL,B,3250,10.99,0,0.08,N,2,2022,0
23,38400,RENT,7.0,PERSONAL,B,4000,10.59,0,0.1,N,2,2022,0
22,38400,RENT,4.0,EDUCATION,C,4000,12.99,0,0.1,N,2,2022,0
22,32400,RENT,4.0,VENTURE,D,4000,,1,0.12,Y,2,2022,1
23,38850,RENT,0.0,EDUCATION,C,4000,12.72,0,0.1,Y,2,2022,0
26,33000,MORTGAGE,0.0,HOMEIMPROVEMENT,C,9000,13.72,1,0.27,N,2,2022,1
25,39000,MORTGAGE,6.0,DEBTCONSOLIDATION,A,6000,7.51,0,0.15,N,2,2022,0
24,40000,RENT,3.0,DEBTCONSOLIDATION,A,4000,5.42,0,0.1,N,2,2022,0
25,34000,RENT,,HOMEIMPROVEMENT,A,4000,,1,0.12,N,2,2022,1
23,39000,MORTGAGE,8.0,EDUCATION,A,10000,7.51,0,0.26,N,2,2022,0
22,40000,RENT,2.0,EDUCATION,A,4000,,0,0.1,N,2,2022,0
21,40000,RENT,3.0,EDUCATION,A,4000,7.51,0,0.1,N,2,2022,0
23,42000,RENT,0.0,VENTURE,B,4000,10.59,0,0.1,N,2,2022,0
26,36000,RENT,2.0,PERSONAL,D,4000,14.54,1,0.11,N,2,2022,1
24,43000,RENT,8.0,VENTURE,B,4000,12.69,0,0.09,N,2,2022,0
24,39456,OWN,8.0,PERSONAL,A,1325,6.62,0,0.03,N,2,2022,0
23,39500,MORTGAGE,3.0,DEBTCONSOLIDATION,C,10000,14.22,0,0.25,Y,2,2022,0
26,48000,RENT,3.0,VENTURE,A,4000,5.79,0,0.08,N,2,2022,0
24,42000,RENT,8.0,HOMEIMPROVEMENT,B,4000,11.86,1,0.1,N,2,2022,1
23,39600,MORTGAGE,8.0,EDUCATION,A,8250,9.32,0,0.21,N,2,2022,0
26,33660,MORTGAGE,0.0,DEBTCONSOLIDATION,A,4500,5.99,1,0.13,N,2,2022,1
24,44000,RENT,1.0,DEBTCONSOLIDATION,D,4000,17.58,1,0.09,N,2,2022,1
24,50000,RENT,1.0,HOMEIMPROVEMENT,A,4000,5.42,0,0.08,N,2,2022,0
23,39689,OWN,1.0,VENTURE,C,13000,13.57,0,0.33,Y,2,2022,0
25,50000,RENT,2.0,DEBTCONSOLIDATION,B,4000,10.37,0,0.08,N,2,2022,0
23,50000,RENT,1.0,MEDICAL,A,4000,5.42,0,0.08,N,2,2022,0
23,50000,RENT,3.0,EDUCATION,C,4000,12.61,0,0.08,Y,2,2022,0
22,50000,RENT,7.0,MEDICAL,A,4000,7.4,0,0.08,N,2,2022,0
25,50000,RENT,3.0,EDUCATION,D,4000,14.61,0,0.08,N,2,2022,0
22,50004,RENT,2.0,DEBTCONSOLIDATION,A,4000,6.92,0,0.08,N,2,2022,0
24,50004,RENT,5.0,EDUCATION,A,4000,7.88,0,0.08,N,2,2022,0
26,39990,MORTGAGE,3.0,HOMEIMPROVEMENT,C,2400,14.27,0,0.06,Y,2,2022,0
23,51996,RENT,7.0,DEBTCONSOLIDATION,C,4000,13.98,0,0.08,Y,2,2022,0
24,52000,RENT,3.0,MEDICAL,B,4000,9.88,0,0.08,N,2,2022,0
24,53636,RENT,8.0,EDUCATION,B,4000,10.62,0,0.07,N,2,2022,0
25,54000,RENT,2.0,EDUCATION,B,4000,11.89,0,0.07,N,2,2022,0
22,39996,OWN,5.0,EDUCATION,C,3500,,0,0.09,N,2,2022,0
23,55000,RENT,8.0,MEDICAL,B,4000,10.99,0,0.07,N,2,2022,0
21,55000,RENT,5.0,DEBTCONSOLIDATION,C,4000,13.35,0,0.07,Y,2,2022,0
23,55000,RENT,4.0,MEDICAL,B,4000,12.53,0,0.07,N,2,2022,0
22,57000,RENT,6.0,VENTURE,B,4000,,0,0.07,N,2,2022,0
23,57500,RENT,1.0,VENTURE,B,4000,8.88,0,0.07,N,2,2022,0
21,39996,MORTGAGE,6.0,EDUCATION,C,13000,13.48,0,0.33,N,2,2022,0
23,57600,RENT,1.0,DEBTCONSOLIDATION,A,4000,7.75,0,0.07,N,2,2022,0
23,58000,RENT,1.0,VENTURE,B,4000,10.74,0,0.07,N,2,2022,0
23,58320,RENT,4.0,MEDICAL,B,4000,10.37,0,0.07,N,2,2022,0
23,60000,RENT,7.0,EDUCATION,D,4000,15.33,0,0.07,Y,2,2022,0
26,54000,RENT,0.0,MEDICAL,C,4000,13.47,1,0.07,N,2,2022,1
26,62000,RENT,1.0,EDUCATION,C,4000,13.06,0,0.06,Y,2,2022,0
24,56400,RENT,0.0,EDUCATION,E,4000,14.75,1,0.07,Y,2,2022,1
25,65000,RENT,3.0,PERSONAL,A,4000,6.62,0,0.06,N,2,2022,0
26,40000,MORTGAGE,10.0,HOMEIMPROVEMENT,C,12000,13.49,0,0.3,N,2,2022,0
24,65000,RENT,1.0,MEDICAL,A,4000,5.42,0,0.06,N,2,2022,0
23,40000,MORTGAGE,5.0,EDUCATION,B,18000,9.91,0,0.45,N,2,2022,0
24,67200,RENT,5.0,HOMEIMPROVEMENT,D,4000,,0,0.06,Y,2,2022,0
22,40000,MORTGAGE,5.0,DEBTCONSOLIDATION,C,12000,13.49,0,0.3,N,2,2022,0
25,68000,RENT,0.0,VENTURE,A,4000,6.76,0,0.06,N,2,2022,0
22,63000,RENT,6.0,HOMEIMPROVEMENT,B,4000,11.12,1,0.06,N,2,2022,1
23,63996,RENT,2.0,HOMEIMPROVEMENT,D,4000,,1,0.06,Y,2,2022,1
21,70000,RENT,5.0,EDUCATION,A,4000,7.9,0,0.06,N,2,2022,0
25,40000,MORTGAGE,9.0,DEBTCONSOLIDATION,C,7100,,0,0.18,N,2,2022,0
25,75000,RENT,4.0,PERSONAL,B,4000,11.49,0,0.05,N,2,2022,0
22,40000,MORTGAGE,6.0,MEDICAL,A,5000,6.03,0,0.13,N,2,2022,0
22,34000,MORTGAGE,6.0,MEDICAL,B,4500,11.71,1,0.13,N,2,2022,1
25,40000,MORTGAGE,7.0,EDUCATION,A,2100,6.03,0,0.05,N,2,2022,0
23,40000,MORTGAGE,4.0,PERSONAL,B,6000,,0,0.15,N,2,2022,0
22,78972,RENT,5.0,MEDICAL,C,4000,,0,0.05,Y,2,2022,0
26,82000,RENT,2.0,EDUCATION,C,4000,13.48,0,0.05,N,2,2022,0
23,92000,RENT,2.0,EDUCATION,A,4000,5.42,0,0.04,N,2,2022,0
24,93000,RENT,8.0,MEDICAL,A,4000,5.42,0,0.04,N,2,2022,0
26,98000,RENT,3.0,VENTURE,A,4000,9.32,0,0.04,N,2,2022,0
22,40000,MORTGAGE,3.0,DEBTCONSOLIDATION,A,2000,7.9,0,0.05,N,2,2022,0
21,40000,OWN,0.0,EDUCATION,C,2500,14.27,0,0.06,N,2,2022,0
21,40000,MORTGAGE,5.0,PERSONAL,A,5000,6.62,0,0.13,N,2,2022,0
24,15000,RENT,8.0,DEBTCONSOLIDATION,C,4200,13.11,1,0.28,Y,2,2022,1
21,19000,RENT,2.0,HOMEIMPROVEMENT,C,4200,,1,0.22,Y,2,2022,1
23,40000,MORTGAGE,7.0,MEDICAL,A,4000,7.51,0,0.1,N,2,2022,0
25,24996,RENT,1.0,PERSONAL,C,4200,14.26,0,0.17,Y,2,2022,0
24,26000,RENT,0.0,PERSONAL,E,4200,16.0,1,0.16,N,2,2022,1
23,40000,OWN,,VENTURE,A,7500,5.42,0,0.19,N,2,2022,0
24,14400,RENT,0.0,DEBTCONSOLIDATION,B,4375,,1,0.3,N,2,2022,1
26,40000,MORTGAGE,6.0,HOMEIMPROVEMENT,B,6000,11.99,0,0.15,N,2,2022,0
24,16800,RENT,,DEBTCONSOLIDATION,B,4375,9.99,1,0.26,N,2,2022,1
23,50000,RENT,5.0,DEBTCONSOLIDATION,A,4375,8.49,0,0.09,N,2,2022,0
22,19200,RENT,6.0,PERSONAL,B,4400,11.49,1,0.23,N,2,2022,1
23,40000,MORTGAGE,7.0,EDUCATION,C,6000,14.79,0,0.15,N,2,2022,0
26,40000,MORTGAGE,5.0,EDUCATION,A,7200,7.49,0,0.18,N,2,2022,0
22,34000,MORTGAGE,6.0,VENTURE,D,15000,15.99,1,0.44,Y,2,2022,1
23,38000,RENT,5.0,VENTURE,B,4400,11.71,0,0.12,N,2,2022,0
22,40000,MORTGAGE,6.0,DEBTCONSOLIDATION,C,5000,12.99,0,0.13,Y,2,2022,0
24,80000,RENT,7.0,EDUCATION,E,4400,19.03,0,0.06,Y,2,2022,0
22,40000,MORTGAGE,5.0,PERSONAL,A,5400,7.42,0,0.14,N,2,2022,0
24,40000,MORTGAGE,3.0,VENTURE,B,3200,10.99,0,0.08,N,2,2022,0
25,17600,RENT,,PERSONAL,C,4500,13.99,1,0.26,N,2,2022,1
25,40000,OWN,0.0,MEDICAL,A,11000,8.49,0,0.28,N,2,2022,0
24,40000,MORTGAGE,5.0,HOMEIMPROVEMENT,A,15000,7.49,0,0.38,N,2,2022,0
21,18000,RENT,2.0,PERSONAL,B,4500,10.38,1,0.25,N,2,2022,1
24,40000,MORTGAGE,2.0,HOMEIMPROVEMENT,B,2500,9.99,0,0.06,N,2,2022,0
24,18200,RENT,8.0,EDUCATION,A,4500,8.94,1,0.25,N,2,2022,1
25,18204,RENT,0.0,EDUCATION,C,4500,13.61,1,0.25,N,2,2022,1
26,40000,OWN,0.0,MEDICAL,B,4300,10.74,0,0.11,N,2,2022,0
21,20000,RENT,5.0,PERSONAL,C,4500,13.49,0,0.23,N,2,2022,0
21,20004,RENT,4.0,MEDICAL,A,4500,8.0,0,0.22,N,2,2022,0
21,20400,RENT,2.0,PERSONAL,B,4500,10.99,0,0.22,N,2,2022,0
23,21600,RENT,1.0,EDUCATION,D,4500,15.65,1,0.21,N,2,2022,1
23,34000,MORTGAGE,0.0,EDUCATION,C,4000,14.17,1,0.12,N,2,2022,1
23,40000,MORTGAGE,6.0,PERSONAL,B,7200,11.11,0,0.18,N,2,2022,0
24,40000,MORTGAGE,6.0,DEBTCONSOLIDATION,B,5000,11.11,0,0.13,N,2,2022,0
22,24000,RENT,0.0,EDUCATION,B,4500,11.49,0,0.19,N,2,2022,0
25,40000,MORTGAGE,1.0,HOMEIMPROVEMENT,A,4000,7.29,0,0.1,N,2,2022,0
22,24500,RENT,3.0,DEBTCONSOLIDATION,A,4500,8.94,0,0.18,N,2,2022,0
23,26000,RENT,3.0,MEDICAL,A,4500,8.49,1,0.17,N,2,2022,1
22,40000,MORTGAGE,1.0,EDUCATION,A,4800,5.42,0,0.12,N,2,2022,0
22,35000,RENT,2.0,VENTURE,C,4500,14.27,0,0.13,Y,2,2022,0
23,35000,RENT,5.0,PERSONAL,B,4500,10.59,0,0.13,N,2,2022,0
21,36000,RENT,0.0,EDUCATION,A,4500,6.62,0,0.13,N,2,2022,0
22,37342,RENT,3.0,VENTURE,C,4500,11.03,0,0.12,Y,2,2022,0
22,32000,RENT,5.0,MEDICAL,A,4500,9.63,1,0.14,N,2,2022,1
24,38000,RENT,8.0,MEDICAL,B,4500,10.83,0,0.12,N,2,2022,0
23,38004,RENT,2.0,EDUCATION,A,4500,7.88,0,0.12,N,2,2022,0
24,34000,MORTGAGE,1.0,DEBTCONSOLIDATION,D,7000,14.09,1,0.21,N,2,2022,1
26,40000,RENT,0.0,MEDICAL,A,4500,7.74,0,0.11,N,2,2022,0
21,36000,RENT,1.0,VENTURE,D,4500,17.27,1,0.13,N,2,2022,1
24,40000,MORTGAGE,4.0,MEDICAL,B,3500,8.88,0,0.09,N,2,2022,0
26,40000,MORTGAGE,10.0,HOMEIMPROVEMENT,A,5300,5.42,0,0.13,N,2,2022,0
26,42000,RENT,3.0,PERSONAL,A,4500,7.66,0,0.11,N,2,2022,0
25,43500,RENT,0.0,MEDICAL,A,4500,6.76,0,0.1,N,2,2022,0
22,40000,MORTGAGE,6.0,PERSONAL,A,4800,,0,0.12,N,2,2022,0
22,44000,RENT,,PERSONAL,D,4500,14.46,1,0.1,Y,2,2022,1
22,48300,RENT,0.0,HOMEIMPROVEMENT,B,4500,9.76,1,0.09,N,2,2022,1
22,34000,MORTGAGE,4.0,PERSONAL,D,7750,15.21,1,0.23,N,2,2022,1
24,40000,OWN,4.0,PERSONAL,C,2000,14.35,0,0.05,N,2,2022,0
24,55000,RENT,2.0,DEBTCONSOLIDATION,A,4500,7.9,0,0.08,N,2,2022,0
24,40000,MORTGAGE,2.0,VENTURE,C,15250,13.98,0,0.38,Y,2,2022,0
26,58947,RENT,10.0,MEDICAL,A,4500,6.03,0,0.08,N,2,2022,0
23,54000,RENT,5.0,HOMEIMPROVEMENT,A,4500,8.49,1,0.08,N,2,2022,1
23,54000,RENT,7.0,EDUCATION,B,4500,,1,0.08,N,2,2022,1
23,62000,RENT,7.0,VENTURE,B,4500,12.42,0,0.07,N,2,2022,0
25,60000,RENT,9.0,HOMEIMPROVEMENT,B,4500,10.99,1,0.07,N,2,2022,1
25,78996,RENT,9.0,EDUCATION,A,4500,8.63,0,0.06,N,2,2022,0
25,80000,RENT,8.0,VENTURE,C,4500,13.06,0,0.06,N,2,2022,0
25,84000,RENT,0.0,HOMEIMPROVEMENT,B,4500,12.18,0,0.05,N,2,2022,0
24,40000,MORTGAGE,8.0,PERSONAL,B,10000,9.88,0,0.25,N,2,2022,0
21,34000,MORTGAGE,5.0,EDUCATION,B,10000,10.62,1,0.29,N,2,2022,1
26,130000,RENT,0.0,HOMEIMPROVEMENT,C,4550,13.57,0,0.04,Y,2,2022,0
21,24000,RENT,0.0,EDUCATION,C,4600,13.99,0,0.19,Y,2,2022,0
21,28416,RENT,6.0,PERSONAL,A,4600,,0,0.16,N,2,2022,0
24,30000,RENT,0.0,MEDICAL,C,4600,,0,0.15,Y,2,2022,0
22,40000,MORTGAGE,6.0,VENTURE,A,4750,,0,0.12,N,2,2022,0
21,51996,RENT,5.0,PERSONAL,A,4600,8.59,0,0.09,N,2,2022,0
23,52000,RENT,5.0,PERSONAL,D,4600,14.96,1,0.09,N,2,2022,1
23,40000,MORTGAGE,3.0,EDUCATION,B,12000,9.88,0,0.3,N,2,2022,0
22,40000,MORTGAGE,0.0,EDUCATION,C,4000,12.73,0,0.1,Y,2,2022,0
24,73000,RENT,2.0,MEDICAL,B,4600,9.99,0,0.06,N,2,2022,0
24,100000,RENT,1.0,EDUCATION,A,4600,8.49,0,0.05,N,2,2022,0
22,40000,OWN,0.0,VENTURE,C,6400,14.22,0,0.16,Y,2,2022,0
24,40000,MORTGAGE,8.0,DEBTCONSOLIDATION,B,15000,9.88,0,0.38,N,2,2022,0
21,31970,RENT,2.0,VENTURE,A,4650,9.32,0,0.15,N,2,2022,0
23,41000,RENT,7.0,PERSONAL,A,4700,7.9,0,0.11,N,2,2022,0
24,45000,RENT,2.0,DEBTCONSOLIDATION,B,4700,10.96,0,0.1,N,2,2022,0
26,27600,RENT,0.0,MEDICAL,A,4725,6.54,0,0.17,N,2,2022,0
26,14040,RENT,1.0,DEBTCONSOLIDATION,B,4750,10.25,1,0.34,N,2,2022,1
23,14400,RENT,1.0,EDUCATION,B,4750,11.11,1,0.33,N,2,2022,1
22,20400,RENT,1.0,DEBTCONSOLIDATION,B,4750,11.49,0,0.23,N,2,2022,0
22,21000,RENT,4.0,EDUCATION,D,4750,,0,0.23,N,2,2022,0
24,34000,MORTGAGE,3.0,PERSONAL,D,10000,15.31,1,0.29,Y,2,2022,1
24,40000,MORTGAGE,8.0,EDUCATION,D,3000,15.65,0,0.07,N,2,2022,0
22,19800,RENT,,DEBTCONSOLIDATION,B,4800,10.99,1,0.24,N,2,2022,1
26,20000,RENT,0.0,DEBTCONSOLIDATION,A,4800,7.49,0,0.24,N,2,2022,0
23,20400,RENT,0.0,PERSONAL,A,4800,,0,0.24,N,2,2022,0
21,22000,RENT,1.0,MEDICAL,A,4800,7.88,0,0.22,N,2,2022,0
21,34000,OTHER,3.0,VENTURE,E,9600,15.68,1,0.28,Y,2,2022,1
23,23136,RENT,,EDUCATION,A,4800,6.17,0,0.21,N,2,2022,0
22,24000,RENT,6.0,EDUCATION,A,4800,7.49,0,0.2,N,2,2022,0
22,24500,RENT,3.0,MEDICAL,B,4800,10.65,0,0.2,N,2,2022,0
21,27000,RENT,1.0,EDUCATION,A,4800,7.51,0,0.18,N,2,2022,0
23,40000,MORTGAGE,1.0,VENTURE,B,1200,10.83,0,0.03,N,2,2022,0
24,30000,RENT,8.0,VENTURE,B,4800,11.49,0,0.16,N,2,2022,0
24,40000,OWN,4.0,MEDICAL,A,1000,7.37,0,0.03,N,2,2022,0
24,32000,RENT,6.0,MEDICAL,B,4800,10.59,0,0.15,N,2,2022,0
22,32000,RENT,3.0,DEBTCONSOLIDATION,D,4800,16.49,1,0.15,Y,2,2022,1
23,32640,RENT,5.0,VENTURE,B,4800,11.99,0,0.15,N,2,2022,0
24,33600,RENT,0.0,MEDICAL,B,4800,11.86,0,0.14,N,2,2022,0
26,35000,RENT,0.0,DEBTCONSOLIDATION,A,4800,8.9,0,0.14,N,2,2022,0
22,40058,MORTGAGE,5.0,VENTURE,B,6000,9.91,0,0.15,N,2,2022,0
25,35000,RENT,9.0,VENTURE,B,4800,11.14,0,0.14,N,2,2022,0
25,35000,RENT,1.0,MEDICAL,C,4800,10.28,0,0.14,N,2,2022,0
23,40104,OTHER,7.0,EDUCATION,C,10000,12.72,0,0.25,Y,2,2022,0
24,40113,MORTGAGE,6.0,HOMEIMPROVEMENT,A,5000,7.14,0,0.12,N,2,2022,0
21,40200,MORTGAGE,5.0,MEDICAL,A,7200,7.88,0,0.18,N,2,2022,0
25,30000,RENT,0.0,HOMEIMPROVEMENT,E,4800,15.95,1,0.16,Y,2,2022,1
26,40224,MORTGAGE,0.0,PERSONAL,A,7000,7.4,0,0.17,N,2,2022,0
22,32400,RENT,7.0,PERSONAL,C,4800,13.98,1,0.15,Y,2,2022,1
22,40542,MORTGAGE,6.0,VENTURE,A,6250,,0,0.15,N,2,2022,0
26,44600,RENT,0.0,EDUCATION,C,4800,14.65,0,0.11,N,2,2022,0
26,45000,RENT,1.0,MEDICAL,A,4800,5.42,0,0.11,N,2,2022,0
22,40800,MORTGAGE,7.0,EDUCATION,C,17050,,0,0.42,Y,2,2022,0
23,45000,RENT,4.0,PERSONAL,C,4800,13.98,0,0.11,Y,2,2022,0
26,45243,RENT,3.0,VENTURE,B,4800,9.25,0,0.11,N,2,2022,0
24,45840,RENT,2.0,DEBTCONSOLIDATION,A,4800,7.49,0,0.1,N,2,2022,0
24,46000,RENT,0.0,PERSONAL,A,4800,8.9,0,0.1,N,2,2022,0
21,47664,RENT,5.0,DEBTCONSOLIDATION,A,4800,7.9,0,0.1,N,2,2022,0
23,40800,MORTGAGE,4.0,MEDICAL,B,10400,10.0,0,0.25,N,2,2022,0
26,42000,RENT,2.0,VENTURE,C,4800,14.27,1,0.11,N,2,2022,1
24,42000,RENT,2.0,EDUCATION,C,4800,15.23,1,0.11,Y,2,2022,1
22,40800,OWN,6.0,VENTURE,C,10000,12.61,0,0.25,Y,2,2022,0
25,40800,MORTGAGE,,HOMEIMPROVEMENT,A,8000,5.79,0,0.2,N,2,2022,0
22,48000,RENT,0.0,DEBTCONSOLIDATION,C,4800,12.98,0,0.1,Y,2,2022,0
24,40800,OWN,0.0,VENTURE,C,14400,14.35,0,0.35,N,2,2022,0
26,40800,MORTGAGE,3.0,PERSONAL,A,7500,7.88,0,0.18,N,2,2022,0
23,40800,MORTGAGE,3.0,MEDICAL,A,10000,7.14,0,0.25,N,2,2022,0
25,50000,RENT,8.0,EDUCATION,C,4800,15.96,0,0.1,N,2,2022,0
26,52000,RENT,2.0,EDUCATION,B,4800,9.99,0,0.09,N,2,2022,0
23,52000,RENT,3.0,EDUCATION,B,4800,9.88,0,0.09,N,2,2022,0
25,49000,RENT,3.0,MEDICAL,D,4800,14.96,1,0.1,Y,2,2022,1
22,41000,MORTGAGE,6.0,EDUCATION,A,12000,6.03,0,0.29,N,2,2022,0
22,41000,OWN,0.0,PERSONAL,A,1000,6.99,0,0.02,N,2,2022,0
26,65000,RENT,0.0,HOMEIMPROVEMENT,C,4800,13.72,0,0.07,N,2,2022,0
24,41000,MORTGAGE,3.0,VENTURE,A,2500,7.29,0,0.06,N,2,2022,0
22,41000,MORTGAGE,0.0,EDUCATION,B,6000,11.86,0,0.15,N,2,2022,0
23,69000,RENT,7.0,MEDICAL,B,4800,10.75,0,0.07,N,2,2022,0
23,70000,RENT,2.0,PERSONAL,C,4800,,0,0.07,N,2,2022,0
24,72096,RENT,2.0,HOMEIMPROVEMENT,A,4800,7.14,0,0.07,N,2,2022,0
22,67200,RENT,6.0,DEBTCONSOLIDATION,E,4800,16.7,1,0.07,Y,2,2022,1
22,75000,RENT,0.0,DEBTCONSOLIDATION,B,4800,12.21,0,0.06,N,2,2022,0
24,41000,MORTGAGE,3.0,DEBTCONSOLIDATION,B,9000,9.88,0,0.22,N,2,2022,0
23,41000,MORTGAGE,7.0,VENTURE,D,10000,14.96,0,0.24,Y,2,2022,0
26,89000,RENT,,EDUCATION,A,4800,5.99,0,0.05,N,2,2022,0
24,103641,RENT,8.0,VENTURE,B,4800,10.74,0,0.05,N,2,2022,0
24,105000,RENT,5.0,HOMEIMPROVEMENT,C,4800,,0,0.05,Y,2,2022,0
22,115000,RENT,4.0,MEDICAL,A,4800,7.88,0,0.04,N,2,2022,0
24,40000,RENT,0.0,EDUCATION,A,4850,6.62,0,0.12,N,2,2022,0
24,54000,RENT,0.0,HOMEIMPROVEMENT,A,4850,8.49,0,0.09,N,2,2022,0
23,41000,MORTGAGE,4.0,MEDICAL,B,7500,10.71,0,0.18,N,2,2022,0
25,21600,RENT,0.0,EDUCATION,C,4900,13.72,0,0.23,Y,2,2022,0
21,41004,MORTGAGE,5.0,VENTURE,B,24250,10.75,0,0.59,N,2,2022,0
25,41004,OWN,1.0,PERSONAL,B,12000,,0,0.29,N,2,2022,0
24,41100,OWN,2.0,VENTURE,B,9200,12.42,0,0.22,N,2,2022,0
23,41196,MORTGAGE,7.0,EDUCATION,B,16000,11.83,0,0.39,N,2,2022,0
26,99000,RENT,5.0,PERSONAL,A,10000,7.29,0,0.1,N,2,2022,0
24,87996,RENT,8.0,DEBTCONSOLIDATION,D,10000,14.84,1,0.11,Y,2,2022,1
24,100000,RENT,4.0,HOMEIMPROVEMENT,E,10000,16.4,0,0.1,Y,2,2022,0
23,100000,RENT,0.0,PERSONAL,B,10000,11.46,0,0.1,N,2,2022,0
23,41496,OWN,4.0,VENTURE,E,7200,,0,0.17,N,2,2022,0
26,102000,RENT,5.0,MEDICAL,A,10000,8.59,0,0.1,N,2,2022,0
23,107500,RENT,7.0,MEDICAL,A,10000,7.66,0,0.09,N,2,2022,0
26,96000,RENT,2.0,EDUCATION,D,10000,15.28,1,0.1,Y,2,2022,1
23,98000,RENT,0.0,EDUCATION,E,10000,16.4,1,0.1,N,2,2022,1
25,41520,OWN,9.0,MEDICAL,A,4400,7.29,0,0.11,N,2,2022,0
23,110000,RENT,5.0,DEBTCONSOLIDATION,A,10000,7.88,0,0.09,N,2,2022,0
22,41600,OWN,4.0,EDUCATION,B,12000,12.42,0,0.29,N,2,2022,0
24,41600,MORTGAGE,0.0,HOMEIMPROVEMENT,A,10000,8.94,0,0.24,N,2,2022,0
25,41664,MORTGAGE,6.0,HOMEIMPROVEMENT,A,4000,5.99,0,0.1,N,2,2022,0
25,41718,OWN,3.0,VENTURE,A,5000,7.51,0,0.12,N,2,2022,0
25,115000,RENT,3.0,MEDICAL,B,10000,10.37,0,0.09,N,2,2022,0
22,41784,MORTGAGE,6.0,DEBTCONSOLIDATION,A,5000,6.03,0,0.12,N,2,2022,0
26,120000,RENT,11.0,HOMEIMPROVEMENT,C,10000,12.68,0,0.08,N,2,2022,0
23,35941,MORTGAGE,7.0,HOMEIMPROVEMENT,C,3500,13.35,1,0.1,N,2,2022,1
24,120000,RENT,3.0,MEDICAL,A,10000,7.88,0,0.08,N,2,2022,0
25,120000,RENT,3.0,DEBTCONSOLIDATION,A,10000,9.32,0,0.08,N,2,2022,0
23,120000,RENT,0.0,DEBTCONSOLIDATION,C,10000,11.66,0,0.08,N,2,2022,0
24,42000,MORTGAGE,5.0,DEBTCONSOLIDATION,A,19200,7.9,0,0.46,N,2,2022,0
22,42000,MORTGAGE,1.0,PERSONAL,C,10500,14.65,0,0.25,N,2,2022,0
26,125000,RENT,6.0,VENTURE,A,10000,7.49,0,0.08,N,2,2022,0
25,130000,RENT,7.0,HOMEIMPROVEMENT,A,10000,7.49,0,0.08,N,2,2022,0
21,36000,MORTGAGE,2.0,MEDICAL,C,5000,14.27,1,0.14,Y,2,2022,1
25,42000,MORTGAGE,9.0,HOMEIMPROVEMENT,B,12000,9.91,0,0.29,N,2,2022,0
22,140000,RENT,0.0,EDUCATION,B,10000,9.99,0,0.07,N,2,2022,0
24,140000,RENT,0.0,HOMEIMPROVEMENT,B,10000,11.14,0,0.07,N,2,2022,0
22,42000,MORTGAGE,,VENTURE,B,3500,9.91,0,0.08,N,2,2022,0
23,157500,RENT,1.0,EDUCATION,B,10000,12.69,0,0.06,N,2,2022,0
25,42000,OWN,6.0,EDUCATION,A,18000,,0,0.43,N,2,2022,0
24,238000,RENT,2.0,VENTURE,D,10000,13.67,1,0.04,N,2,2022,1
22,42000,MORTGAGE,7.0,DEBTCONSOLIDATION,B,9350,12.69,0,0.22,N,2,2022,0
22,29004,RENT,,EDUCATION,B,9975,,1,0.34,N,2,2022,1
22,42000,MORTGAGE,6.0,MEDICAL,A,3000,6.03,0,0.07,N,2,2022,0
23,65000,RENT,0.0,VENTURE,A,9975,7.51,0,0.15,N,2,2022,0
23,42000,OWN,5.0,VENTURE,A,6500,6.03,0,0.15,N,2,2022,0
22,42000,OWN,6.0,PERSONAL,A,10000,6.03,0,0.24,N,2,2022,0
21,42000,OWN,5.0,EDUCATION,D,5000,17.49,0,0.12,N,2,2022,0
22,33000,RENT,,DEBTCONSOLIDATION,C,9800,,1,0.3,N,2,2022,1
23,44000,RENT,7.0,EDUCATION,A,9800,7.51,1,0.22,N,2,2022,1
23,44000,RENT,7.0,MEDICAL,C,9800,13.11,1,0.22,N,2,2022,1
23,60000,RENT,4.0,EDUCATION,C,9800,13.49,0,0.16,N,2,2022,0
23,66300,RENT,7.0,MEDICAL,D,9800,15.7,1,0.13,Y,2,2022,1
25,42000,MORTGAGE,2.0,EDUCATION,C,7200,14.79,0,0.17,Y,2,2022,0
23,36000,MORTGAGE,7.0,HOMEIMPROVEMENT,B,6725,11.49,1,0.19,N,2,2022,1
23,36504,RENT,0.0,EDUCATION,C,4900,12.68,0,0.13,N,2,2022,0
25,32400,RENT,2.0,MEDICAL,B,4900,11.49,1,0.15,N,2,2022,1
22,42000,MORTGAGE,6.0,EDUCATION,C,6000,12.99,0,0.14,Y,2,2022,0
26,36000,MORTGAGE,1.0,HOMEIMPROVEMENT,B,4500,10.59,1,0.13,N,2,2022,1
21,50000,RENT,5.0,EDUCATION,A,4900,8.94,0,0.1,N,2,2022,0
23,54096,RENT,2.0,PERSONAL,B,4900,,0,0.09,N,2,2022,0
24,69600,RENT,8.0,PERSONAL,B,4900,9.99,0,0.07,N,2,2022,0
23,107000,RENT,2.0,DEBTCONSOLIDATION,A,4900,8.94,0,0.05,N,2,2022,0
22,34000,RENT,3.0,DEBTCONSOLIDATION,A,4975,7.51,1,0.15,N,2,2022,1
23,42000,OWN,0.0,PERSONAL,A,6000,5.42,0,0.14,N,2,2022,0
24,42000,MORTGAGE,8.0,HOMEIMPROVEMENT,D,2500,15.28,0,0.06,N,2,2022,0
25,28800,RENT,0.0,EDUCATION,A,5000,8.9,0,0.17,N,2,2022,0
22,28800,RENT,6.0,EDUCATION,A,5000,6.91,0,0.17,N,2,2022,0
23,28800,RENT,0.0,EDUCATION,B,5000,11.49,0,0.17,N,2,2022,0
23,42000,MORTGAGE,8.0,MEDICAL,B,7600,6.0,0,0.18,N,2,2022,0
23,29100,RENT,3.0,EDUCATION,D,5000,14.84,0,0.17,N,2,2022,0
26,30000,RENT,2.0,EDUCATION,B,5000,12.42,1,0.17,N,2,2022,1
26,30000,RENT,4.0,PERSONAL,C,5000,,0,0.17,Y,2,2022,0
22,30000,RENT,2.0,EDUCATION,C,5000,,0,0.17,Y,2,2022,0
23,30000,RENT,,HOMEIMPROVEMENT,C,5000,12.99,1,0.17,Y,2,2022,1
22,42000,OWN,2.0,VENTURE,A,9000,7.66,0,0.21,N,2,2022,0
26,30000,RENT,11.0,MEDICAL,B,5000,,0,0.17,N,2,2022,0
25,30000,RENT,4.0,EDUCATION,B,5000,11.86,0,0.17,N,2,2022,0
22,30000,RENT,0.0,EDUCATION,B,5000,11.49,0,0.17,N,2,2022,0
23,30000,RENT,0.0,PERSONAL,B,5000,11.86,0,0.17,N,2,2022,0
21,30000,RENT,0.0,VENTURE,A,5000,8.59,0,0.17,N,2,2022,0
21,30000,RENT,2.0,PERSONAL,D,5000,14.96,1,0.17,N,2,2022,1
24,30000,RENT,0.0,EDUCATION,B,5000,11.14,0,0.17,N,2,2022,0
23,30159,RENT,0.0,EDUCATION,B,5000,11.12,0,0.17,N,2,2022,0
25,42000,MORTGAGE,3.0,HOMEIMPROVEMENT,A,10000,5.42,0,0.24,N,2,2022,0
22,30900,RENT,3.0,VENTURE,B,5000,10.0,0,0.16,N,2,2022,0
25,31000,RENT,0.0,PERSONAL,A,5000,8.94,0,0.16,N,2,2022,0
26,31200,RENT,8.0,EDUCATION,A,5000,8.63,0,0.16,N,2,2022,0
25,42000,MORTGAGE,,VENTURE,B,3500,10.36,0,0.08,N,2,2022,0
26,32000,RENT,3.0,VENTURE,A,5000,6.03,0,0.16,N,2,2022,0
23,32000,RENT,3.0,DEBTCONSOLIDATION,C,5000,14.79,0,0.16,N,2,2022,0
26,32000,RENT,3.0,DEBTCONSOLIDATION,A,5000,7.49,0,0.16,N,2,2022,0
24,32004,RENT,3.0,DEBTCONSOLIDATION,C,5000,13.23,0,0.16,N,2,2022,0
23,32400,RENT,0.0,MEDICAL,B,5000,,0,0.15,N,2,2022,0
24,42000,MORTGAGE,7.0,MEDICAL,C,4200,13.23,0,0.1,N,2,2022,0
26,36000,MORTGAGE,2.0,HOMEIMPROVEMENT,B,6000,11.49,1,0.17,N,2,2022,1
23,33000,RENT,5.0,PERSONAL,B,5000,10.62,0,0.15,N,2,2022,0
23,42000,MORTGAGE,0.0,DEBTCONSOLIDATION,A,11000,7.88,0,0.26,N,2,2022,0
21,33000,RENT,5.0,EDUCATION,C,5000,12.84,0,0.15,N,2,2022,0
24,42000,OWN,7.0,MEDICAL,A,3000,7.51,0,0.07,N,2,2022,0
25,34000,RENT,6.0,VENTURE,A,5000,,0,0.15,N,2,2022,0
21,42000,MORTGAGE,6.0,EDUCATION,A,3500,7.51,0,0.08,N,2,2022,0
23,34800,RENT,1.0,HOMEIMPROVEMENT,B,5000,10.99,1,0.14,N,2,2022,1
23,42000,MORTGAGE,7.0,EDUCATION,D,10000,14.59,0,0.24,Y,2,2022,0
25,35000,RENT,0.0,MEDICAL,B,5000,11.71,0,0.14,N,2,2022,0
22,35000,RENT,2.0,MEDICAL,B,5000,11.71,0,0.14,N,2,2022,0
23,35000,RENT,5.0,PERSONAL,A,5000,6.99,0,0.14,N,2,2022,0
26,29000,RENT,6.0,MEDICAL,C,5000,12.99,1,0.17,Y,2,2022,1
25,36000,MORTGAGE,6.0,MEDICAL,D,10000,,1,0.28,N,2,2022,1
23,35000,RENT,3.0,MEDICAL,B,5000,,0,0.14,N,2,2022,0
22,35000,RENT,4.0,PERSONAL,C,5000,13.23,0,0.14,N,2,2022,0
22,42000,MORTGAGE,6.0,MEDICAL,A,5000,8.94,0,0.12,N,2,2022,0
25,42000,MORTGAGE,2.0,PERSONAL,A,6000,8.94,0,0.14,N,2,2022,0
24,42000,MORTGAGE,2.0,HOMEIMPROVEMENT,A,7000,8.59,0,0.17,N,2,2022,0
25,35004,RENT,3.0,PERSONAL,A,5000,8.94,0,0.14,N,2,2022,0
22,30000,RENT,3.0,MEDICAL,D,5000,18.25,1,0.17,N,2,2022,1
23,36000,RENT,1.0,EDUCATION,C,5000,14.79,0,0.14,N,2,2022,0
23,36000,RENT,,DEBTCONSOLIDATION,A,5000,6.17,0,0.14,N,2,2022,0
22,30000,RENT,6.0,MEDICAL,E,5000,17.43,1,0.17,N,2,2022,1
25,42000,OWN,9.0,HOMEIMPROVEMENT,A,8000,9.63,0,0.19,N,2,2022,0
25,36480,RENT,4.0,DEBTCONSOLIDATION,A,5000,6.54,0,0.14,N,2,2022,0
22,36996,RENT,0.0,MEDICAL,A,5000,5.42,0,0.14,N,2,2022,0
24,42000,MORTGAGE,2.0,PERSONAL,C,2000,11.28,0,0.05,N,2,2022,0
26,42000,MORTGAGE,11.0,EDUCATION,D,15075,12.92,0,0.36,N,2,2022,0
23,42000,OWN,1.0,PERSONAL,B,5400,,0,0.13,N,2,2022,0
23,38004,RENT,5.0,VENTURE,A,5000,6.91,0,0.13,N,2,2022,0
24,42252,MORTGAGE,3.0,PERSONAL,C,8000,12.84,0,0.19,N,2,2022,0
25,42348,MORTGAGE,9.0,DEBTCONSOLIDATION,A,8000,,0,0.19,N,2,2022,0
24,38400,RENT,3.0,MEDICAL,B,5000,10.99,0,0.13,N,2,2022,0
22,39000,RENT,4.0,MEDICAL,A,5000,6.99,0,0.13,N,2,2022,0
24,33000,RENT,1.0,MEDICAL,F,5000,21.36,1,0.15,N,2,2022,1
24,42500,MORTGAGE,5.0,PERSONAL,A,4800,7.51,0,0.11,N,2,2022,0
24,42500,MORTGAGE,8.0,DEBTCONSOLIDATION,C,10000,13.8,0,0.24,N,2,2022,0
25,39996,RENT,2.0,DEBTCONSOLIDATION,C,5000,13.72,0,0.13,N,2,2022,0
23,33996,RENT,0.0,PERSONAL,D,5000,14.84,1,0.15,Y,2,2022,1
24,33996,RENT,2.0,HOMEIMPROVEMENT,D,5000,14.96,1,0.15,N,2,2022,1
25,39996,RENT,0.0,VENTURE,C,5000,12.87,0,0.13,Y,2,2022,0
23,39996,RENT,6.0,PERSONAL,B,5000,10.2,0,0.13,N,2,2022,0
21,42500,OTHER,0.0,EDUCATION,D,7000,14.61,0,0.16,Y,2,2022,0
22,40000,RENT,,EDUCATION,A,5000,8.9,0,0.13,N,2,2022,0
25,42504,MORTGAGE,9.0,MEDICAL,A,10000,7.29,0,0.24,N,2,2022,0
21,40000,RENT,4.0,VENTURE,A,5000,5.79,0,0.13,N,2,2022,0
21,36588,MORTGAGE,5.0,DEBTCONSOLIDATION,D,1000,14.61,1,0.03,N,2,2022,1
24,34000,RENT,2.0,EDUCATION,C,5000,12.23,1,0.15,N,2,2022,1
22,40000,RENT,,EDUCATION,A,5000,6.17,0,0.13,N,2,2022,0
23,42806,MORTGAGE,7.0,EDUCATION,A,1000,7.51,0,0.02,N,2,2022,0
26,40000,RENT,1.0,MEDICAL,C,5000,14.26,0,0.13,Y,2,2022,0
22,34800,RENT,0.0,MEDICAL,D,5000,15.21,1,0.14,Y,2,2022,1
23,40992,RENT,7.0,EDUCATION,B,5000,10.99,0,0.12,N,2,2022,0
25,41000,RENT,9.0,MEDICAL,B,5000,11.71,0,0.12,N,2,2022,0
21,35000,RENT,6.0,PERSONAL,C,5000,14.79,1,0.14,N,2,2022,1
23,41000,RENT,2.0,EDUCATION,A,5000,7.51,0,0.12,N,2,2022,0
22,41000,RENT,6.0,VENTURE,A,5000,,0,0.12,N,2,2022,0
23,41017,RENT,6.0,DEBTCONSOLIDATION,A,5000,,0,0.12,N,2,2022,0
24,43000,MORTGAGE,8.0,DEBTCONSOLIDATION,A,9500,6.62,0,0.22,N,2,2022,0
22,43000,MORTGAGE,4.0,PERSONAL,C,6600,14.27,0,0.15,Y,2,2022,0
24,42000,RENT,8.0,MEDICAL,A,5000,5.42,0,0.12,N,2,2022,0
22,43000,OWN,2.0,VENTURE,B,22800,12.69,0,0.53,N,2,2022,0
26,43000,MORTGAGE,6.0,MEDICAL,B,15000,11.99,0,0.35,N,2,2022,0
24,36000,RENT,2.0,DEBTCONSOLIDATION,D,5000,14.59,1,0.14,N,2,2022,1
24,37000,MORTGAGE,8.0,HOMEIMPROVEMENT,B,10000,,1,0.27,N,2,2022,1
25,42288,RENT,2.0,EDUCATION,B,5000,10.99,0,0.12,N,2,2022,0
25,42996,RENT,6.0,DEBTCONSOLIDATION,B,5000,10.38,0,0.12,N,2,2022,0
22,43000,OWN,6.0,EDUCATION,A,7750,7.66,0,0.18,N,2,2022,0
22,43200,RENT,6.0,EDUCATION,B,5000,12.69,0,0.12,N,2,2022,0
22,37900,RENT,2.0,MEDICAL,B,5000,12.18,1,0.13,N,2,2022,1
24,38500,RENT,0.0,MEDICAL,D,5000,14.84,1,0.13,N,2,2022,1
22,43000,MORTGAGE,0.0,EDUCATION,A,5000,7.14,0,0.12,N,2,2022,0
22,45000,RENT,3.0,VENTURE,B,5000,12.42,0,0.11,N,2,2022,0
24,43000,MORTGAGE,3.0,PERSONAL,A,11500,7.88,0,0.27,N,2,2022,0
24,43000,MORTGAGE,6.0,DEBTCONSOLIDATION,C,9250,13.11,0,0.22,N,2,2022,0
23,43000,MORTGAGE,3.0,DEBTCONSOLIDATION,A,9800,8.59,0,0.23,N,2,2022,0
24,45000,RENT,0.0,MEDICAL,C,5000,13.79,0,0.11,Y,2,2022,0
25,45600,RENT,6.0,DEBTCONSOLIDATION,C,5000,,0,0.11,N,2,2022,0
23,39600,RENT,4.0,MEDICAL,D,5000,14.84,1,0.13,Y,2,2022,1
26,40000,RENT,0.0,PERSONAL,D,5000,15.99,1,0.13,Y,2,2022,1
22,46000,RENT,4.0,EDUCATION,A,5000,7.88,0,0.11,N,2,2022,0
23,43000,MORTGAGE,1.0,PERSONAL,A,9000,9.63,0,0.21,N,2,2022,0
24,37000,MORTGAGE,0.0,MEDICAL,C,8500,12.53,1,0.23,Y,2,2022,1
23,47000,RENT,0.0,VENTURE,A,5000,8.9,0,0.11,N,2,2022,0
26,43200,OWN,1.0,EDUCATION,C,17000,13.49,0,0.39,Y,2,2022,0
23,47184,RENT,0.0,DEBTCONSOLIDATION,B,5000,10.25,0,0.11,N,2,2022,0
25,43200,MORTGAGE,6.0,EDUCATION,C,3600,14.79,0,0.08,Y,2,2022,0
22,48000,RENT,7.0,VENTURE,A,5000,6.99,0,0.1,N,2,2022,0
23,37200,MORTGAGE,7.0,HOMEIMPROVEMENT,B,7000,10.59,1,0.19,N,2,2022,1
22,43200,MORTGAGE,,VENTURE,A,7975,7.49,0,0.18,N,2,2022,0
23,37200,MORTGAGE,7.0,DEBTCONSOLIDATION,A,4000,7.66,1,0.11,N,2,2022,1
23,48000,RENT,5.0,DEBTCONSOLIDATION,B,5000,9.25,0,0.1,N,2,2022,0
22,48000,RENT,7.0,PERSONAL,B,5000,11.12,0,0.1,N,2,2022,0
23,42000,RENT,0.0,DEBTCONSOLIDATION,C,5000,,1,0.12,Y,2,2022,1
21,37200,MORTGAGE,3.0,MEDICAL,A,16800,6.17,1,0.45,N,2,2022,1
22,43200,MORTGAGE,7.0,PERSONAL,A,11000,5.42,0,0.25,N,2,2022,0
24,43200,MORTGAGE,3.0,HOMEIMPROVEMENT,C,16000,,0,0.37,Y,2,2022,0
22,48000,RENT,6.0,VENTURE,B,5000,,0,0.1,N,2,2022,0
23,43200,OWN,6.0,VENTURE,E,13000,15.95,0,0.3,N,2,2022,0
24,48000,RENT,3.0,EDUCATION,B,5000,11.89,0,0.1,N,2,2022,0
26,37200,MORTGAGE,10.0,DEBTCONSOLIDATION,C,16000,13.11,1,0.43,N,2,2022,1
24,48200,RENT,3.0,MEDICAL,B,5000,10.38,0,0.1,N,2,2022,0
25,43200,OWN,9.0,VENTURE,B,13800,11.48,0,0.32,N,2,2022,0
23,43236,OWN,1.0,VENTURE,C,18000,12.87,0,0.42,N,2,2022,0
22,49000,RENT,6.0,VENTURE,B,5000,11.86,0,0.1,N,2,2022,0
24,43300,MORTGAGE,2.0,DEBTCONSOLIDATION,B,24000,10.62,0,0.55,N,2,2022,0
23,44000,RENT,6.0,HOMEIMPROVEMENT,D,5000,16.77,1,0.11,N,2,2022,1
24,44000,RENT,2.0,EDUCATION,C,5000,15.23,1,0.11,N,2,2022,1
23,50000,RENT,7.0,EDUCATION,B,5000,10.59,0,0.1,N,2,2022,0
24,50000,RENT,1.0,HOMEIMPROVEMENT,A,5000,7.49,0,0.1,N,2,2022,0
23,49029,RENT,1.0,MEDICAL,A,9000,,1,0.18,N,2,2022,1
24,56000,RENT,8.0,HOMEIMPROVEMENT,D,9000,,0,0.16,Y,2,2022,0
24,56000,RENT,6.0,PERSONAL,A,9000,7.29,0,0.16,N,2,2022,0
23,57000,RENT,1.0,PERSONAL,A,9000,7.14,0,0.16,N,2,2022,0
25,37700,MORTGAGE,7.0,EDUCATION,B,9000,11.58,1,0.24,N,2,2022,1
23,57500,RENT,5.0,EDUCATION,A,9000,6.91,0,0.16,N,2,2022,0
24,58800,RENT,4.0,EDUCATION,A,9000,,0,0.15,N,2,2022,0
22,44000,MORTGAGE,4.0,EDUCATION,B,10000,12.69,0,0.23,N,2,2022,0
23,60000,RENT,2.0,MEDICAL,A,9000,6.17,0,0.15,N,2,2022,0
23,44000,MORTGAGE,2.0,VENTURE,C,4000,15.27,0,0.09,N,2,2022,0
21,44000,MORTGAGE,2.0,DEBTCONSOLIDATION,A,12000,,0,0.27,N,2,2022,0
22,60000,RENT,0.0,DEBTCONSOLIDATION,C,9000,,0,0.15,N,2,2022,0
22,44000,MORTGAGE,2.0,PERSONAL,A,3500,5.99,0,0.08,N,2,2022,0
23,61041,RENT,7.0,PERSONAL,B,9000,11.36,0,0.15,N,2,2022,0
26,64000,RENT,3.0,DEBTCONSOLIDATION,A,9000,6.03,0,0.14,N,2,2022,0
25,44000,MORTGAGE,2.0,VENTURE,D,12000,14.54,0,0.27,N,2,2022,0
24,44000,OWN,8.0,VENTURE,A,14500,7.29,0,0.33,N,2,2022,0
23,69000,RENT,7.0,PERSONAL,B,9000,11.49,0,0.13,N,2,2022,0
24,44000,MORTGAGE,,MEDICAL,A,3600,5.79,0,0.08,N,2,2022,0
22,70000,RENT,3.0,VENTURE,C,9000,13.49,0,0.13,Y,2,2022,0
22,70000,RENT,4.0,EDUCATION,B,9000,,0,0.13,N,2,2022,0
23,44000,OWN,7.0,VENTURE,C,5000,13.23,0,0.11,N,2,2022,0
26,44000,OWN,10.0,VENTURE,C,5000,,0,0.11,N,2,2022,0
26,72000,RENT,0.0,DEBTCONSOLIDATION,B,9000,10.74,0,0.13,N,2,2022,0
24,38000,MORTGAGE,0.0,PERSONAL,D,2500,15.7,1,0.07,N,2,2022,1
25,72500,RENT,2.0,HOMEIMPROVEMENT,B,9000,10.59,0,0.12,N,2,2022,0
25,44000,MORTGAGE,1.0,VENTURE,C,10000,12.87,0,0.23,Y,2,2022,0
24,44000,OWN,8.0,PERSONAL,D,9000,15.31,0,0.2,Y,2,2022,0
25,44000,MORTGAGE,3.0,VENTURE,A,3600,9.32,0,0.08,N,2,2022,0
26,80000,RENT,3.0,VENTURE,A,9000,8.9,0,0.11,N,2,2022,0
26,80000,RENT,0.0,VENTURE,C,9000,13.16,0,0.11,Y,2,2022,0
25,80000,RENT,0.0,EDUCATION,C,9000,,0,0.11,N,2,2022,0
23,80400,RENT,4.0,PERSONAL,A,9000,7.51,0,0.11,N,2,2022,0
22,44000,MORTGAGE,1.0,DEBTCONSOLIDATION,B,18900,10.14,0,0.43,N,2,2022,0
25,84000,RENT,5.0,DEBTCONSOLIDATION,B,9000,11.36,0,0.11,N,2,2022,0
23,44004,OWN,7.0,MEDICAL,A,17000,6.62,0,0.39,N,2,2022,0
26,84996,RENT,0.0,MEDICAL,B,9000,11.26,0,0.11,N,2,2022,0
24,86250,RENT,1.0,HOMEIMPROVEMENT,B,9000,12.69,0,0.1,N,2,2022,0
23,88000,RENT,5.0,MEDICAL,B,9000,,0,0.1,N,2,2022,0
23,92000,RENT,7.0,EDUCATION,A,9000,6.92,0,0.1,N,2,2022,0
23,44390,OWN,3.0,EDUCATION,B,14300,10.99,0,0.32,N,2,2022,0
25,44400,MORTGAGE,9.0,DEBTCONSOLIDATION,A,6000,6.03,0,0.14,N,2,2022,0
25,44400,MORTGAGE,6.0,VENTURE,C,14125,12.99,0,0.32,N,2,2022,0
26,44400,MORTGAGE,,VENTURE,C,6500,14.35,0,0.15,N,2,2022,0
24,24000,RENT,5.0,MEDICAL,B,8975,11.83,1,0.37,N,2,2022,1
26,44470,MORTGAGE,2.0,DEBTCONSOLIDATION,A,4000,6.76,0,0.09,N,2,2022,0
26,52800,RENT,4.0,VENTURE,B,8975,10.99,0,0.17,N,2,2022,0
26,21312,RENT,0.0,PERSONAL,B,8875,10.59,1,0.42,N,2,2022,1
23,23000,RENT,2.0,EDUCATION,A,8875,8.9,1,0.39,N,2,2022,1
24,44582,MORTGAGE,8.0,PERSONAL,A,5600,7.49,0,0.13,N,2,2022,0
26,24500,RENT,4.0,PERSONAL,B,8875,10.0,1,0.36,N,2,2022,1
24,28800,RENT,2.0,PERSONAL,B,8875,,1,0.31,N,2,2022,1
22,44720,MORTGAGE,6.0,PERSONAL,A,6000,7.9,0,0.13,N,2,2022,0
26,44959,MORTGAGE,2.0,PERSONAL,B,10000,11.71,0,0.22,N,2,2022,0
23,45000,MORTGAGE,4.0,EDUCATION,C,8650,14.27,0,0.19,N,2,2022,0
25,80000,RENT,,DEBTCONSOLIDATION,A,8800,7.51,0,0.11,N,2,2022,0
25,45000,MORTGAGE,4.0,VENTURE,C,10400,14.27,0,0.23,Y,2,2022,0
23,44000,RENT,1.0,MEDICAL,C,5000,13.99,1,0.11,Y,2,2022,1
23,44000,RENT,3.0,MEDICAL,D,5000,14.91,1,0.11,Y,2,2022,1
24,50000,RENT,6.0,MEDICAL,A,5000,6.54,0,0.1,N,2,2022,0
25,45000,MORTGAGE,1.0,VENTURE,A,3000,6.62,0,0.07,N,2,2022,0
23,50000,RENT,0.0,DEBTCONSOLIDATION,B,5000,10.25,0,0.1,N,2,2022,0
23,50000,RENT,7.0,DEBTCONSOLIDATION,A,5000,7.4,0,0.1,N,2,2022,0
25,50000,RENT,0.0,PERSONAL,A,5000,,0,0.1,N,2,2022,0
24,50000,RENT,2.0,EDUCATION,C,5000,11.03,0,0.1,Y,2,2022,0
21,50252,RENT,4.0,DEBTCONSOLIDATION,B,5000,11.46,0,0.1,N,2,2022,0
23,50400,RENT,3.0,VENTURE,B,5000,10.38,0,0.1,N,2,2022,0
24,39000,MORTGAGE,3.0,DEBTCONSOLIDATION,D,4150,17.58,1,0.11,Y,2,2022,1
21,45000,OWN,2.0,VENTURE,A,6000,,0,0.13,N,2,2022,0
25,45000,MORTGAGE,5.0,PERSONAL,B,3800,10.65,0,0.08,N,2,2022,0
26,25000,RENT,3.0,MEDICAL,B,8500,11.71,1,0.34,N,2,2022,1
25,25000,RENT,0.0,MEDICAL,C,8500,12.53,1,0.34,Y,2,2022,1
24,25000,RENT,0.0,HOMEIMPROVEMENT,B,8500,12.21,1,0.34,N,2,2022,1
25,25000,RENT,4.0,DEBTCONSOLIDATION,B,8500,11.26,1,0.34,N,2,2022,1
21,25200,RENT,3.0,MEDICAL,C,8500,13.61,1,0.34,Y,2,2022,1
25,45000,MORTGAGE,9.0,HOMEIMPROVEMENT,A,6800,6.03,0,0.15,N,2,2022,0
26,45000,MORTGAGE,10.0,HOMEIMPROVEMENT,A,8000,6.99,0,0.18,N,2,2022,0
22,27000,RENT,2.0,EDUCATION,B,8500,12.21,1,0.31,N,2,2022,1
21,27120,RENT,0.0,EDUCATION,A,8500,8.9,1,0.31,N,2,2022,1
24,28800,RENT,1.0,DEBTCONSOLIDATION,A,8500,,0,0.3,N,2,2022,0
25,45000,MORTGAGE,4.0,MEDICAL,A,5800,6.99,0,0.13,N,2,2022,0
23,29520,RENT,7.0,EDUCATION,D,8500,15.37,0,0.29,Y,2,2022,0
21,29760,RENT,1.0,DEBTCONSOLIDATION,B,8500,10.62,0,0.29,N,2,2022,0
23,30000,RENT,6.0,EDUCATION,C,8500,13.49,0,0.28,N,2,2022,0
22,45000,MORTGAGE,2.0,EDUCATION,D,8000,16.49,0,0.18,N,2,2022,0
23,45000,MORTGAGE,7.0,EDUCATION,B,14000,11.49,0,0.31,N,2,2022,0
23,45000,MORTGAGE,4.0,VENTURE,B,4725,11.99,0,0.1,N,2,2022,0
25,38400,RENT,9.0,VENTURE,B,8500,10.99,0,0.22,N,2,2022,0
22,40000,RENT,1.0,PERSONAL,C,8500,14.35,0,0.21,Y,2,2022,0
26,45000,MORTGAGE,10.0,HOMEIMPROVEMENT,C,14125,13.99,0,0.31,Y,2,2022,0
26,40500,RENT,,DEBTCONSOLIDATION,A,8500,7.88,0,0.21,N,2,2022,0
23,45000,MORTGAGE,8.0,VENTURE,B,13000,10.99,0,0.29,N,2,2022,0
26,42996,RENT,10.0,MEDICAL,B,8500,10.2,0,0.2,N,2,2022,0
21,43000,RENT,5.0,VENTURE,D,8500,15.58,0,0.2,N,2,2022,0
26,45000,MORTGAGE,6.0,VENTURE,A,5000,6.99,0,0.11,N,2,2022,0
21,50000,RENT,5.0,VENTURE,B,8500,10.65,0,0.17,N,2,2022,0
21,44000,RENT,5.0,DEBTCONSOLIDATION,B,8500,11.49,1,0.19,N,2,2022,1
26,45000,MORTGAGE,5.0,PERSONAL,A,14650,7.49,0,0.33,N,2,2022,0
24,52582,RENT,5.0,MEDICAL,B,8500,10.62,0,0.16,N,2,2022,0
24,45000,MORTGAGE,8.0,PERSONAL,A,4000,,0,0.09,N,2,2022,0
24,45000,OWN,4.0,VENTURE,A,11000,7.49,0,0.24,N,2,2022,0
24,55000,RENT,5.0,DEBTCONSOLIDATION,B,8500,9.88,0,0.15,N,2,2022,0
25,55000,RENT,7.0,MEDICAL,C,8500,14.22,0,0.15,N,2,2022,0
21,60996,RENT,2.0,VENTURE,B,8500,,0,0.14,N,2,2022,0
23,65000,RENT,6.0,DEBTCONSOLIDATION,C,8500,13.35,0,0.13,Y,2,2022,0
23,65000,RENT,3.0,MEDICAL,B,8500,12.21,0,0.13,N,2,2022,0
23,66200,RENT,5.0,PERSONAL,A,8500,,0,0.13,N,2,2022,0
24,45000,MORTGAGE,8.0,EDUCATION,A,5000,5.79,0,0.11,N,2,2022,0
22,100000,RENT,2.0,EDUCATION,C,8450,12.99,0,0.08,Y,2,2022,0
22,25000,RENT,2.0,EDUCATION,A,8400,6.62,1,0.34,N,2,2022,1
22,53000,RENT,6.0,EDUCATION,B,5000,9.91,0,0.09,N,2,2022,0
23,45000,MORTGAGE,0.0,DEBTCONSOLIDATION,A,1450,,0,0.03,N,2,2022,0
26,54000,RENT,10.0,EDUCATION,B,5000,10.0,0,0.09,N,2,2022,0
22,45000,MORTGAGE,5.0,DEBTCONSOLIDATION,C,5000,12.61,0,0.11,Y,2,2022,0
26,54996,RENT,3.0,HOMEIMPROVEMENT,B,5000,11.86,0,0.09,N,2,2022,0
24,54996,RENT,0.0,HOMEIMPROVEMENT,B,5000,10.39,0,0.09,N,2,2022,0
22,55000,RENT,6.0,EDUCATION,A,5000,6.91,0,0.09,N,2,2022,0
26,56000,RENT,7.0,PERSONAL,A,5000,7.91,0,0.09,N,2,2022,0
22,45000,OWN,6.0,EDUCATION,A,4750,6.39,0,0.11,N,2,2022,0
22,45000,OWN,7.0,EDUCATION,A,6000,6.76,0,0.13,N,2,2022,0
24,51000,RENT,2.0,DEBTCONSOLIDATION,D,5000,14.74,1,0.1,Y,2,2022,1
26,51600,RENT,1.0,HOMEIMPROVEMENT,A,5000,8.94,1,0.1,N,2,2022,1
24,58000,RENT,5.0,MEDICAL,A,5000,7.49,0,0.09,N,2,2022,0
22,58000,RENT,4.0,PERSONAL,C,5000,13.85,0,0.09,N,2,2022,0
23,45000,MORTGAGE,1.0,MEDICAL,B,7200,11.86,0,0.16,N,2,2022,0
21,45000,MORTGAGE,3.0,MEDICAL,A,4500,7.14,0,0.1,N,2,2022,0
26,45000,MORTGAGE,3.0,EDUCATION,C,4000,14.35,0,0.09,Y,2,2022,0
25,58800,RENT,4.0,EDUCATION,D,5000,14.84,0,0.09,N,2,2022,0
26,53000,RENT,4.0,DEBTCONSOLIDATION,D,5000,15.95,1,0.09,Y,2,2022,1
24,45000,MORTGAGE,4.0,MEDICAL,A,1500,,0,0.03,N,2,2022,0
22,45000,MORTGAGE,3.0,EDUCATION,B,15000,11.36,0,0.33,N,2,2022,0
23,60000,RENT,7.0,EDUCATION,C,5000,13.49,0,0.08,N,2,2022,0
22,54000,RENT,6.0,DEBTCONSOLIDATION,D,5000,17.27,1,0.09,Y,2,2022,1
23,60000,RENT,5.0,VENTURE,D,5000,16.49,0,0.08,Y,2,2022,0
24,60000,RENT,2.0,MEDICAL,C,5000,13.99,0,0.08,Y,2,2022,0
24,45000,MORTGAGE,8.0,HOMEIMPROVEMENT,A,4200,7.14,0,0.09,N,2,2022,0
26,60000,RENT,10.0,VENTURE,B,5000,10.99,0,0.08,N,2,2022,0
21,45000,MORTGAGE,5.0,PERSONAL,A,10000,7.51,0,0.22,N,2,2022,0
26,60000,RENT,0.0,PERSONAL,A,5000,7.14,0,0.08,N,2,2022,0
23,60000,RENT,4.0,PERSONAL,C,5000,13.98,0,0.08,Y,2,2022,0
23,45000,MORTGAGE,4.0,EDUCATION,C,14500,13.48,0,0.32,Y,2,2022,0
23,54000,RENT,7.0,EDUCATION,C,5000,12.84,1,0.09,Y,2,2022,1
24,60996,RENT,8.0,HOMEIMPROVEMENT,A,5000,,0,0.08,N,2,2022,0
22,61000,RENT,3.0,MEDICAL,B,5000,9.99,0,0.08,N,2,2022,0
24,45000,MORTGAGE,2.0,HOMEIMPROVEMENT,B,13000,10.62,0,0.29,N,2,2022,0
25,62000,RENT,9.0,DEBTCONSOLIDATION,A,5000,,0,0.08,N,2,2022,0
25,62400,RENT,5.0,VENTURE,A,5000,7.51,0,0.08,N,2,2022,0
23,45000,MORTGAGE,5.0,EDUCATION,B,14500,11.48,0,0.32,N,2,2022,0
25,45000,MORTGAGE,3.0,EDUCATION,B,6000,11.83,0,0.13,N,2,2022,0
24,64151,RENT,0.0,VENTURE,B,5000,11.86,0,0.08,N,2,2022,0
26,45000,MORTGAGE,0.0,HOMEIMPROVEMENT,C,4000,13.92,0,0.09,N,2,2022,0
25,45000,OWN,1.0,PERSONAL,C,10000,12.87,0,0.22,Y,2,2022,0
25,45000,MORTGAGE,0.0,MEDICAL,A,5950,7.74,0,0.13,N,2,2022,0
23,65000,RENT,2.0,VENTURE,A,5000,5.42,0,0.08,N,2,2022,0
23,65000,RENT,3.0,MEDICAL,C,5000,13.98,0,0.08,Y,2,2022,0
26,45000,MORTGAGE,1.0,DEBTCONSOLIDATION,A,1500,7.05,0,0.03,N,2,2022,0
23,45000,MORTGAGE,4.0,EDUCATION,B,9925,11.48,0,0.22,N,2,2022,0
24,65000,RENT,1.0,HOMEIMPROVEMENT,B,5000,10.25,0,0.08,N,2,2022,0
23,65000,RENT,3.0,EDUCATION,C,5000,13.47,0,0.08,Y,2,2022,0
23,45000,OWN,0.0,VENTURE,C,8000,12.84,0,0.18,Y,2,2022,0
23,45000,MORTGAGE,1.0,MEDICAL,B,10000,12.21,0,0.22,N,2,2022,0
24,39000,MORTGAGE,1.0,EDUCATION,D,12000,14.11,1,0.31,N,2,2022,1
25,45000,MORTGAGE,0.0,VENTURE,B,17000,11.89,0,0.38,N,2,2022,0
24,45000,MORTGAGE,0.0,VENTURE,A,3600,,0,0.08,N,2,2022,0
24,68648,RENT,1.0,VENTURE,B,5000,10.99,0,0.07,N,2,2022,0
23,63900,RENT,7.0,DEBTCONSOLIDATION,D,5000,15.99,1,0.08,N,2,2022,1
26,70000,RENT,3.0,EDUCATION,E,5000,17.39,0,0.07,N,2,2022,0
23,55488,RENT,4.0,MEDICAL,D,5000,15.21,1,0.08,N,2,2022,1
24,73000,RENT,1.0,DEBTCONSOLIDATION,B,5000,9.01,0,0.07,N,2,2022,0
26,74500,RENT,8.0,VENTURE,B,5000,11.36,0,0.07,N,2,2022,0
23,69000,RENT,4.0,PERSONAL,A,5000,7.49,1,0.07,N,2,2022,1
22,75000,RENT,2.0,VENTURE,B,5000,10.99,0,0.07,N,2,2022,0
22,75000,RENT,2.0,DEBTCONSOLIDATION,A,5000,5.79,0,0.07,N,2,2022,0
25,45000,OWN,1.0,HOMEIMPROVEMENT,C,9000,11.03,0,0.2,N,2,2022,0
24,75000,RENT,8.0,PERSONAL,C,5000,11.78,0,0.07,Y,2,2022,0
25,45000,OWN,0.0,EDUCATION,C,6500,10.28,0,0.14,Y,2,2022,0
25,76000,RENT,0.0,DEBTCONSOLIDATION,A,5000,8.9,0,0.07,N,2,2022,0
25,76344,RENT,2.0,HOMEIMPROVEMENT,A,5000,9.63,0,0.07,N,2,2022,0
21,45192,MORTGAGE,0.0,PERSONAL,B,11700,10.74,0,0.26,N,2,2022,0
23,45288,MORTGAGE,7.0,DEBTCONSOLIDATION,B,20500,9.25,0,0.45,N,2,2022,0
23,80000,RENT,6.0,PERSONAL,A,5000,5.42,0,0.06,N,2,2022,0
24,45336,MORTGAGE,8.0,MEDICAL,A,10000,5.99,0,0.22,N,2,2022,0
23,45378,MORTGAGE,7.0,PERSONAL,A,6000,5.79,0,0.13,N,2,2022,0
26,73000,RENT,0.0,EDUCATION,D,5000,15.31,1,0.07,Y,2,2022,1
23,45500,OWN,5.0,EDUCATION,C,14000,14.72,0,0.31,Y,2,2022,0
23,45600,MORTGAGE,3.0,VENTURE,C,12000,14.65,0,0.26,Y,2,2022,0
24,90000,RENT,0.0,DEBTCONSOLIDATION,B,5000,10.59,0,0.06,N,2,2022,0
25,45600,MORTGAGE,6.0,HOMEIMPROVEMENT,A,15000,5.79,0,0.33,N,2,2022,0
21,39600,MORTGAGE,5.0,MEDICAL,A,6400,6.91,1,0.16,N,2,2022,1
22,45600,MORTGAGE,5.0,VENTURE,B,2000,10.36,0,0.04,N,2,2022,0
22,45600,MORTGAGE,5.0,VENTURE,B,9500,10.38,0,0.21,N,2,2022,0
22,45600,MORTGAGE,3.0,VENTURE,A,1600,7.88,0,0.04,N,2,2022,0
23,86004,RENT,0.0,PERSONAL,D,5000,14.84,1,0.06,N,2,2022,1
26,45608,OWN,8.0,HOMEIMPROVEMENT,A,11000,6.62,0,0.24,N,2,2022,0
22,45691,MORTGAGE,5.0,VENTURE,A,7000,7.14,0,0.15,N,2,2022,0
23,100000,RENT,5.0,EDUCATION,A,5000,6.03,0,0.05,N,2,2022,0
23,106000,RENT,7.0,EDUCATION,A,5000,7.88,0,0.05,N,2,2022,0
25,45996,OWN,0.0,HOMEIMPROVEMENT,A,3850,,0,0.08,N,2,2022,0
26,45996,OWN,5.0,HOMEIMPROVEMENT,A,9225,,0,0.2,N,2,2022,0
26,120000,RENT,3.0,HOMEIMPROVEMENT,A,5000,7.68,0,0.04,N,2,2022,0
24,46000,MORTGAGE,2.0,DEBTCONSOLIDATION,B,10075,12.42,0,0.22,N,2,2022,0
23,150000,RENT,3.0,VENTURE,B,5000,10.65,0,0.03,N,2,2022,0
26,46000,MORTGAGE,3.0,HOMEIMPROVEMENT,B,11000,12.69,0,0.24,N,2,2022,0
22,24000,RENT,0.0,DEBTCONSOLIDATION,C,5200,13.49,0,0.22,Y,2,2022,0
25,46000,MORTGAGE,4.0,EDUCATION,C,2125,12.99,0,0.05,Y,2,2022,0
21,26000,RENT,5.0,MEDICAL,B,5200,12.53,0,0.2,N,2,2022,0
23,35000,RENT,0.0,DEBTCONSOLIDATION,C,5200,13.92,0,0.15,N,2,2022,0
24,46000,MORTGAGE,8.0,MEDICAL,A,2000,7.66,0,0.04,N,2,2022,0
22,46000,MORTGAGE,6.0,PERSONAL,B,4000,10.37,0,0.09,N,2,2022,0
23,45000,RENT,3.0,MEDICAL,B,5275,10.39,0,0.12,N,2,2022,0
24,57600,RENT,3.0,PERSONAL,C,5275,13.49,0,0.09,Y,2,2022,0
24,46000,MORTGAGE,5.0,EDUCATION,B,10000,9.99,0,0.22,N,2,2022,0
21,47000,RENT,1.0,MEDICAL,A,5300,7.66,0,0.11,N,2,2022,0
22,50004,RENT,5.0,PERSONAL,D,5300,14.42,0,0.11,Y,2,2022,0
25,40000,MORTGAGE,5.0,HOMEIMPROVEMENT,B,15000,11.36,1,0.38,N,2,2022,1
25,46000,MORTGAGE,1.0,HOMEIMPROVEMENT,C,8600,,0,0.19,N,2,2022,0
22,46000,MORTGAGE,3.0,DEBTCONSOLIDATION,A,6000,7.68,0,0.13,N,2,2022,0
26,25300,RENT,2.0,HOMEIMPROVEMENT,D,5400,16.02,1,0.21,Y,2,2022,1
23,26400,RENT,7.0,EDUCATION,B,5400,10.38,0,0.2,N,2,2022,0
22,32000,RENT,1.0,PERSONAL,D,5400,16.29,1,0.17,N,2,2022,1
23,35000,RENT,7.0,PERSONAL,B,5400,10.59,0,0.15,N,2,2022,0
25,46144,MORTGAGE,9.0,EDUCATION,A,1500,7.49,0,0.03,N,2,2022,0
26,36000,RENT,,VENTURE,A,5400,8.9,0,0.15,N,2,2022,0
22,45000,RENT,4.0,EDUCATION,A,5400,7.29,0,0.12,N,2,2022,0
23,55000,RENT,3.0,VENTURE,B,5400,11.99,0,0.1,N,2,2022,0
23,46394,MORTGAGE,7.0,MEDICAL,C,15000,13.47,0,0.32,N,2,2022,0
23,63000,RENT,3.0,VENTURE,D,5400,14.54,0,0.09,N,2,2022,0
23,46450,MORTGAGE,6.0,EDUCATION,A,10000,5.42,0,0.22,N,2,2022,0
22,58617,RENT,6.0,MEDICAL,D,5400,15.21,1,0.09,N,2,2022,1
22,69108,RENT,2.0,PERSONAL,E,5400,15.95,1,0.08,Y,2,2022,1
22,22718,RENT,3.0,EDUCATION,B,5425,11.99,0,0.24,N,2,2022,0
23,46500,OWN,2.0,DEBTCONSOLIDATION,D,6000,,0,0.13,Y,2,2022,0
21,46500,MORTGAGE,5.0,EDUCATION,D,1300,14.96,0,0.03,N,2,2022,0
25,18000,RENT,1.0,PERSONAL,B,5500,11.71,1,0.31,N,2,2022,1
26,46800,MORTGAGE,3.0,HOMEIMPROVEMENT,B,12725,12.42,0,0.27,N,2,2022,0
23,46800,MORTGAGE,,PERSONAL,A,5000,6.99,0,0.11,N,2,2022,0
23,20400,RENT,5.0,VENTURE,D,5500,,0,0.27,Y,2,2022,0
24,46800,MORTGAGE,6.0,DEBTCONSOLIDATION,A,12000,6.99,0,0.26,N,2,2022,0
26,46800,MORTGAGE,,HOMEIMPROVEMENT,D,6000,14.91,0,0.13,N,2,2022,0
21,21700,RENT,2.0,HOMEIMPROVEMENT,D,5500,14.91,1,0.25,N,2,2022,1
23,46800,MORTGAGE,4.0,PERSONAL,A,13000,8.59,0,0.28,N,2,2022,0
23,25200,RENT,1.0,EDUCATION,A,5500,7.9,0,0.22,N,2,2022,0
22,26400,RENT,0.0,EDUCATION,C,5500,13.72,0,0.21,Y,2,2022,0
22,46976,OWN,5.0,PERSONAL,C,11000,14.26,0,0.23,Y,2,2022,0
23,27996,RENT,3.0,MEDICAL,C,5500,12.53,0,0.2,N,2,2022,0
24,47000,MORTGAGE,9.0,VENTURE,C,9600,15.96,0,0.2,N,2,2022,0
26,47000,MORTGAGE,5.0,MEDICAL,A,6600,7.9,0,0.14,N,2,2022,0
24,33900,RENT,3.0,EDUCATION,D,5500,17.58,0,0.16,N,2,2022,0
23,33996,RENT,1.0,EDUCATION,C,5500,13.47,0,0.16,Y,2,2022,0
26,34000,RENT,3.0,PERSONAL,D,5500,16.89,0,0.16,Y,2,2022,0
26,47000,OWN,8.0,VENTURE,A,12500,8.49,0,0.27,N,2,2022,0
25,47000,MORTGAGE,5.0,EDUCATION,B,10400,11.49,0,0.22,N,2,2022,0
26,36000,RENT,2.0,PERSONAL,B,5500,10.65,0,0.15,N,2,2022,0
21,36500,RENT,2.0,VENTURE,A,5500,7.51,0,0.15,N,2,2022,0
24,37000,RENT,3.0,PERSONAL,B,5500,9.2,0,0.15,N,2,2022,0
23,47000,MORTGAGE,1.0,VENTURE,A,6000,5.99,0,0.13,N,2,2022,0
22,38500,RENT,0.0,PERSONAL,A,5500,7.74,0,0.14,N,2,2022,0
24,47000,MORTGAGE,7.0,MEDICAL,B,15000,10.74,0,0.32,N,2,2022,0
26,47000,MORTGAGE,0.0,PERSONAL,A,3000,5.79,0,0.06,N,2,2022,0
23,37000,RENT,5.0,DEBTCONSOLIDATION,D,5500,15.31,1,0.15,Y,2,2022,1
22,47000,MORTGAGE,3.0,MEDICAL,A,15000,7.66,0,0.32,N,2,2022,0
22,45000,RENT,3.0,EDUCATION,B,5500,10.38,0,0.12,N,2,2022,0
22,44052,RENT,3.0,DEBTCONSOLIDATION,D,5500,,1,0.12,Y,2,2022,1
24,54000,RENT,6.0,DEBTCONSOLIDATION,A,5500,8.07,0,0.1,N,2,2022,0
26,51000,RENT,3.0,HOMEIMPROVEMENT,C,5500,13.49,1,0.11,Y,2,2022,1
21,59000,RENT,1.0,EDUCATION,A,5500,5.42,0,0.09,N,2,2022,0
22,60000,RENT,0.0,MEDICAL,A,5500,7.88,0,0.09,N,2,2022,0
24,41000,MORTGAGE,1.0,MEDICAL,B,6600,10.71,1,0.16,N,2,2022,1
24,62472,RENT,2.0,EDUCATION,C,5500,12.73,0,0.09,N,2,2022,0
22,14400,RENT,1.0,VENTURE,D,5600,14.59,1,0.39,Y,2,2022,1
24,47300,MORTGAGE,5.0,PERSONAL,A,9500,8.49,0,0.2,N,2,2022,0
24,19200,RENT,0.0,DEBTCONSOLIDATION,A,5600,8.9,1,0.29,N,2,2022,1
25,47412,MORTGAGE,0.0,EDUCATION,A,6500,8.59,0,0.14,N,2,2022,0
21,25000,RENT,5.0,VENTURE,A,5600,7.29,0,0.22,N,2,2022,0
22,26000,RENT,0.0,DEBTCONSOLIDATION,A,5600,8.0,0,0.22,N,2,2022,0
24,28000,RENT,0.0,PERSONAL,D,5600,14.12,1,0.2,Y,2,2022,1
21,30000,RENT,1.0,PERSONAL,D,5600,14.46,1,0.19,N,2,2022,1
21,30000,RENT,3.0,EDUCATION,C,5600,13.61,0,0.19,Y,2,2022,0
24,30996,RENT,2.0,MEDICAL,A,5600,7.49,0,0.18,N,2,2022,0
22,47540,MORTGAGE,4.0,MEDICAL,B,12250,10.62,0,0.26,N,2,2022,0
22,47580,MORTGAGE,6.0,MEDICAL,A,4000,6.62,0,0.08,N,2,2022,0
21,47580,MORTGAGE,5.0,EDUCATION,A,14000,6.03,0,0.29,N,2,2022,0
21,47760,MORTGAGE,2.0,PERSONAL,A,15000,6.03,0,0.31,N,2,2022,0
25,42000,RENT,6.0,MEDICAL,A,5600,7.49,0,0.13,N,2,2022,0
26,43860,RENT,6.0,VENTURE,B,5600,9.63,0,0.13,N,2,2022,0
21,48000,MORTGAGE,5.0,VENTURE,B,7350,10.65,0,0.15,N,2,2022,0
24,47700,RENT,0.0,MEDICAL,B,5600,9.99,0,0.12,N,2,2022,0
24,48000,RENT,7.0,PERSONAL,B,5600,10.62,0,0.12,N,2,2022,0
26,51000,RENT,5.0,PERSONAL,A,5600,7.49,0,0.11,N,2,2022,0
24,52000,RENT,2.0,MEDICAL,A,5600,7.29,0,0.11,N,2,2022,0
22,54000,RENT,4.0,VENTURE,B,5600,9.63,0,0.1,N,2,2022,0
21,55692,RENT,5.0,PERSONAL,A,5600,6.62,0,0.1,N,2,2022,0
22,56000,RENT,6.0,MEDICAL,A,5600,8.32,0,0.1,N,2,2022,0
23,56880,RENT,7.0,EDUCATION,B,5600,,0,0.1,N,2,2022,0
23,60000,RENT,1.0,PERSONAL,A,5600,7.29,0,0.09,N,2,2022,0
23,69996,RENT,7.0,VENTURE,C,5600,13.11,0,0.08,Y,2,2022,0
26,48000,MORTGAGE,10.0,VENTURE,C,13800,13.49,0,0.29,Y,2,2022,0
23,72000,RENT,7.0,VENTURE,B,5600,11.12,0,0.08,N,2,2022,0
23,48000,MORTGAGE,8.0,VENTURE,A,10500,7.51,0,0.22,N,2,2022,0
25,48000,OWN,0.0,PERSONAL,B,6000,10.65,0,0.13,N,2,2022,0
21,48000,OWN,5.0,VENTURE,B,15000,,0,0.31,N,2,2022,0
26,48000,MORTGAGE,10.0,PERSONAL,B,2000,10.99,0,0.04,N,2,2022,0
23,67200,RENT,7.0,EDUCATION,C,5650,13.47,0,0.08,N,2,2022,0
23,66500,RENT,0.0,VENTURE,A,5675,,0,0.09,N,2,2022,0
26,52500,RENT,0.0,DEBTCONSOLIDATION,B,5700,11.12,0,0.11,N,2,2022,0
21,17000,RENT,3.0,MEDICAL,A,5750,8.9,1,0.34,N,2,2022,1
21,42000,MORTGAGE,5.0,DEBTCONSOLIDATION,B,8325,,1,0.2,N,2,2022,1
24,120000,RENT,0.0,VENTURE,A,5775,6.17,0,0.05,N,2,2022,0
25,48000,MORTGAGE,6.0,VENTURE,A,3200,6.99,0,0.07,N,2,2022,0
23,48000,MORTGAGE,5.0,EDUCATION,C,5000,13.99,0,0.1,Y,2,2022,0
26,48000,MORTGAGE,10.0,HOMEIMPROVEMENT,A,4000,5.42,0,0.08,N,2,2022,0
24,48000,MORTGAGE,4.0,EDUCATION,A,5000,5.99,0,0.1,N,2,2022,0
22,25000,RENT,4.0,MEDICAL,C,5825,14.27,0,0.23,N,2,2022,0
23,42000,MORTGAGE,7.0,EDUCATION,A,10500,7.66,1,0.25,N,2,2022,1
23,50000,RENT,8.0,MEDICAL,B,5825,10.65,0,0.12,N,2,2022,0
22,48000,MORTGAGE,1.0,PERSONAL,B,4000,9.63,0,0.08,N,2,2022,0
26,40000,RENT,4.0,VENTURE,B,5875,12.69,0,0.15,N,2,2022,0
23,56000,RENT,3.0,EDUCATION,D,5875,14.54,0,0.1,N,2,2022,0
23,30000,RENT,5.0,EDUCATION,A,5900,7.88,0,0.2,N,2,2022,0
23,29376,RENT,3.0,VENTURE,A,5950,7.66,0,0.2,N,2,2022,0
23,48000,MORTGAGE,7.0,VENTURE,A,14125,,0,0.29,N,2,2022,0
25,48000,MORTGAGE,,HOMEIMPROVEMENT,A,4500,5.42,0,0.09,N,2,2022,0
24,46000,RENT,0.0,EDUCATION,D,5975,14.46,1,0.13,Y,2,2022,1
24,48000,MORTGAGE,3.0,DEBTCONSOLIDATION,B,4800,9.99,0,0.1,N,2,2022,0
22,18000,RENT,2.0,VENTURE,A,6000,6.62,1,0.33,N,2,2022,1
24,18000,RENT,8.0,PERSONAL,B,6000,12.21,1,0.33,N,2,2022,1
23,42000,MORTGAGE,5.0,EDUCATION,D,2000,15.2,1,0.05,Y,2,2022,1
23,19000,RENT,2.0,EDUCATION,C,6000,10.59,1,0.32,N,2,2022,1
22,48000,MORTGAGE,6.0,MEDICAL,B,3800,,0,0.08,N,2,2022,0
21,19200,RENT,0.0,PERSONAL,B,6000,9.88,1,0.31,N,2,2022,1
25,19200,RENT,2.0,HOMEIMPROVEMENT,C,6000,13.11,1,0.31,Y,2,2022,1
22,48000,MORTGAGE,4.0,PERSONAL,A,6500,6.17,0,0.14,N,2,2022,0
24,20000,RENT,8.0,VENTURE,A,6000,7.14,0,0.3,N,2,2022,0
26,20400,RENT,0.0,VENTURE,B,6000,9.99,0,0.29,N,2,2022,0
25,21812,RENT,7.0,EDUCATION,C,6000,14.72,0,0.28,Y,2,2022,0
22,48000,MORTGAGE,2.0,MEDICAL,B,9600,11.86,0,0.2,N,2,2022,0
21,23000,RENT,5.0,EDUCATION,B,6000,10.95,0,0.26,N,2,2022,0
22,48000,MORTGAGE,4.0,PERSONAL,B,4000,11.86,0,0.08,N,2,2022,0
21,23040,RENT,0.0,HOMEIMPROVEMENT,A,6000,7.9,1,0.26,N,2,2022,1
25,48000,MORTGAGE,4.0,PERSONAL,B,7350,11.12,0,0.15,N,2,2022,0
23,48000,MORTGAGE,0.0,EDUCATION,A,3200,7.51,0,0.07,N,2,2022,0
23,24000,RENT,0.0,DEBTCONSOLIDATION,B,6000,,0,0.25,N,2,2022,0
22,48000,MORTGAGE,6.0,EDUCATION,A,5000,7.88,0,0.1,N,2,2022,0
21,24996,RENT,6.0,DEBTCONSOLIDATION,C,6000,13.61,0,0.24,N,2,2022,0
23,25000,RENT,7.0,VENTURE,A,6000,7.51,0,0.24,N,2,2022,0
25,25000,RENT,2.0,PERSONAL,B,6000,,0,0.24,N,2,2022,0
25,25000,RENT,1.0,DEBTCONSOLIDATION,E,6000,16.4,1,0.24,N,2,2022,1
26,25000,RENT,5.0,EDUCATION,A,6000,8.0,0,0.24,N,2,2022,0
22,48000,MORTGAGE,4.0,MEDICAL,B,15000,9.88,0,0.31,N,2,2022,0
24,25200,RENT,6.0,MEDICAL,A,6000,7.49,0,0.24,N,2,2022,0
26,48000,MORTGAGE,1.0,VENTURE,B,4200,10.62,0,0.09,N,2,2022,0
26,48000,MORTGAGE,10.0,VENTURE,A,4000,,0,0.08,N,2,2022,0
21,26000,RENT,5.0,DEBTCONSOLIDATION,A,6000,7.49,0,0.23,N,2,2022,0
26,26400,RENT,6.0,PERSONAL,B,6000,10.65,0,0.23,N,2,2022,0
25,48000,MORTGAGE,5.0,HOMEIMPROVEMENT,A,7800,8.94,0,0.16,N,2,2022,0
22,48000,MORTGAGE,0.0,PERSONAL,B,2800,12.53,0,0.06,N,2,2022,0
25,27040,RENT,2.0,PERSONAL,A,6000,7.9,0,0.22,N,2,2022,0
24,48000,MORTGAGE,0.0,EDUCATION,B,4400,11.83,0,0.09,N,2,2022,0
23,48000,OWN,8.0,EDUCATION,C,6000,12.87,0,0.13,Y,2,2022,0
22,28000,RENT,3.0,EDUCATION,C,6000,12.98,0,0.21,Y,2,2022,0
26,48000,MORTGAGE,10.0,EDUCATION,A,10000,7.74,0,0.21,N,2,2022,0
21,48000,MORTGAGE,5.0,EDUCATION,C,10800,12.84,0,0.23,N,2,2022,0
24,29000,RENT,5.0,MEDICAL,C,6000,15.27,0,0.21,N,2,2022,0
22,29000,RENT,5.0,VENTURE,B,6000,10.25,0,0.21,N,2,2022,0
22,30000,RENT,1.0,EDUCATION,B,6000,10.65,0,0.2,N,2,2022,0
22,48000,MORTGAGE,6.0,EDUCATION,A,9925,9.63,0,0.21,N,2,2022,0
24,30000,RENT,0.0,MEDICAL,C,6000,13.49,0,0.2,N,2,2022,0
24,30000,RENT,0.0,VENTURE,B,6000,12.42,0,0.2,N,2,2022,0
25,48000,MORTGAGE,9.0,EDUCATION,C,7000,12.09,0,0.15,Y,2,2022,0
22,30000,RENT,4.0,PERSONAL,B,6000,10.99,1,0.2,N,2,2022,1
22,30000,RENT,3.0,PERSONAL,B,6000,10.37,0,0.2,N,2,2022,0
26,30000,RENT,2.0,MEDICAL,A,6000,6.54,0,0.2,N,2,2022,0
26,30000,RENT,0.0,DEBTCONSOLIDATION,D,6000,,1,0.2,Y,2,2022,1
21,30000,RENT,3.0,MEDICAL,A,6000,8.94,0,0.2,N,2,2022,0
23,48152,MORTGAGE,7.0,MEDICAL,A,9500,7.29,0,0.2,N,2,2022,0
22,48156,MORTGAGE,6.0,DEBTCONSOLIDATION,A,3000,,0,0.06,N,2,2022,0
23,48235,MORTGAGE,5.0,VENTURE,B,20000,12.18,0,0.41,N,2,2022,0
22,31200,RENT,4.0,EDUCATION,C,6000,13.22,0,0.19,N,2,2022,0
23,48500,MORTGAGE,8.0,PERSONAL,B,6000,10.25,0,0.12,N,2,2022,0
25,32000,RENT,2.0,MEDICAL,B,6000,10.62,1,0.19,N,2,2022,1
23,48600,OWN,2.0,MEDICAL,A,5000,7.49,0,0.1,N,2,2022,0
26,33000,RENT,1.0,VENTURE,D,6000,14.84,1,0.18,N,2,2022,1
24,48661,MORTGAGE,7.0,EDUCATION,D,8000,17.58,0,0.16,N,2,2022,0
21,33280,RENT,0.0,VENTURE,C,6000,13.23,0,0.18,Y,2,2022,0
24,48800,MORTGAGE,7.0,DEBTCONSOLIDATION,A,9000,7.49,0,0.18,N,2,2022,0
24,48852,MORTGAGE,4.0,VENTURE,A,10300,6.99,0,0.21,N,2,2022,0
22,34039,RENT,,PERSONAL,A,6000,7.9,0,0.18,N,2,2022,0
23,48996,MORTGAGE,7.0,EDUCATION,C,10525,13.61,0,0.21,N,2,2022,0
22,35000,RENT,2.0,MEDICAL,A,6000,7.49,0,0.17,N,2,2022,0
22,35000,RENT,7.0,EDUCATION,B,6000,,0,0.17,N,2,2022,0
23,35004,RENT,1.0,EDUCATION,B,6000,,0,0.17,N,2,2022,0
23,49000,MORTGAGE,5.0,EDUCATION,A,3500,5.42,0,0.07,N,2,2022,0
24,43000,MORTGAGE,8.0,DEBTCONSOLIDATION,D,10000,16.89,1,0.23,Y,2,2022,1
22,29916,RENT,1.0,PERSONAL,D,6000,15.65,1,0.2,N,2,2022,1
26,49000,MORTGAGE,10.0,EDUCATION,B,20000,10.0,0,0.41,N,2,2022,0
26,30000,RENT,2.0,DEBTCONSOLIDATION,E,6000,16.77,1,0.2,N,2,2022,1
26,49000,MORTGAGE,10.0,EDUCATION,A,14000,7.88,0,0.29,N,2,2022,0
25,36000,RENT,9.0,DEBTCONSOLIDATION,C,6000,14.72,0,0.17,N,2,2022,0
22,49000,MORTGAGE,6.0,VENTURE,A,4000,8.94,0,0.08,N,2,2022,0
22,49000,MORTGAGE,2.0,DEBTCONSOLIDATION,B,8500,12.53,0,0.17,N,2,2022,0
22,49000,MORTGAGE,4.0,VENTURE,A,7000,9.32,0,0.14,N,2,2022,0
22,36000,RENT,1.0,DEBTCONSOLIDATION,A,6000,7.51,0,0.17,N,2,2022,0
22,49032,MORTGAGE,6.0,EDUCATION,B,2400,11.86,0,0.05,N,2,2022,0
22,49140,OWN,0.0,EDUCATION,C,3000,13.16,0,0.06,N,2,2022,0
25,49152,MORTGAGE,7.0,MEDICAL,B,3000,11.71,0,0.06,N,2,2022,0
24,36000,RENT,5.0,MEDICAL,D,6000,14.96,0,0.17,N,2,2022,0
25,49200,MORTGAGE,6.0,MEDICAL,A,5600,7.49,0,0.11,N,2,2022,0
25,49200,MORTGAGE,2.0,EDUCATION,B,6000,10.0,0,0.12,N,2,2022,0
23,36100,RENT,0.0,EDUCATION,B,6000,9.88,0,0.17,N,2,2022,0
25,36852,RENT,1.0,EDUCATION,B,6000,12.42,0,0.16,N,2,2022,0
23,31000,RENT,1.0,DEBTCONSOLIDATION,B,6000,11.71,1,0.19,N,2,2022,1
24,37000,RENT,1.0,DEBTCONSOLIDATION,A,6000,7.66,0,0.16,N,2,2022,0
22,37500,RENT,6.0,MEDICAL,B,6000,12.42,0,0.16,N,2,2022,0
25,32000,RENT,9.0,DEBTCONSOLIDATION,C,6000,12.99,1,0.19,Y,2,2022,1
25,49500,MORTGAGE,2.0,DEBTCONSOLIDATION,A,2400,7.51,0,0.05,N,2,2022,0
25,49500,MORTGAGE,3.0,DEBTCONSOLIDATION,C,9250,13.79,0,0.19,Y,2,2022,0
24,38000,RENT,0.0,DEBTCONSOLIDATION,B,6000,10.39,0,0.16,N,2,2022,0
23,38000,RENT,5.0,EDUCATION,B,6000,10.46,0,0.16,N,2,2022,0
22,49536,MORTGAGE,6.0,DEBTCONSOLIDATION,A,5200,6.62,0,0.1,N,2,2022,0
25,38004,RENT,0.0,DEBTCONSOLIDATION,B,6000,11.89,0,0.16,N,2,2022,0
24,49600,MORTGAGE,8.0,HOMEIMPROVEMENT,A,2500,7.4,0,0.05,N,2,2022,0
24,33000,RENT,3.0,DEBTCONSOLIDATION,D,6000,15.62,1,0.18,N,2,2022,1
25,49713,MORTGAGE,7.0,DEBTCONSOLIDATION,B,12000,11.86,0,0.24,N,2,2022,0
25,49716,MORTGAGE,6.0,MEDICAL,A,8000,9.32,0,0.16,N,2,2022,0
25,33600,RENT,9.0,DEBTCONSOLIDATION,D,6000,15.58,1,0.18,Y,2,2022,1
26,49992,MORTGAGE,10.0,DEBTCONSOLIDATION,B,6000,10.99,0,0.12,N,2,2022,0
26,40000,RENT,4.0,EDUCATION,B,6000,,0,0.15,N,2,2022,0
22,50000,MORTGAGE,2.0,EDUCATION,B,22000,9.91,0,0.44,N,2,2022,0
22,40000,RENT,0.0,VENTURE,A,6000,7.66,0,0.15,N,2,2022,0
22,34000,RENT,4.0,PERSONAL,A,6000,,1,0.18,N,2,2022,1
23,40000,RENT,1.0,PERSONAL,A,6000,7.68,0,0.15,N,2,2022,0
23,41000,RENT,3.0,MEDICAL,B,6000,10.99,0,0.15,N,2,2022,0
26,44000,MORTGAGE,10.0,PERSONAL,D,20000,17.27,1,0.45,Y,2,2022,1
25,42000,RENT,5.0,MEDICAL,B,6000,12.42,0,0.14,N,2,2022,0
22,42000,RENT,6.0,DEBTCONSOLIDATION,B,6000,10.65,0,0.14,N,2,2022,0
26,42000,RENT,3.0,EDUCATION,A,6000,7.29,0,0.14,N,2,2022,0
23,42996,RENT,2.0,EDUCATION,C,6000,12.84,0,0.14,Y,2,2022,0
25,50000,MORTGAGE,3.0,DEBTCONSOLIDATION,A,17000,6.03,0,0.34,N,2,2022,0
25,44000,MORTGAGE,9.0,DEBTCONSOLIDATION,D,15000,,1,0.34,Y,2,2022,1
25,50000,MORTGAGE,0.0,VENTURE,E,8000,19.42,0,0.16,N,2,2022,0
24,44000,RENT,1.0,MEDICAL,A,6000,8.0,0,0.14,N,2,2022,0
25,50000,MORTGAGE,2.0,VENTURE,A,10000,7.9,0,0.2,N,2,2022,0
26,45000,RENT,1.0,EDUCATION,B,6000,9.91,0,0.13,N,2,2022,0
24,50000,OWN,7.0,HOMEIMPROVEMENT,B,20000,12.69,0,0.4,N,2,2022,0
26,45000,RENT,1.0,VENTURE,B,6000,11.71,0,0.13,N,2,2022,0
25,39000,RENT,0.0,VENTURE,C,6000,13.49,1,0.15,Y,2,2022,1
26,45000,RENT,3.0,MEDICAL,A,6000,7.49,0,0.13,N,2,2022,0
26,45000,RENT,3.0,EDUCATION,A,6000,5.79,0,0.13,N,2,2022,0
23,45000,RENT,7.0,VENTURE,B,6000,11.49,0,0.13,N,2,2022,0
26,50000,MORTGAGE,10.0,DEBTCONSOLIDATION,A,5400,8.9,0,0.11,N,2,2022,0
22,39000,RENT,6.0,HOMEIMPROVEMENT,C,6000,13.22,1,0.15,Y,2,2022,1
23,45000,RENT,8.0,DEBTCONSOLIDATION,C,6000,12.53,0,0.13,N,2,2022,0
26,50000,OWN,6.0,EDUCATION,B,3000,9.91,0,0.06,N,2,2022,0
26,50000,MORTGAGE,7.0,VENTURE,A,7200,6.62,0,0.14,N,2,2022,0
24,50000,MORTGAGE,3.0,VENTURE,A,15000,8.9,0,0.3,N,2,2022,0
22,50000,OWN,6.0,EDUCATION,B,1000,9.91,0,0.02,N,2,2022,0
24,50000,MORTGAGE,5.0,PERSONAL,D,22800,17.27,0,0.46,N,2,2022,0
25,50000,MORTGAGE,4.0,DEBTCONSOLIDATION,A,9000,6.03,0,0.18,N,2,2022,0
25,46500,RENT,1.0,EDUCATION,B,6000,8.88,0,0.13,N,2,2022,0
25,47000,RENT,6.0,VENTURE,B,6000,11.71,0,0.13,N,2,2022,0
24,47000,RENT,3.0,PERSONAL,A,6000,7.66,0,0.13,N,2,2022,0
23,41500,RENT,3.0,EDUCATION,E,6000,16.7,1,0.14,N,2,2022,1
24,41628,RENT,6.0,DEBTCONSOLIDATION,C,6000,11.28,1,0.14,Y,2,2022,1
24,47928,RENT,1.0,MEDICAL,B,6000,12.53,0,0.13,N,2,2022,0
23,44000,MORTGAGE,3.0,MEDICAL,B,5400,10.99,1,0.12,N,2,2022,1
23,50000,OWN,0.0,VENTURE,B,2800,10.59,0,0.06,N,2,2022,0
26,50000,MORTGAGE,8.0,VENTURE,B,8000,10.59,0,0.16,N,2,2022,0
23,50000,MORTGAGE,5.0,VENTURE,A,3600,5.99,0,0.07,N,2,2022,0
22,44000,MORTGAGE,6.0,VENTURE,D,6400,15.99,1,0.15,Y,2,2022,1
26,50000,OWN,10.0,PERSONAL,A,7500,5.99,0,0.15,N,2,2022,0
22,50000,MORTGAGE,7.0,DEBTCONSOLIDATION,A,9000,8.49,0,0.18,N,2,2022,0
23,50000,OWN,7.0,VENTURE,A,2050,7.49,0,0.04,N,2,2022,0
22,48996,RENT,6.0,PERSONAL,B,6000,,0,0.12,N,2,2022,0
22,50000,OWN,1.0,MEDICAL,A,3600,,0,0.07,N,2,2022,0
25,49000,RENT,8.0,EDUCATION,C,6000,,0,0.12,Y,2,2022,0
22,50000,RENT,4.0,MEDICAL,B,6000,10.65,0,0.12,N,2,2022,0
22,50000,RENT,3.0,DEBTCONSOLIDATION,C,6000,13.49,0,0.12,Y,2,2022,0
24,50000,MORTGAGE,5.0,PERSONAL,B,3500,10.99,0,0.07,N,2,2022,0
23,50000,RENT,4.0,DEBTCONSOLIDATION,A,6000,5.79,0,0.12,N,2,2022,0
21,50000,RENT,5.0,MEDICAL,B,6000,10.75,0,0.12,N,2,2022,0
22,50000,RENT,6.0,PERSONAL,B,6000,11.89,0,0.12,N,2,2022,0
23,50000,MORTGAGE,3.0,PERSONAL,A,6000,6.92,0,0.12,N,2,2022,0
22,50650,RENT,4.0,DEBTCONSOLIDATION,B,6000,11.86,0,0.12,N,2,2022,0
24,50000,MORTGAGE,8.0,EDUCATION,A,3000,7.66,0,0.06,N,2,2022,0
25,50000,MORTGAGE,9.0,PERSONAL,A,10000,6.92,0,0.2,N,2,2022,0
25,50000,MORTGAGE,9.0,HOMEIMPROVEMENT,B,8000,10.0,0,0.16,N,2,2022,0
25,52000,RENT,4.0,VENTURE,D,6000,14.96,0,0.12,Y,2,2022,0
24,53000,RENT,0.0,EDUCATION,B,6000,11.49,0,0.11,N,2,2022,0
26,50000,MORTGAGE,1.0,VENTURE,B,15000,10.37,0,0.3,N,2,2022,0
25,50000,MORTGAGE,9.0,PERSONAL,A,12000,,0,0.24,N,2,2022,0
25,55000,RENT,0.0,DEBTCONSOLIDATION,B,6000,10.65,0,0.11,N,2,2022,0
22,55000,RENT,6.0,EDUCATION,C,6000,14.27,0,0.11,Y,2,2022,0
23,50000,MORTGAGE,2.0,DEBTCONSOLIDATION,B,14400,10.0,0,0.29,N,2,2022,0
22,55000,RENT,6.0,EDUCATION,A,6000,6.62,0,0.11,N,2,2022,0
23,55000,RENT,7.0,EDUCATION,B,6000,10.99,0,0.11,N,2,2022,0
22,50000,MORTGAGE,4.0,DEBTCONSOLIDATION,B,5150,8.88,0,0.1,N,2,2022,0
24,50000,MORTGAGE,8.0,MEDICAL,A,12000,5.42,0,0.24,N,2,2022,0
26,49200,RENT,7.0,MEDICAL,D,6000,16.49,1,0.12,Y,2,2022,1
25,50000,MORTGAGE,5.0,EDUCATION,B,12000,,0,0.24,N,2,2022,0
24,50000,MORTGAGE,5.0,PERSONAL,A,6000,6.17,0,0.12,N,2,2022,0
25,56000,RENT,1.0,HOMEIMPROVEMENT,B,6000,10.74,0,0.11,N,2,2022,0
25,50000,MORTGAGE,9.0,EDUCATION,A,5000,5.79,0,0.1,N,2,2022,0
22,50000,MORTGAGE,0.0,DEBTCONSOLIDATION,A,12800,5.79,0,0.26,N,2,2022,0
24,58000,RENT,3.0,VENTURE,C,6000,12.87,0,0.1,Y,2,2022,0
22,52800,RENT,6.0,EDUCATION,C,6000,11.97,1,0.11,N,2,2022,1
25,59366,RENT,4.0,MEDICAL,B,6000,11.11,0,0.1,N,2,2022,0
23,60000,RENT,1.0,DEBTCONSOLIDATION,A,6000,,0,0.1,N,2,2022,0
22,50000,OWN,2.0,EDUCATION,B,5600,11.86,0,0.11,N,2,2022,0
24,50000,MORTGAGE,4.0,MEDICAL,A,4000,,0,0.08,N,2,2022,0
24,54000,RENT,3.0,HOMEIMPROVEMENT,B,6000,10.99,1,0.11,N,2,2022,1
24,50000,MORTGAGE,8.0,HOMEIMPROVEMENT,A,9000,7.14,0,0.18,N,2,2022,0
25,50000,MORTGAGE,3.0,HOMEIMPROVEMENT,C,4800,13.61,0,0.1,Y,2,2022,0
23,50000,OWN,3.0,PERSONAL,B,1500,11.49,0,0.03,N,2,2022,0
23,50000,MORTGAGE,2.0,EDUCATION,C,8000,13.61,0,0.16,N,2,2022,0
23,54000,RENT,6.0,HOMEIMPROVEMENT,E,6000,16.45,1,0.11,N,2,2022,1
24,60000,RENT,0.0,HOMEIMPROVEMENT,B,6000,11.48,0,0.1,N,2,2022,0
22,50000,MORTGAGE,4.0,EDUCATION,A,5000,7.51,0,0.1,N,2,2022,0
26,50000,OWN,5.0,MEDICAL,A,3250,7.51,0,0.07,N,2,2022,0
25,50000,OWN,9.0,VENTURE,C,12000,13.98,0,0.24,N,2,2022,0
22,26124,RENT,2.0,EDUCATION,A,7125,5.79,0,0.27,N,2,2022,0
24,70000,RENT,8.0,VENTURE,A,7125,6.92,0,0.1,N,2,2022,0
23,25000,RENT,1.0,PERSONAL,A,7100,7.9,0,0.28,N,2,2022,0
25,50000,MORTGAGE,9.0,DEBTCONSOLIDATION,B,5000,11.36,0,0.1,N,2,2022,0
25,95000,RENT,3.0,DEBTCONSOLIDATION,A,7100,6.99,0,0.07,N,2,2022,0
22,10000,RENT,0.0,HOMEIMPROVEMENT,B,7000,12.21,1,0.7,N,2,2022,1
25,50000,MORTGAGE,9.0,DEBTCONSOLIDATION,A,18000,7.88,0,0.36,N,2,2022,0
22,50000,OWN,2.0,VENTURE,C,6000,14.22,0,0.12,N,2,2022,0
21,15600,RENT,,EDUCATION,A,7000,7.51,1,0.45,N,2,2022,1
21,17000,RENT,,DEBTCONSOLIDATION,B,7000,10.62,1,0.41,N,2,2022,1
22,18000,RENT,1.0,HOMEIMPROVEMENT,B,7000,10.65,1,0.39,N,2,2022,1
22,50000,MORTGAGE,0.0,PERSONAL,A,6250,7.88,0,0.13,N,2,2022,0
21,19200,RENT,5.0,HOMEIMPROVEMENT,C,7000,14.35,1,0.36,N,2,2022,1
23,21600,RENT,5.0,VENTURE,A,7000,6.62,1,0.32,N,2,2022,1
23,50000,MORTGAGE,3.0,VENTURE,C,7000,13.48,0,0.14,Y,2,2022,0
23,50000,MORTGAGE,5.0,PERSONAL,B,9000,11.14,0,0.18,N,2,2022,0
26,50000,MORTGAGE,0.0,EDUCATION,A,10000,7.74,0,0.2,N,2,2022,0
23,50000,MORTGAGE,1.0,PERSONAL,A,9000,,0,0.18,N,2,2022,0
25,23460,RENT,5.0,MEDICAL,B,7000,,0,0.3,N,2,2022,0
22,24000,RENT,6.0,VENTURE,B,7000,12.42,0,0.29,N,2,2022,0
24,24000,RENT,0.0,PERSONAL,D,7000,15.62,1,0.29,N,2,2022,1
22,50000,OWN,3.0,EDUCATION,A,6000,8.94,0,0.12,N,2,2022,0
26,50000,MORTGAGE,5.0,EDUCATION,A,5000,7.4,0,0.1,N,2,2022,0
24,44000,MORTGAGE,0.0,EDUCATION,D,15000,15.31,1,0.34,N,2,2022,1
25,24000,RENT,0.0,VENTURE,E,7000,16.45,1,0.29,Y,2,2022,1
22,24996,RENT,6.0,DEBTCONSOLIDATION,B,7000,11.86,0,0.28,N,2,2022,0
21,25000,RENT,1.0,EDUCATION,B,7000,12.69,0,0.28,N,2,2022,0
22,50000,MORTGAGE,6.0,VENTURE,C,10500,14.26,0,0.21,Y,2,2022,0
22,63000,RENT,6.0,PERSONAL,B,6000,11.49,0,0.1,N,2,2022,0
26,63000,RENT,3.0,HOMEIMPROVEMENT,C,6000,13.23,0,0.1,N,2,2022,0
25,57500,RENT,4.0,VENTURE,C,6000,11.28,1,0.1,N,2,2022,1
23,65000,RENT,2.0,EDUCATION,B,6000,11.99,0,0.09,N,2,2022,0
26,65000,RENT,7.0,EDUCATION,D,6000,16.49,0,0.09,Y,2,2022,0
24,65000,RENT,3.0,MEDICAL,A,6000,,0,0.09,N,2,2022,0
22,50000,MORTGAGE,0.0,EDUCATION,B,20000,11.48,0,0.4,N,2,2022,0
24,50000,MORTGAGE,8.0,EDUCATION,C,3000,13.47,0,0.06,N,2,2022,0
24,50000,MORTGAGE,2.0,VENTURE,A,12500,9.32,0,0.25,N,2,2022,0
23,69000,RENT,7.0,MEDICAL,A,6000,7.88,0,0.09,N,2,2022,0
26,63400,RENT,2.0,PERSONAL,D,6000,15.21,1,0.09,Y,2,2022,1
24,69996,RENT,0.0,HOMEIMPROVEMENT,C,6000,13.06,0,0.09,N,2,2022,0
21,44000,MORTGAGE,2.0,DEBTCONSOLIDATION,E,15000,16.0,1,0.34,N,2,2022,1
23,70000,RENT,4.0,EDUCATION,A,6000,7.49,0,0.09,N,2,2022,0
22,50000,MORTGAGE,7.0,EDUCATION,A,6400,8.0,0,0.13,N,2,2022,0
24,50000,MORTGAGE,1.0,PERSONAL,C,11400,12.53,0,0.23,N,2,2022,0
22,70000,RENT,0.0,EDUCATION,B,6000,11.89,0,0.09,N,2,2022,0
26,50000,OWN,4.0,HOMEIMPROVEMENT,C,10000,13.47,0,0.2,Y,2,2022,0
24,44000,MORTGAGE,6.0,EDUCATION,F,7500,16.33,1,0.17,N,2,2022,1
26,66000,RENT,10.0,VENTURE,C,6000,13.49,1,0.09,Y,2,2022,1
23,50000,OWN,0.0,VENTURE,B,14000,10.33,0,0.28,N,2,2022,0
25,44000,MORTGAGE,7.0,PERSONAL,B,7500,10.08,1,0.17,N,2,2022,1
22,50000,OWN,6.0,MEDICAL,A,15000,8.63,0,0.3,N,2,2022,0
26,74970,RENT,5.0,MEDICAL,A,6000,7.88,0,0.08,N,2,2022,0
22,50004,MORTGAGE,,PERSONAL,B,4950,,0,0.1,N,2,2022,0
23,50004,MORTGAGE,7.0,EDUCATION,A,2700,5.99,0,0.05,N,2,2022,0
23,69000,RENT,7.0,DEBTCONSOLIDATION,D,6000,16.02,1,0.09,Y,2,2022,1
23,75000,RENT,4.0,PERSONAL,C,6000,13.98,0,0.08,Y,2,2022,0
23,75000,RENT,0.0,MEDICAL,B,6000,11.48,0,0.08,N,2,2022,0
24,50004,OWN,2.0,MEDICAL,B,10000,11.12,0,0.2,N,2,2022,0
23,78000,RENT,0.0,MEDICAL,B,6000,9.99,0,0.08,N,2,2022,0
22,50004,MORTGAGE,6.0,VENTURE,D,7200,,0,0.14,Y,2,2022,0
23,50004,MORTGAGE,7.0,PERSONAL,B,16000,11.83,0,0.32,N,2,2022,0
22,80000,RENT,1.0,EDUCATION,A,6000,,0,0.07,N,2,2022,0
26,50004,MORTGAGE,10.0,PERSONAL,A,5000,9.32,0,0.1,N,2,2022,0
22,50004,MORTGAGE,0.0,EDUCATION,A,12000,7.37,0,0.24,N,2,2022,0
23,80607,RENT,2.0,MEDICAL,B,6000,12.21,0,0.07,N,2,2022,0
22,50004,MORTGAGE,6.0,EDUCATION,C,2500,12.53,0,0.05,N,2,2022,0
26,50004,MORTGAGE,10.0,EDUCATION,A,5000,9.32,0,0.1,N,2,2022,0
25,82000,RENT,0.0,PERSONAL,B,6000,9.91,0,0.07,N,2,2022,0
23,50004,MORTGAGE,8.0,EDUCATION,C,2000,11.91,0,0.04,Y,2,2022,0
23,83954,RENT,7.0,EDUCATION,A,6000,,0,0.07,N,2,2022,0
21,50031,MORTGAGE,5.0,PERSONAL,A,2000,5.99,0,0.04,N,2,2022,0
25,84000,RENT,2.0,VENTURE,A,6000,8.94,0,0.07,N,2,2022,0
24,50112,OWN,,PERSONAL,A,1000,5.42,0,0.02,N,2,2022,0
23,50129,MORTGAGE,7.0,VENTURE,A,11400,7.29,0,0.23,N,2,2022,0
25,50280,MORTGAGE,0.0,HOMEIMPROVEMENT,A,10000,9.63,0,0.2,N,2,2022,0
23,50400,MORTGAGE,7.0,EDUCATION,A,8375,7.51,0,0.17,N,2,2022,0
22,75000,RENT,6.0,EDUCATION,B,6000,,1,0.08,N,2,2022,1
26,78000,RENT,5.0,PERSONAL,C,6000,12.68,1,0.08,N,2,2022,1
23,50400,OWN,7.0,EDUCATION,D,7000,15.99,0,0.14,N,2,2022,0
26,81000,RENT,10.0,PERSONAL,A,6000,7.51,1,0.07,N,2,2022,1
22,50400,MORTGAGE,6.0,EDUCATION,D,12000,14.09,0,0.24,N,2,2022,0
26,95000,RENT,0.0,MEDICAL,B,6000,10.99,0,0.06,N,2,2022,0
25,50400,OWN,0.0,HOMEIMPROVEMENT,D,6000,14.59,0,0.12,N,2,2022,0
24,96500,RENT,0.0,DEBTCONSOLIDATION,A,6000,7.66,0,0.06,N,2,2022,0
22,100000,RENT,3.0,EDUCATION,C,6000,12.98,0,0.06,Y,2,2022,0
22,105000,RENT,4.0,VENTURE,B,6000,9.99,0,0.06,N,2,2022,0
22,50500,OWN,6.0,VENTURE,B,6000,11.83,0,0.12,N,2,2022,0
25,50600,OWN,3.0,PERSONAL,A,3000,7.51,0,0.06,N,2,2022,0
26,120000,RENT,10.0,VENTURE,B,6000,9.88,0,0.05,N,2,2022,0
26,125000,RENT,3.0,EDUCATION,B,6000,12.53,0,0.05,N,2,2022,0
25,150000,RENT,3.0,HOMEIMPROVEMENT,C,6000,13.48,0,0.04,N,2,2022,0
25,50000,RENT,9.0,HOMEIMPROVEMENT,B,6075,10.0,0,0.12,N,2,2022,0
24,45000,MORTGAGE,0.0,VENTURE,C,10625,14.27,1,0.24,Y,2,2022,1
23,51000,MORTGAGE,5.0,DEBTCONSOLIDATION,A,4000,6.03,0,0.08,N,2,2022,0
26,39996,RENT,2.0,DEBTCONSOLIDATION,C,6200,13.79,0,0.16,N,2,2022,0
23,42500,RENT,1.0,PERSONAL,C,6200,13.92,0,0.15,N,2,2022,0
25,51000,MORTGAGE,6.0,EDUCATION,C,3000,13.99,0,0.06,N,2,2022,0
23,56000,RENT,4.0,PERSONAL,A,6200,8.49,0,0.11,N,2,2022,0
25,51000,MORTGAGE,0.0,PERSONAL,A,4200,7.29,0,0.08,N,2,2022,0
23,45000,MORTGAGE,6.0,MEDICAL,B,5000,10.74,1,0.11,N,2,2022,1
23,65000,RENT,8.0,PERSONAL,A,6200,,0,0.1,N,2,2022,0
24,65000,RENT,0.0,VENTURE,A,6200,8.9,0,0.1,N,2,2022,0
22,51000,MORTGAGE,6.0,MEDICAL,A,6000,5.79,0,0.12,N,2,2022,0
22,72000,RENT,4.0,PERSONAL,A,6200,5.99,0,0.09,N,2,2022,0
23,51000,MORTGAGE,7.0,MEDICAL,A,10000,7.14,0,0.2,N,2,2022,0
23,14898,RENT,,VENTURE,C,6250,15.27,1,0.42,N,2,2022,1
22,16000,RENT,,VENTURE,B,6250,9.91,1,0.39,N,2,2022,1
25,19200,RENT,4.0,EDUCATION,D,6250,15.31,1,0.33,Y,2,2022,1
24,51000,OWN,6.0,VENTURE,B,6000,10.75,0,0.12,N,2,2022,0
22,23000,RENT,6.0,MEDICAL,C,6250,12.73,0,0.27,N,2,2022,0
21,51000,MORTGAGE,5.0,PERSONAL,A,6000,7.88,0,0.12,N,2,2022,0
24,51000,MORTGAGE,5.0,HOMEIMPROVEMENT,A,3600,7.14,0,0.07,N,2,2022,0
24,51000,OWN,9.0,VENTURE,D,10000,15.31,0,0.2,Y,2,2022,0
22,56000,RENT,0.0,DEBTCONSOLIDATION,B,7000,11.36,0,0.13,N,2,2022,0
26,60000,RENT,9.0,DEBTCONSOLIDATION,C,7000,13.49,0,0.12,N,2,2022,0
22,60000,RENT,1.0,PERSONAL,C,7000,14.65,0,0.12,N,2,2022,0
24,51072,MORTGAGE,8.0,EDUCATION,B,13000,10.95,0,0.25,N,2,2022,0
25,60000,RENT,3.0,HOMEIMPROVEMENT,A,7000,6.92,0,0.12,N,2,2022,0
26,60000,RENT,3.0,MEDICAL,A,7000,6.91,0,0.12,N,2,2022,0
25,60000,RENT,0.0,MEDICAL,B,7000,9.25,0,0.12,N,2,2022,0
22,60000,RENT,3.0,EDUCATION,A,7000,6.91,0,0.12,N,2,2022,0
24,51480,MORTGAGE,7.0,MEDICAL,A,12000,7.88,0,0.23,N,2,2022,0
22,51480,MORTGAGE,4.0,MEDICAL,B,3000,11.83,0,0.06,N,2,2022,0
22,60500,RENT,3.0,DEBTCONSOLIDATION,C,7000,12.84,0,0.12,N,2,2022,0
26,51500,OWN,10.0,HOMEIMPROVEMENT,A,15000,6.92,0,0.29,N,2,2022,0
24,51500,MORTGAGE,6.0,MEDICAL,A,4000,7.51,0,0.08,N,2,2022,0
23,62100,RENT,3.0,MEDICAL,B,7000,,0,0.11,N,2,2022,0
26,63000,RENT,4.0,VENTURE,D,7000,14.84,0,0.11,N,2,2022,0
25,64800,RENT,1.0,PERSONAL,C,7000,12.73,0,0.11,N,2,2022,0
22,51600,MORTGAGE,2.0,VENTURE,C,7000,12.98,0,0.14,Y,2,2022,0
22,65000,RENT,0.0,DEBTCONSOLIDATION,C,7000,12.99,0,0.11,N,2,2022,0
26,65000,RENT,3.0,EDUCATION,A,7000,,0,0.11,N,2,2022,0
24,65000,RENT,0.0,DEBTCONSOLIDATION,B,7000,11.83,0,0.11,N,2,2022,0
23,51852,MORTGAGE,0.0,MEDICAL,A,10000,8.59,0,0.19,N,2,2022,0
23,65000,RENT,0.0,VENTURE,B,7000,10.71,0,0.11,N,2,2022,0
22,51900,MORTGAGE,5.0,VENTURE,B,14100,11.49,0,0.27,N,2,2022,0
21,51996,MORTGAGE,1.0,EDUCATION,A,18000,8.49,0,0.35,N,2,2022,0
25,45996,MORTGAGE,9.0,HOMEIMPROVEMENT,C,11000,12.68,1,0.24,N,2,2022,1
26,67550,RENT,3.0,MEDICAL,A,7000,8.9,0,0.1,N,2,2022,0
22,54400,RENT,2.0,MEDICAL,E,7000,,1,0.11,Y,2,2022,1
22,51996,OWN,7.0,VENTURE,B,6000,10.75,0,0.12,N,2,2022,0
23,72000,RENT,0.0,MEDICAL,A,7000,7.9,0,0.1,N,2,2022,0
26,72000,RENT,8.0,PERSONAL,A,7000,9.32,0,0.1,N,2,2022,0
25,72700,RENT,4.0,HOMEIMPROVEMENT,D,7000,14.84,0,0.1,Y,2,2022,0
25,75000,RENT,4.0,MEDICAL,A,7000,7.49,0,0.09,N,2,2022,0
22,75000,RENT,5.0,EDUCATION,B,7000,10.99,0,0.09,N,2,2022,0
23,75800,RENT,0.0,PERSONAL,A,7000,6.54,0,0.09,N,2,2022,0
22,76000,RENT,6.0,EDUCATION,B,7000,11.12,0,0.09,N,2,2022,0
22,80000,RENT,4.0,PERSONAL,A,7000,7.51,0,0.09,N,2,2022,0
23,80000,RENT,1.0,VENTURE,A,7000,7.14,0,0.09,N,2,2022,0
26,80400,RENT,6.0,VENTURE,B,7000,10.65,0,0.09,N,2,2022,0
23,52000,MORTGAGE,5.0,EDUCATION,B,12800,10.65,0,0.25,N,2,2022,0
23,52000,MORTGAGE,7.0,EDUCATION,A,22000,7.51,0,0.42,N,2,2022,0
23,52000,MORTGAGE,7.0,EDUCATION,A,8400,8.9,0,0.16,N,2,2022,0
21,52000,OWN,1.0,EDUCATION,B,13200,12.42,0,0.25,N,2,2022,0
23,83236,RENT,6.0,EDUCATION,A,7000,6.92,0,0.08,N,2,2022,0
21,52000,MORTGAGE,5.0,DEBTCONSOLIDATION,A,13250,5.99,0,0.25,N,2,2022,0
26,52000,MORTGAGE,6.0,PERSONAL,B,3300,10.99,0,0.06,N,2,2022,0
24,29000,RENT,0.0,DEBTCONSOLIDATION,B,6250,10.99,0,0.22,N,2,2022,0
24,46000,MORTGAGE,8.0,PERSONAL,C,29100,12.99,1,0.63,Y,2,2022,1
25,90000,RENT,3.0,PERSONAL,C,7000,13.16,0,0.08,N,2,2022,0
25,95000,RENT,1.0,DEBTCONSOLIDATION,A,7000,6.99,0,0.07,N,2,2022,0
24,96000,RENT,6.0,DEBTCONSOLIDATION,B,7000,9.91,0,0.07,N,2,2022,0
24,52000,MORTGAGE,6.0,VENTURE,A,9000,5.79,0,0.17,N,2,2022,0
24,110000,RENT,1.0,MEDICAL,A,7000,7.51,0,0.06,N,2,2022,0
24,52000,MORTGAGE,8.0,HOMEIMPROVEMENT,B,15000,10.0,0,0.29,N,2,2022,0
22,115200,RENT,0.0,DEBTCONSOLIDATION,A,7000,7.66,0,0.06,N,2,2022,0
24,118000,RENT,5.0,HOMEIMPROVEMENT,A,7000,8.49,0,0.06,N,2,2022,0
26,52000,MORTGAGE,7.0,VENTURE,B,6500,10.74,0,0.13,N,2,2022,0
23,120000,RENT,1.0,PERSONAL,B,7000,10.75,0,0.06,N,2,2022,0
25,52000,MORTGAGE,7.0,MEDICAL,A,6000,7.66,0,0.12,N,2,2022,0
26,52000,MORTGAGE,10.0,HOMEIMPROVEMENT,B,10750,9.62,0,0.21,N,2,2022,0
24,52000,MORTGAGE,0.0,EDUCATION,C,1200,13.98,0,0.02,Y,2,2022,0
22,52000,MORTGAGE,5.0,VENTURE,C,3000,14.35,0,0.06,N,2,2022,0
25,54503,RENT,9.0,EDUCATION,A,6300,7.51,0,0.12,N,2,2022,0
24,58650,RENT,6.0,MEDICAL,D,6300,14.91,1,0.09,Y,2,2022,1
26,32000,RENT,7.0,DEBTCONSOLIDATION,B,6375,10.74,0,0.2,N,2,2022,0
25,44000,RENT,4.0,EDUCATION,A,6375,,0,0.14,N,2,2022,0
24,52000,MORTGAGE,2.0,MEDICAL,A,4800,,0,0.09,N,2,2022,0
22,20000,RENT,1.0,DEBTCONSOLIDATION,B,6500,10.99,1,0.33,N,2,2022,1
24,52000,MORTGAGE,7.0,MEDICAL,C,5000,14.22,0,0.1,N,2,2022,0
24,24000,RENT,0.0,EDUCATION,B,6500,11.36,0,0.27,N,2,2022,0
21,24000,RENT,1.0,VENTURE,B,6500,12.53,0,0.27,N,2,2022,0
26,25000,RENT,4.0,MEDICAL,D,6500,14.09,1,0.26,Y,2,2022,1
23,52000,OWN,1.0,PERSONAL,B,10000,11.14,0,0.19,N,2,2022,0
24,52000,OWN,8.0,PERSONAL,A,5000,7.4,0,0.1,N,2,2022,0
22,52000,MORTGAGE,0.0,DEBTCONSOLIDATION,A,3000,7.05,0,0.06,N,2,2022,0
26,32000,RENT,2.0,MEDICAL,C,6500,14.22,0,0.2,Y,2,2022,0
22,32200,RENT,5.0,PERSONAL,B,6500,11.83,0,0.2,N,2,2022,0
23,33000,RENT,0.0,EDUCATION,A,6500,7.51,0,0.2,N,2,2022,0
24,46000,MORTGAGE,2.0,PERSONAL,B,15250,12.53,1,0.33,N,2,2022,1
25,35000,RENT,,MEDICAL,C,6500,12.68,0,0.19,Y,2,2022,0
22,52000,MORTGAGE,6.0,PERSONAL,A,4800,8.59,0,0.09,N,2,2022,0
26,52000,MORTGAGE,0.0,EDUCATION,B,3600,11.89,0,0.07,N,2,2022,0
25,52000,MORTGAGE,3.0,MEDICAL,A,6000,9.32,0,0.12,N,2,2022,0
24,52000,MORTGAGE,8.0,PERSONAL,A,5000,8.32,0,0.1,N,2,2022,0
22,35325,RENT,2.0,HOMEIMPROVEMENT,D,6500,15.95,1,0.18,N,2,2022,1
20,42000,RENT,4.0,VENTURE,B,6500,11.71,0,0.15,N,2,2022,0
23,36000,RENT,4.0,DEBTCONSOLIDATION,D,6500,17.49,1,0.18,Y,2,2022,1
22,42000,RENT,2.0,EDUCATION,A,6500,5.99,0,0.15,N,2,2022,0
25,52160,MORTGAGE,5.0,HOMEIMPROVEMENT,B,1750,11.89,0,0.03,N,2,2022,0
21,45000,RENT,3.0,VENTURE,B,6500,10.74,0,0.14,N,2,2022,0
23,52360,MORTGAGE,,VENTURE,D,15000,16.49,0,0.29,Y,2,2022,0
22,45012,RENT,6.0,MEDICAL,D,6500,13.99,1,0.14,N,2,2022,1
26,52500,MORTGAGE,0.0,PERSONAL,B,15250,9.63,0,0.29,N,2,2022,0
22,60000,RENT,3.0,PERSONAL,B,6500,9.25,0,0.11,N,2,2022,0
22,63211,RENT,7.0,DEBTCONSOLIDATION,B,6500,11.86,0,0.1,N,2,2022,0
25,72600,RENT,5.0,HOMEIMPROVEMENT,A,6500,7.74,0,0.09,N,2,2022,0
24,52739,MORTGAGE,8.0,HOMEIMPROVEMENT,A,8000,9.38,0,0.15,N,2,2022,0
23,52780,MORTGAGE,2.0,PERSONAL,A,8000,7.51,0,0.15,N,2,2022,0
25,75000,RENT,2.0,EDUCATION,C,6500,13.57,0,0.09,Y,2,2022,0
22,52800,MORTGAGE,5.0,VENTURE,B,4000,10.99,0,0.08,N,2,2022,0
23,92000,RENT,0.0,PERSONAL,A,6500,8.0,0,0.07,N,2,2022,0
24,95000,RENT,8.0,PERSONAL,A,6500,8.49,0,0.07,N,2,2022,0
22,52800,MORTGAGE,6.0,PERSONAL,A,7000,6.76,0,0.13,N,2,2022,0
22,47000,RENT,0.0,VENTURE,B,6550,10.65,0,0.14,N,2,2022,0
23,21888,RENT,8.0,EDUCATION,B,6600,11.11,0,0.3,N,2,2022,0
24,30000,RENT,2.0,HOMEIMPROVEMENT,C,6600,13.06,1,0.22,N,2,2022,1
22,30004,RENT,6.0,MEDICAL,B,6600,10.33,0,0.22,N,2,2022,0
22,39000,RENT,3.0,MEDICAL,B,6600,,0,0.17,N,2,2022,0
26,41000,RENT,1.0,DEBTCONSOLIDATION,A,6600,8.0,0,0.16,N,2,2022,0
23,48000,RENT,3.0,EDUCATION,B,6600,11.11,0,0.14,N,2,2022,0
26,53000,OWN,2.0,HOMEIMPROVEMENT,B,2500,9.91,0,0.05,N,2,2022,0
24,53000,MORTGAGE,8.0,HOMEIMPROVEMENT,A,8000,6.03,0,0.15,N,2,2022,0
25,47000,MORTGAGE,9.0,EDUCATION,A,12000,6.62,1,0.26,N,2,2022,1
22,60000,RENT,0.0,DEBTCONSOLIDATION,B,6600,10.59,0,0.11,N,2,2022,0
25,53000,MORTGAGE,9.0,VENTURE,A,10800,7.51,0,0.2,N,2,2022,0
22,60000,RENT,4.0,PERSONAL,B,6600,10.99,0,0.11,N,2,2022,0
26,53000,OWN,3.0,VENTURE,B,6000,9.99,0,0.11,N,2,2022,0
25,97000,RENT,0.0,VENTURE,A,6600,,0,0.07,N,2,2022,0
25,101877,RENT,9.0,VENTURE,B,6600,10.99,0,0.06,N,2,2022,0
24,53000,MORTGAGE,4.0,VENTURE,A,15000,,0,0.28,N,2,2022,0
21,28000,RENT,2.0,DEBTCONSOLIDATION,C,6625,13.06,1,0.24,N,2,2022,1
26,28000,RENT,8.0,EDUCATION,D,6625,12.92,0,0.24,N,2,2022,0
24,53000,MORTGAGE,8.0,VENTURE,A,6850,6.92,0,0.13,N,2,2022,0
24,50000,RENT,3.0,MEDICAL,C,6625,11.22,0,0.13,N,2,2022,0
24,56000,RENT,2.0,VENTURE,B,6650,12.69,0,0.12,N,2,2022,0
26,53000,MORTGAGE,1.0,DEBTCONSOLIDATION,A,8000,,0,0.15,N,2,2022,0
26,53000,MORTGAGE,9.0,DEBTCONSOLIDATION,A,8000,7.88,0,0.15,N,2,2022,0
23,85000,RENT,5.0,MEDICAL,C,6700,15.23,0,0.08,Y,2,2022,0
23,70000,RENT,8.0,DEBTCONSOLIDATION,A,6725,6.62,0,0.1,N,2,2022,0
25,42000,RENT,2.0,MEDICAL,D,6750,17.27,1,0.16,N,2,2022,1
26,53000,OWN,8.0,PERSONAL,B,16000,10.25,0,0.3,N,2,2022,0
24,53000,OWN,8.0,MEDICAL,A,3350,6.76,0,0.06,N,2,2022,0
22,29120,RENT,1.0,VENTURE,B,6800,10.59,0,0.23,N,2,2022,0
22,37000,RENT,6.0,PERSONAL,A,6800,7.14,0,0.18,N,2,2022,0
25,53000,MORTGAGE,2.0,VENTURE,B,10750,11.14,0,0.2,N,2,2022,0
25,53000,MORTGAGE,10.0,MEDICAL,B,16000,12.53,0,0.3,N,2,2022,0
22,31500,RENT,1.0,VENTURE,D,6800,14.11,1,0.22,N,2,2022,1
22,41196,RENT,6.0,PERSONAL,C,6800,11.59,0,0.17,Y,2,2022,0
24,53000,MORTGAGE,1.0,EDUCATION,D,6400,13.67,0,0.12,N,2,2022,0
23,46852,RENT,3.0,HOMEIMPROVEMENT,B,6800,10.65,1,0.15,N,2,2022,1
22,53000,MORTGAGE,0.0,DEBTCONSOLIDATION,B,4000,10.39,0,0.08,N,2,2022,0
21,53000,MORTGAGE,0.0,PERSONAL,D,12000,13.24,0,0.23,N,2,2022,0
25,53004,MORTGAGE,3.0,VENTURE,A,4800,5.42,0,0.09,N,2,2022,0
24,53004,MORTGAGE,1.0,DEBTCONSOLIDATION,B,2400,10.36,0,0.05,N,2,2022,0
22,53004,MORTGAGE,6.0,EDUCATION,C,1500,13.79,0,0.03,N,2,2022,0
23,55000,RENT,1.0,VENTURE,B,6800,11.49,0,0.12,N,2,2022,0
22,55000,RENT,2.0,EDUCATION,B,6800,11.99,0,0.12,N,2,2022,0
24,60000,RENT,0.0,VENTURE,A,6800,7.51,0,0.11,N,2,2022,0
25,70000,RENT,5.0,HOMEIMPROVEMENT,A,6800,5.42,0,0.1,N,2,2022,0
25,96050,RENT,9.0,MEDICAL,D,6500,14.61,1,0.06,N,2,2022,1
24,70000,RENT,0.0,MEDICAL,C,6425,13.72,0,0.09,N,2,2022,0
24,28000,RENT,3.0,VENTURE,E,6400,14.75,0,0.23,N,2,2022,0
25,29120,RENT,0.0,HOMEIMPROVEMENT,D,6400,16.29,1,0.22,N,2,2022,1
26,53595,MORTGAGE,3.0,PERSONAL,A,6000,7.88,0,0.11,N,2,2022,0
22,30000,RENT,,HOMEIMPROVEMENT,D,6400,15.99,1,0.21,N,2,2022,1
25,53742,MORTGAGE,9.0,HOMEIMPROVEMENT,A,10750,5.79,0,0.2,N,2,2022,0
24,53800,MORTGAGE,4.0,DEBTCONSOLIDATION,B,6000,10.99,0,0.11,N,2,2022,0
22,53808,MORTGAGE,5.0,PERSONAL,A,6000,8.9,0,0.11,N,2,2022,0
22,53832,MORTGAGE,2.0,MEDICAL,C,11700,12.87,0,0.22,N,2,2022,0
21,53851,MORTGAGE,2.0,DEBTCONSOLIDATION,B,12000,10.0,0,0.22,N,2,2022,0
22,54000,MORTGAGE,6.0,MEDICAL,A,5000,6.03,0,0.09,N,2,2022,0
24,33000,RENT,8.0,MEDICAL,B,6400,9.99,0,0.19,N,2,2022,0
26,54000,MORTGAGE,10.0,EDUCATION,A,5000,6.62,0,0.09,N,2,2022,0
23,54000,MORTGAGE,7.0,EDUCATION,B,4800,12.42,0,0.09,N,2,2022,0
26,37850,RENT,1.0,PERSONAL,B,6400,9.88,0,0.17,N,2,2022,0
23,54000,MORTGAGE,5.0,VENTURE,B,8500,12.42,0,0.16,N,2,2022,0
24,39500,RENT,0.0,PERSONAL,B,6400,10.36,0,0.16,N,2,2022,0
22,54000,MORTGAGE,4.0,MEDICAL,B,15000,11.99,0,0.28,N,2,2022,0
26,48000,MORTGAGE,0.0,EDUCATION,A,15000,5.99,1,0.31,N,2,2022,1
22,48000,MORTGAGE,3.0,VENTURE,D,6500,15.99,1,0.14,Y,2,2022,1
23,50000,RENT,6.0,EDUCATION,E,6400,20.2,0,0.13,N,2,2022,0
24,54000,MORTGAGE,8.0,PERSONAL,A,13000,7.49,0,0.24,N,2,2022,0
23,50000,RENT,3.0,VENTURE,A,6400,6.91,0,0.13,N,2,2022,0
22,54000,MORTGAGE,4.0,EDUCATION,D,5000,15.62,0,0.09,N,2,2022,0
24,54000,MORTGAGE,5.0,VENTURE,A,4000,5.42,0,0.07,N,2,2022,0
23,54000,MORTGAGE,7.0,PERSONAL,A,2000,5.42,0,0.04,N,2,2022,0
24,54000,MORTGAGE,5.0,VENTURE,A,11000,5.42,0,0.2,N,2,2022,0
24,65000,RENT,2.0,DEBTCONSOLIDATION,B,6400,10.65,0,0.1,N,2,2022,0
23,54000,MORTGAGE,8.0,VENTURE,A,3000,5.42,0,0.06,N,2,2022,0
22,71500,RENT,2.0,EDUCATION,C,6400,13.11,0,0.09,Y,2,2022,0
22,72000,RENT,5.0,EDUCATION,A,6400,6.91,0,0.09,N,2,2022,0
25,75000,RENT,5.0,PERSONAL,D,6400,15.99,0,0.09,Y,2,2022,0
26,54000,MORTGAGE,10.0,HOMEIMPROVEMENT,A,7200,5.42,0,0.13,N,2,2022,0
21,54000,OWN,5.0,VENTURE,B,20000,10.74,0,0.37,N,2,2022,0
24,112000,RENT,8.0,HOMEIMPROVEMENT,A,6400,6.62,0,0.06,N,2,2022,0
23,48000,MORTGAGE,8.0,MEDICAL,D,1400,14.83,1,0.03,Y,2,2022,1
24,74000,RENT,7.0,DEBTCONSOLIDATION,E,6800,20.3,1,0.09,Y,2,2022,1
26,48000,MORTGAGE,11.0,MEDICAL,A,5000,7.14,1,0.1,N,2,2022,1
23,124000,RENT,3.0,DEBTCONSOLIDATION,A,6800,6.03,0,0.05,N,2,2022,0
26,37000,RENT,0.0,VENTURE,A,6825,7.49,0,0.18,N,2,2022,0
22,60000,RENT,1.0,EDUCATION,A,6850,7.14,0,0.11,N,2,2022,0
25,80266,RENT,5.0,MEDICAL,B,6875,11.86,0,0.09,N,2,2022,0
24,47480,RENT,8.0,MEDICAL,B,6900,9.88,0,0.15,N,2,2022,0
23,48000,MORTGAGE,7.0,DEBTCONSOLIDATION,D,16800,14.59,1,0.35,N,2,2022,1
23,54000,MORTGAGE,3.0,VENTURE,B,10000,9.88,0,0.19,N,2,2022,0
22,25000,RENT,0.0,MEDICAL,C,7000,12.87,0,0.28,Y,2,2022,0
23,26400,RENT,0.0,MEDICAL,A,7000,7.4,0,0.27,N,2,2022,0
23,27000,RENT,4.0,PERSONAL,C,7000,13.79,0,0.26,N,2,2022,0
21,27600,RENT,5.0,EDUCATION,A,7000,5.99,0,0.25,N,2,2022,0
24,54000,MORTGAGE,8.0,DEBTCONSOLIDATION,A,3000,7.05,0,0.06,N,2,2022,0
22,54000,MORTGAGE,6.0,PERSONAL,A,7000,8.94,0,0.13,N,2,2022,0
23,28000,RENT,4.0,EDUCATION,B,7000,10.62,0,0.25,N,2,2022,0
23,54000,MORTGAGE,1.0,EDUCATION,C,13650,,0,0.25,Y,2,2022,0
23,54000,MORTGAGE,7.0,MEDICAL,A,13500,9.63,0,0.25,N,2,2022,0
23,28685,RENT,3.0,DEBTCONSOLIDATION,C,7000,12.73,0,0.24,N,2,2022,0
23,30000,RENT,0.0,VENTURE,B,7000,12.69,0,0.23,N,2,2022,0
21,30000,RENT,2.0,PERSONAL,B,7000,10.99,1,0.23,N,2,2022,1
21,54036,MORTGAGE,3.0,MEDICAL,B,8000,11.36,0,0.15,N,2,2022,0
25,30000,RENT,4.0,MEDICAL,A,7000,7.74,0,0.23,N,2,2022,0
22,30000,RENT,2.0,MEDICAL,F,7000,17.58,1,0.23,N,2,2022,1
22,54252,MORTGAGE,6.0,DEBTCONSOLIDATION,A,3500,6.39,0,0.06,N,2,2022,0
21,30600,RENT,,DEBTCONSOLIDATION,A,7000,7.29,0,0.23,N,2,2022,0
26,31000,RENT,6.0,EDUCATION,A,7000,,0,0.23,N,2,2022,0
25,31200,RENT,2.0,EDUCATION,A,7000,7.88,0,0.22,N,2,2022,0
21,32000,RENT,3.0,VENTURE,B,7000,11.49,0,0.22,N,2,2022,0
24,54400,MORTGAGE,8.0,HOMEIMPROVEMENT,A,3300,7.66,0,0.06,N,2,2022,0
24,48442,MORTGAGE,8.0,DEBTCONSOLIDATION,D,9800,15.7,1,0.2,N,2,2022,1
22,32340,RENT,6.0,DEBTCONSOLIDATION,A,7000,6.62,0,0.22,N,2,2022,0
24,32400,RENT,1.0,MEDICAL,C,7000,13.98,0,0.22,Y,2,2022,0
22,54566,MORTGAGE,6.0,PERSONAL,B,4000,12.53,0,0.07,N,2,2022,0
23,33000,RENT,0.0,EDUCATION,A,7000,6.62,0,0.21,N,2,2022,0
23,33000,RENT,2.0,VENTURE,A,7000,7.9,0,0.21,N,2,2022,0
26,54600,MORTGAGE,10.0,PERSONAL,B,4800,,0,0.09,N,2,2022,0
22,33000,RENT,2.0,DEBTCONSOLIDATION,B,7000,,0,0.21,N,2,2022,0
26,33996,RENT,10.0,VENTURE,A,7000,8.0,0,0.21,N,2,2022,0
23,34800,RENT,0.0,MEDICAL,B,7000,11.99,1,0.2,N,2,2022,1
20,34800,RENT,3.0,MEDICAL,C,7000,13.61,0,0.2,Y,2,2022,0
22,54800,OWN,7.0,EDUCATION,A,8000,,0,0.15,N,2,2022,0
24,35000,RENT,8.0,MEDICAL,B,7000,12.69,0,0.2,N,2,2022,0
23,35000,RENT,5.0,DEBTCONSOLIDATION,A,7000,6.03,0,0.2,N,2,2022,0
24,54870,OWN,3.0,VENTURE,A,1000,8.59,0,0.02,N,2,2022,0
25,54900,MORTGAGE,2.0,HOMEIMPROVEMENT,B,3000,10.99,0,0.05,N,2,2022,0
24,35000,RENT,9.0,PERSONAL,A,7000,5.99,0,0.2,N,2,2022,0
22,54996,MORTGAGE,6.0,DEBTCONSOLIDATION,B,25000,12.42,0,0.45,N,2,2022,0
21,29000,RENT,5.0,MEDICAL,D,7000,12.61,1,0.24,Y,2,2022,1
23,36000,RENT,5.0,VENTURE,B,7000,10.65,0,0.19,N,2,2022,0
23,54996,MORTGAGE,7.0,DEBTCONSOLIDATION,B,15000,,0,0.27,N,2,2022,0
22,54996,MORTGAGE,3.0,EDUCATION,B,12000,9.63,0,0.22,N,2,2022,0
25,30000,RENT,0.0,EDUCATION,E,7000,,1,0.23,Y,2,2022,1
24,37000,RENT,2.0,PERSONAL,B,7000,9.99,0,0.19,N,2,2022,0
25,48996,MORTGAGE,8.0,PERSONAL,B,5000,9.88,1,0.1,N,2,2022,1
25,54996,MORTGAGE,0.0,VENTURE,A,10000,8.94,0,0.18,N,2,2022,0
25,38400,RENT,0.0,DEBTCONSOLIDATION,B,7000,9.99,0,0.18,N,2,2022,0
23,38500,RENT,2.0,MEDICAL,B,7000,11.14,0,0.18,N,2,2022,0
21,39600,RENT,3.0,EDUCATION,D,7000,14.96,0,0.18,Y,2,2022,0
22,40000,RENT,0.0,DEBTCONSOLIDATION,B,7000,10.65,0,0.17,N,2,2022,0
22,40000,RENT,6.0,MEDICAL,A,7000,7.9,0,0.17,N,2,2022,0
22,55000,MORTGAGE,2.0,MEDICAL,B,20000,11.71,0,0.36,N,2,2022,0
24,34000,RENT,0.0,EDUCATION,E,7000,17.04,1,0.21,N,2,2022,1
23,55000,MORTGAGE,3.0,PERSONAL,A,7500,7.51,0,0.14,N,2,2022,0
24,40000,RENT,2.0,EDUCATION,C,7000,11.34,0,0.17,Y,2,2022,0
24,40800,RENT,0.0,MEDICAL,B,7000,11.86,0,0.17,N,2,2022,0
22,55000,MORTGAGE,5.0,EDUCATION,D,11100,16.77,0,0.2,N,2,2022,0
23,55000,MORTGAGE,7.0,MEDICAL,A,2800,,0,0.05,N,2,2022,0
24,55000,MORTGAGE,5.0,PERSONAL,B,3100,11.71,0,0.06,N,2,2022,0
22,35000,RENT,2.0,MEDICAL,F,7000,18.09,1,0.2,Y,2,2022,1
24,41000,RENT,1.0,MEDICAL,C,7000,12.53,0,0.17,N,2,2022,0
22,42000,RENT,2.0,EDUCATION,C,7000,14.27,0,0.17,N,2,2022,0
26,42000,RENT,10.0,DEBTCONSOLIDATION,A,7000,,0,0.17,N,2,2022,0
22,42000,RENT,6.0,DEBTCONSOLIDATION,C,7000,12.68,0,0.17,N,2,2022,0
25,42000,RENT,8.0,MEDICAL,A,7000,5.79,0,0.17,N,2,2022,0
26,36000,RENT,,MEDICAL,C,7000,13.98,1,0.19,Y,2,2022,1
23,55000,MORTGAGE,0.0,PERSONAL,A,2000,,0,0.04,N,2,2022,0
22,42000,RENT,4.0,MEDICAL,C,7000,13.61,0,0.17,N,2,2022,0
25,55000,MORTGAGE,6.0,HOMEIMPROVEMENT,B,6500,10.99,0,0.12,N,2,2022,0
21,55000,MORTGAGE,5.0,PERSONAL,A,12000,5.42,0,0.22,N,2,2022,0
22,55000,OWN,6.0,MEDICAL,B,4800,11.99,0,0.09,N,2,2022,0
23,55000,OWN,5.0,VENTURE,C,15000,13.49,0,0.27,N,2,2022,0
23,44500,RENT,2.0,EDUCATION,A,7000,8.0,0,0.16,N,2,2022,0
26,55000,MORTGAGE,10.0,VENTURE,A,10000,7.49,0,0.18,N,2,2022,0
21,49000,MORTGAGE,4.0,MEDICAL,B,2000,11.99,1,0.04,N,2,2022,1
26,55000,MORTGAGE,10.0,VENTURE,C,2800,13.49,0,0.05,N,2,2022,0
25,45000,RENT,9.0,EDUCATION,B,7000,10.99,0,0.16,N,2,2022,0
24,55000,OWN,4.0,VENTURE,D,9000,16.49,0,0.16,Y,2,2022,0
22,55000,MORTGAGE,7.0,MEDICAL,B,13500,9.67,0,0.25,N,2,2022,0
23,55000,MORTGAGE,7.0,DEBTCONSOLIDATION,A,3850,5.42,0,0.07,N,2,2022,0
26,48000,RENT,10.0,MEDICAL,B,7000,12.69,0,0.15,N,2,2022,0
26,48000,RENT,10.0,MEDICAL,A,7000,9.63,0,0.15,N,2,2022,0
23,55000,MORTGAGE,2.0,EDUCATION,B,5000,11.11,0,0.09,N,2,2022,0
22,55000,MORTGAGE,4.0,PERSONAL,A,5000,7.66,0,0.09,N,2,2022,0
23,50000,RENT,8.0,VENTURE,A,7000,,0,0.14,N,2,2022,0
26,55000,MORTGAGE,1.0,EDUCATION,B,10000,10.0,0,0.18,N,2,2022,0
22,55000,OWN,6.0,EDUCATION,B,25000,10.74,0,0.45,N,2,2022,0
25,55000,MORTGAGE,9.0,HOMEIMPROVEMENT,B,8500,,0,0.15,N,2,2022,0
26,50000,RENT,2.0,VENTURE,A,7000,9.63,0,0.14,N,2,2022,0
23,55000,MORTGAGE,5.0,PERSONAL,A,15000,6.17,0,0.27,N,2,2022,0
21,44004,RENT,2.0,HOMEIMPROVEMENT,B,7000,11.46,1,0.16,N,2,2022,1
22,51000,RENT,6.0,VENTURE,B,7000,12.18,0,0.14,N,2,2022,0
23,52000,RENT,3.0,EDUCATION,B,7000,10.65,0,0.13,N,2,2022,0
25,52000,RENT,2.0,HOMEIMPROVEMENT,B,7000,10.59,0,0.13,N,2,2022,0
26,55000,MORTGAGE,0.0,DEBTCONSOLIDATION,A,10500,5.79,0,0.19,N,2,2022,0
25,55000,MORTGAGE,9.0,MEDICAL,A,15000,7.88,0,0.27,N,2,2022,0
22,54000,RENT,1.0,EDUCATION,C,7000,13.47,0,0.13,Y,2,2022,0
24,55000,MORTGAGE,3.0,DEBTCONSOLIDATION,B,3000,11.12,0,0.05,N,2,2022,0
21,55000,MORTGAGE,5.0,EDUCATION,C,10000,14.72,0,0.18,N,2,2022,0
23,49000,MORTGAGE,7.0,MEDICAL,D,5000,15.21,1,0.1,N,2,2022,1
24,55000,MORTGAGE,3.0,EDUCATION,D,7500,14.84,0,0.14,Y,2,2022,0
23,90000,RENT,1.0,MEDICAL,B,7000,10.65,0,0.08,N,2,2022,0
26,50000,RENT,1.0,DEBTCONSOLIDATION,B,7150,12.69,0,0.14,N,2,2022,0
26,61200,RENT,3.0,HOMEIMPROVEMENT,A,7150,6.99,0,0.12,N,2,2022,0
23,55000,MORTGAGE,7.0,VENTURE,C,7000,13.23,0,0.13,Y,2,2022,0
26,55000,MORTGAGE,10.0,MEDICAL,A,3000,6.76,0,0.05,N,2,2022,0
25,22000,RENT,3.0,VENTURE,A,7200,5.79,1,0.33,N,2,2022,1
24,23000,RENT,1.0,DEBTCONSOLIDATION,B,7200,12.69,1,0.31,N,2,2022,1
21,55000,MORTGAGE,0.0,PERSONAL,B,10000,10.25,0,0.18,N,2,2022,0
22,55000,MORTGAGE,6.0,PERSONAL,B,10000,10.62,0,0.18,N,2,2022,0
26,55000,OWN,10.0,VENTURE,C,14500,12.73,0,0.26,N,2,2022,0
23,27600,RENT,2.0,PERSONAL,B,7200,9.99,0,0.26,N,2,2022,0
22,30000,RENT,7.0,MEDICAL,A,7200,8.9,1,0.24,N,2,2022,1
24,31944,RENT,8.0,MEDICAL,C,7200,13.79,0,0.23,N,2,2022,0
22,55000,OWN,4.0,DEBTCONSOLIDATION,D,5000,14.61,0,0.09,Y,2,2022,0
23,49000,MORTGAGE,7.0,PERSONAL,G,15000,19.82,1,0.31,N,2,2022,1
23,55000,MORTGAGE,2.0,EDUCATION,A,7000,8.59,0,0.13,N,2,2022,0
25,55000,OWN,9.0,EDUCATION,C,10000,13.57,0,0.18,Y,2,2022,0
24,35004,RENT,6.0,MEDICAL,D,7200,,0,0.21,N,2,2022,0
25,37000,RENT,0.0,DEBTCONSOLIDATION,C,7200,11.34,0,0.19,Y,2,2022,0
24,37200,RENT,8.0,EDUCATION,A,7200,7.9,0,0.19,N,2,2022,0
26,38400,RENT,2.0,MEDICAL,B,7200,9.91,0,0.19,N,2,2022,0
22,40000,RENT,6.0,EDUCATION,D,7200,17.58,0,0.18,Y,2,2022,0
26,55000,MORTGAGE,10.0,VENTURE,A,12500,8.94,0,0.23,N,2,2022,0
25,55000,MORTGAGE,1.0,DEBTCONSOLIDATION,C,2000,13.22,0,0.04,N,2,2022,0
24,41000,RENT,3.0,EDUCATION,B,7200,12.53,0,0.18,N,2,2022,0
23,42996,RENT,7.0,VENTURE,A,7200,8.0,0,0.17,N,2,2022,0
24,55000,MORTGAGE,2.0,HOMEIMPROVEMENT,A,8000,8.0,0,0.15,N,2,2022,0
24,55000,MORTGAGE,2.0,VENTURE,A,6000,8.0,0,0.11,N,2,2022,0
26,55000,MORTGAGE,2.0,HOMEIMPROVEMENT,B,8500,12.21,0,0.15,N,2,2022,0
23,48000,RENT,7.0,PERSONAL,B,7200,11.71,0,0.15,N,2,2022,0
22,48000,RENT,7.0,PERSONAL,B,7200,12.69,0,0.15,N,2,2022,0
22,49000,MORTGAGE,6.0,EDUCATION,A,10000,8.0,1,0.2,N,2,2022,1
24,55000,MORTGAGE,4.0,DEBTCONSOLIDATION,C,1600,13.79,0,0.03,N,2,2022,0
23,55000,OTHER,5.0,VENTURE,A,4000,9.32,0,0.07,N,2,2022,0
24,50000,RENT,0.0,VENTURE,B,7200,11.71,0,0.14,N,2,2022,0
25,50000,RENT,2.0,PERSONAL,A,7200,8.49,0,0.14,N,2,2022,0
24,54600,RENT,2.0,EDUCATION,C,7200,12.53,0,0.13,N,2,2022,0
23,55004,MORTGAGE,4.0,EDUCATION,D,9600,14.74,0,0.17,Y,2,2022,0
22,54996,RENT,5.0,DEBTCONSOLIDATION,A,7200,7.66,0,0.13,N,2,2022,0
25,55000,RENT,1.0,MEDICAL,A,7200,7.9,0,0.13,N,2,2022,0
25,49700,RENT,2.0,PERSONAL,B,7200,10.38,1,0.14,N,2,2022,1
23,50000,RENT,7.0,MEDICAL,D,7200,17.58,1,0.14,Y,2,2022,1
24,55152,MORTGAGE,8.0,PERSONAL,B,16000,11.49,0,0.29,N,2,2022,0
24,60000,RENT,2.0,VENTURE,A,7200,8.49,0,0.12,N,2,2022,0
25,55200,MORTGAGE,5.0,EDUCATION,B,4225,12.42,0,0.08,N,2,2022,0
26,60000,RENT,0.0,VENTURE,B,7200,11.14,0,0.12,N,2,2022,0
22,49200,MORTGAGE,6.0,MEDICAL,C,6500,12.68,1,0.13,Y,2,2022,1
21,55200,MORTGAGE,5.0,VENTURE,A,8900,6.17,0,0.16,N,2,2022,0
24,49200,MORTGAGE,8.0,MEDICAL,E,2500,,1,0.05,N,2,2022,1
21,60675,RENT,5.0,PERSONAL,C,7200,14.72,0,0.12,Y,2,2022,0
23,68400,RENT,7.0,EDUCATION,C,7200,14.72,0,0.11,N,2,2022,0
22,55500,MORTGAGE,6.0,MEDICAL,A,3000,7.37,0,0.05,N,2,2022,0
23,49530,MORTGAGE,7.0,DEBTCONSOLIDATION,D,16000,14.54,1,0.32,Y,2,2022,1
23,80000,RENT,3.0,DEBTCONSOLIDATION,A,7200,8.9,0,0.09,N,2,2022,0
21,84000,RENT,5.0,VENTURE,A,7200,8.49,0,0.09,N,2,2022,0
24,55600,MORTGAGE,2.0,HOMEIMPROVEMENT,C,11700,13.57,0,0.21,Y,2,2022,0
24,55605,MORTGAGE,8.0,MEDICAL,B,6500,10.99,0,0.12,N,2,2022,0
25,55800,MORTGAGE,1.0,PERSONAL,B,4000,10.75,0,0.07,N,2,2022,0
23,55812,MORTGAGE,4.0,MEDICAL,B,21825,11.36,0,0.39,N,2,2022,0
26,90000,RENT,1.0,DEBTCONSOLIDATION,B,7200,9.91,0,0.08,N,2,2022,0
23,49980,MORTGAGE,7.0,MEDICAL,B,4800,10.37,1,0.1,N,2,2022,1
23,93000,RENT,1.0,DEBTCONSOLIDATION,A,7200,6.92,0,0.08,N,2,2022,0
26,56000,MORTGAGE,9.0,HOMEIMPROVEMENT,B,10000,12.42,0,0.18,N,2,2022,0
23,56000,MORTGAGE,7.0,VENTURE,A,7200,6.03,0,0.13,N,2,2022,0
25,149000,RENT,9.0,MEDICAL,A,7200,,0,0.05,N,2,2022,0
24,80000,RENT,6.0,VENTURE,A,7250,5.42,0,0.09,N,2,2022,0
22,56000,MORTGAGE,4.0,MEDICAL,B,9000,10.59,0,0.16,N,2,2022,0
23,38000,RENT,1.0,MEDICAL,A,7300,,0,0.19,N,2,2022,0
24,56000,MORTGAGE,3.0,EDUCATION,A,15000,8.49,0,0.27,N,2,2022,0
22,45999,RENT,1.0,VENTURE,A,7300,7.88,0,0.16,N,2,2022,0
24,56000,MORTGAGE,2.0,EDUCATION,C,5250,12.87,0,0.09,N,2,2022,0
24,56000,MORTGAGE,5.0,MEDICAL,A,17400,5.99,0,0.31,N,2,2022,0
23,56000,MORTGAGE,4.0,VENTURE,A,6000,5.99,0,0.11,N,2,2022,0
24,12480,RENT,1.0,VENTURE,A,7350,6.92,1,0.59,N,2,2022,1
25,57996,RENT,5.0,EDUCATION,B,7400,10.36,0,0.13,N,2,2022,0
25,62000,RENT,0.0,DEBTCONSOLIDATION,A,7400,6.99,0,0.12,N,2,2022,0
26,56000,MORTGAGE,10.0,EDUCATION,C,15000,14.35,0,0.27,N,2,2022,0
22,34359,RENT,6.0,EDUCATION,A,7475,9.63,0,0.22,N,2,2022,0
24,56000,OWN,8.0,EDUCATION,B,2000,11.49,0,0.04,N,2,2022,0
22,56000,MORTGAGE,6.0,PERSONAL,A,4750,7.14,0,0.08,N,2,2022,0
22,56000,MORTGAGE,5.0,MEDICAL,B,12000,10.99,0,0.21,N,2,2022,0
25,21500,RENT,2.0,MEDICAL,C,7500,11.34,1,0.35,N,2,2022,1
24,23196,RENT,1.0,EDUCATION,D,7500,13.24,1,0.32,N,2,2022,1
26,26000,RENT,2.0,PERSONAL,B,7500,12.18,0,0.29,N,2,2022,0
23,56000,MORTGAGE,7.0,PERSONAL,F,13750,18.43,0,0.25,N,2,2022,0
24,30000,RENT,8.0,EDUCATION,A,7500,5.79,0,0.25,N,2,2022,0
22,31875,RENT,3.0,EDUCATION,C,7500,13.11,0,0.24,N,2,2022,0
22,34404,RENT,2.0,HOMEIMPROVEMENT,D,7500,15.05,1,0.22,N,2,2022,1
25,35000,RENT,2.0,DEBTCONSOLIDATION,B,7500,10.99,0,0.21,N,2,2022,0
21,29004,RENT,0.0,MEDICAL,D,7500,,1,0.26,Y,2,2022,1
24,50160,MORTGAGE,2.0,EDUCATION,D,6000,15.62,1,0.12,N,2,2022,1
23,56160,MORTGAGE,2.0,PERSONAL,B,3050,10.59,0,0.05,N,2,2022,0
22,56368,MORTGAGE,5.0,EDUCATION,C,6000,12.99,0,0.11,N,2,2022,0
21,56400,OWN,5.0,VENTURE,A,5000,6.54,0,0.09,N,2,2022,0
26,38400,RENT,10.0,MEDICAL,D,7500,17.58,0,0.2,N,2,2022,0
22,32400,RENT,6.0,VENTURE,C,7500,14.27,1,0.23,N,2,2022,1
23,56500,MORTGAGE,7.0,MEDICAL,A,9800,,0,0.17,N,2,2022,0
23,39975,RENT,0.0,PERSONAL,C,7500,,0,0.19,Y,2,2022,0
23,40000,RENT,7.0,VENTURE,B,7500,12.69,0,0.19,N,2,2022,0
24,56533,MORTGAGE,,HOMEIMPROVEMENT,B,20000,11.11,0,0.35,N,2,2022,0
23,56600,OWN,3.0,MEDICAL,B,12000,10.38,0,0.21,N,2,2022,0
22,56650,MORTGAGE,2.0,MEDICAL,B,6500,10.65,0,0.11,N,2,2022,0
25,56655,MORTGAGE,9.0,VENTURE,C,20000,13.61,0,0.35,N,2,2022,0
23,56700,MORTGAGE,7.0,EDUCATION,A,12000,5.42,0,0.21,N,2,2022,0
22,40906,RENT,4.0,VENTURE,B,7500,9.63,0,0.18,N,2,2022,0
22,57000,MORTGAGE,4.0,EDUCATION,A,12875,7.9,0,0.23,N,2,2022,0
23,36000,RENT,1.0,PERSONAL,D,7500,12.61,1,0.21,Y,2,2022,1
22,42500,RENT,0.0,EDUCATION,A,7500,7.9,0,0.18,N,2,2022,0
21,37260,RENT,1.0,HOMEIMPROVEMENT,D,7500,14.84,1,0.2,Y,2,2022,1
25,57000,MORTGAGE,5.0,PERSONAL,A,13000,8.9,0,0.23,N,2,2022,0
22,57000,MORTGAGE,6.0,VENTURE,B,7200,,0,0.13,N,2,2022,0
25,51000,MORTGAGE,9.0,DEBTCONSOLIDATION,D,5500,16.77,1,0.11,Y,2,2022,1
25,39000,RENT,9.0,MEDICAL,D,7500,15.62,1,0.19,Y,2,2022,1
21,57000,MORTGAGE,5.0,VENTURE,C,14400,,0,0.25,Y,2,2022,0
24,57000,MORTGAGE,8.0,HOMEIMPROVEMENT,B,19725,9.99,0,0.35,N,2,2022,0
26,57000,MORTGAGE,4.0,EDUCATION,C,12000,13.49,0,0.21,Y,2,2022,0
23,57000,MORTGAGE,0.0,VENTURE,B,20000,11.99,0,0.35,N,2,2022,0
21,47500,RENT,2.0,DEBTCONSOLIDATION,B,7500,10.99,0,0.16,N,2,2022,0
22,42000,RENT,7.0,DEBTCONSOLIDATION,E,7500,17.04,1,0.18,N,2,2022,1
23,57000,MORTGAGE,5.0,VENTURE,B,18000,11.11,0,0.32,N,2,2022,0
23,57000,MORTGAGE,6.0,PERSONAL,A,7000,,0,0.12,N,2,2022,0
25,50000,RENT,3.0,PERSONAL,B,7500,10.99,0,0.15,N,2,2022,0
22,57000,MORTGAGE,5.0,PERSONAL,B,7500,10.25,0,0.13,N,2,2022,0
22,51000,RENT,6.0,PERSONAL,A,7500,5.99,0,0.15,N,2,2022,0
23,52000,RENT,7.0,VENTURE,B,7500,10.38,0,0.14,N,2,2022,0
22,55000,RENT,6.0,DEBTCONSOLIDATION,A,7500,6.03,0,0.14,N,2,2022,0
21,55000,RENT,1.0,EDUCATION,A,7500,7.88,0,0.14,N,2,2022,0
24,55000,RENT,1.0,HOMEIMPROVEMENT,B,7500,12.53,0,0.14,N,2,2022,0
22,57000,MORTGAGE,6.0,EDUCATION,B,25000,9.01,0,0.44,N,2,2022,0
26,57006,MORTGAGE,10.0,DEBTCONSOLIDATION,A,6000,6.17,0,0.11,N,2,2022,0
23,59000,RENT,7.0,EDUCATION,A,7500,6.54,0,0.13,N,2,2022,0
21,57200,MORTGAGE,5.0,DEBTCONSOLIDATION,A,8000,6.03,0,0.14,N,2,2022,0
25,57200,MORTGAGE,1.0,EDUCATION,A,2400,7.49,0,0.04,N,2,2022,0
22,57200,MORTGAGE,4.0,EDUCATION,A,7000,7.51,0,0.12,N,2,2022,0
25,60000,RENT,6.0,MEDICAL,C,7500,14.27,0,0.13,Y,2,2022,0
23,60000,RENT,4.0,PERSONAL,A,7500,7.66,0,0.13,N,2,2022,0
25,57400,MORTGAGE,9.0,DEBTCONSOLIDATION,A,8475,6.99,0,0.15,N,2,2022,0
23,57468,MORTGAGE,8.0,EDUCATION,B,14075,9.91,0,0.24,N,2,2022,0
23,60000,RENT,8.0,VENTURE,A,7500,9.07,0,0.13,N,2,2022,0
21,61000,RENT,3.0,EDUCATION,B,7500,10.39,0,0.12,N,2,2022,0
25,51500,OTHER,1.0,MEDICAL,D,13000,16.07,1,0.25,N,2,2022,1
26,66000,RENT,2.0,EDUCATION,A,7500,6.62,0,0.11,N,2,2022,0
23,57504,MORTGAGE,7.0,PERSONAL,A,10000,8.59,0,0.17,N,2,2022,0
22,67500,RENT,1.0,VENTURE,B,7500,9.76,0,0.11,N,2,2022,0
24,68000,RENT,0.0,PERSONAL,B,7500,11.99,0,0.11,N,2,2022,0
24,57600,MORTGAGE,9.0,VENTURE,B,6500,,0,0.11,N,2,2022,0
24,69996,RENT,5.0,VENTURE,A,7500,7.49,0,0.11,N,2,2022,0
22,57600,MORTGAGE,1.0,PERSONAL,B,6000,10.0,0,0.1,N,2,2022,0
22,57600,MORTGAGE,2.0,DEBTCONSOLIDATION,C,4000,,0,0.07,Y,2,2022,0
23,57600,MORTGAGE,6.0,DEBTCONSOLIDATION,A,4000,5.42,0,0.07,N,2,2022,0
23,75000,RENT,4.0,EDUCATION,B,7500,11.83,0,0.1,N,2,2022,0
23,57600,MORTGAGE,0.0,VENTURE,B,1000,,0,0.02,N,2,2022,0
21,57700,MORTGAGE,5.0,VENTURE,B,13500,9.91,0,0.23,N,2,2022,0
23,57744,MORTGAGE,7.0,PERSONAL,B,2500,10.37,0,0.04,N,2,2022,0
23,87000,RENT,1.0,DEBTCONSOLIDATION,B,7500,10.33,0,0.09,N,2,2022,0
22,66300,RENT,3.0,MEDICAL,D,7500,14.96,1,0.1,N,2,2022,1
23,57850,MORTGAGE,8.0,EDUCATION,B,4000,10.99,0,0.07,N,2,2022,0
22,57900,MORTGAGE,3.0,EDUCATION,A,4850,8.49,0,0.08,N,2,2022,0
23,57996,MORTGAGE,5.0,EDUCATION,A,8800,7.51,0,0.15,N,2,2022,0
23,57996,MORTGAGE,7.0,DEBTCONSOLIDATION,A,7200,,0,0.12,N,2,2022,0
26,230000,RENT,0.0,EDUCATION,A,7500,8.0,0,0.03,N,2,2022,0
26,50000,RENT,3.0,EDUCATION,B,7525,11.49,0,0.15,N,2,2022,0
22,70000,RENT,4.0,VENTURE,A,7550,7.51,0,0.11,N,2,2022,0
24,76554,RENT,8.0,HOMEIMPROVEMENT,D,7600,12.61,0,0.1,N,2,2022,0
22,23400,RENT,,EDUCATION,A,7700,5.99,1,0.33,N,2,2022,1
22,58000,OWN,6.0,EDUCATION,D,10000,14.83,0,0.17,N,2,2022,0
21,26000,RENT,2.0,MEDICAL,E,7750,16.7,1,0.3,Y,2,2022,1
26,58000,MORTGAGE,10.0,VENTURE,B,5000,10.62,0,0.09,N,2,2022,0
23,58000,MORTGAGE,3.0,DEBTCONSOLIDATION,A,5000,7.14,0,0.09,N,2,2022,0
24,30000,RENT,6.0,EDUCATION,E,7750,,0,0.26,Y,2,2022,0
24,33000,RENT,2.0,VENTURE,F,7750,,1,0.23,N,2,2022,1
25,58000,MORTGAGE,9.0,MEDICAL,B,10400,12.18,0,0.18,N,2,2022,0
23,52000,MORTGAGE,7.0,PERSONAL,B,5000,11.48,1,0.1,N,2,2022,1
22,48000,RENT,1.0,PERSONAL,A,7750,7.74,0,0.16,N,2,2022,0
24,58000,MORTGAGE,0.0,HOMEIMPROVEMENT,A,3500,7.68,0,0.06,N,2,2022,0
23,33000,RENT,0.0,PERSONAL,B,7800,10.95,1,0.24,N,2,2022,1
22,58000,OWN,5.0,EDUCATION,C,4500,13.16,0,0.08,N,2,2022,0
21,34000,RENT,5.0,DEBTCONSOLIDATION,C,7800,13.79,1,0.23,N,2,2022,1
26,36000,RENT,3.0,VENTURE,C,7800,14.27,0,0.22,N,2,2022,0
24,40000,RENT,1.0,MEDICAL,A,7800,,0,0.2,N,2,2022,0
22,52000,MORTGAGE,6.0,EDUCATION,D,10000,13.87,1,0.19,Y,2,2022,1
26,43000,RENT,5.0,MEDICAL,A,7800,7.88,0,0.18,N,2,2022,0
26,58125,MORTGAGE,10.0,VENTURE,B,6000,10.25,0,0.1,N,2,2022,0
24,49000,RENT,2.0,VENTURE,D,7800,15.62,1,0.16,N,2,2022,1
25,59000,RENT,2.0,VENTURE,B,7800,12.21,0,0.13,N,2,2022,0
22,58200,MORTGAGE,1.0,EDUCATION,C,10000,12.53,0,0.17,N,2,2022,0
23,58200,MORTGAGE,2.0,DEBTCONSOLIDATION,B,13000,,0,0.22,N,2,2022,0
23,80000,RENT,2.0,VENTURE,B,7800,9.99,0,0.1,N,2,2022,0
21,100000,RENT,1.0,DEBTCONSOLIDATION,A,7800,7.88,0,0.08,N,2,2022,0
24,26000,RENT,3.0,MEDICAL,B,7850,9.96,0,0.3,N,2,2022,0
22,32000,RENT,0.0,PERSONAL,D,7875,14.91,1,0.25,N,2,2022,1
23,58500,MORTGAGE,6.0,MEDICAL,A,4000,8.0,0,0.07,N,2,2022,0
22,28000,RENT,7.0,VENTURE,B,7900,9.99,0,0.28,N,2,2022,0
24,16000,RENT,0.0,HOMEIMPROVEMENT,C,8000,13.57,1,0.5,N,2,2022,1
21,58800,MORTGAGE,5.0,EDUCATION,D,25000,14.09,0,0.43,N,2,2022,0
22,59000,MORTGAGE,5.0,MEDICAL,A,6000,,0,0.1,N,2,2022,0
23,59000,MORTGAGE,7.0,PERSONAL,A,3600,7.51,0,0.06,N,2,2022,0
22,21000,RENT,7.0,EDUCATION,D,8000,16.77,1,0.38,Y,2,2022,1
23,59000,MORTGAGE,7.0,VENTURE,A,2000,5.42,0,0.03,N,2,2022,0
26,59000,MORTGAGE,,VENTURE,A,7800,6.99,0,0.13,N,2,2022,0
21,53000,MORTGAGE,4.0,PERSONAL,A,14400,7.49,1,0.27,N,2,2022,1
25,21996,RENT,3.0,HOMEIMPROVEMENT,C,8000,13.98,1,0.36,Y,2,2022,1
24,22100,RENT,4.0,EDUCATION,C,8000,13.23,1,0.36,N,2,2022,1
25,23000,RENT,,HOMEIMPROVEMENT,D,8000,14.46,1,0.35,Y,2,2022,1
22,23400,RENT,2.0,MEDICAL,A,8000,8.59,1,0.34,N,2,2022,1
22,24000,RENT,0.0,EDUCATION,A,8000,,1,0.33,N,2,2022,1
25,59000,OWN,6.0,HOMEIMPROVEMENT,A,5000,6.17,0,0.08,N,2,2022,0
23,24000,RENT,7.0,PERSONAL,A,8000,7.29,1,0.33,N,2,2022,1
26,59000,MORTGAGE,4.0,EDUCATION,B,3500,10.99,0,0.06,N,2,2022,0
23,59000,MORTGAGE,0.0,EDUCATION,B,21600,11.89,0,0.37,N,2,2022,0
22,25000,RENT,6.0,EDUCATION,B,8000,11.36,1,0.32,N,2,2022,1
26,59000,MORTGAGE,7.0,HOMEIMPROVEMENT,B,500,9.76,0,0.01,N,2,2022,0
26,59020,MORTGAGE,10.0,PERSONAL,B,7000,10.0,0,0.12,N,2,2022,0
25,59400,MORTGAGE,9.0,EDUCATION,C,18500,12.73,0,0.31,N,2,2022,0
24,59500,MORTGAGE,0.0,EDUCATION,B,4200,10.59,0,0.07,N,2,2022,0
21,28000,RENT,3.0,EDUCATION,B,8000,10.99,1,0.29,N,2,2022,1
25,59650,MORTGAGE,9.0,PERSONAL,C,10000,13.61,0,0.17,Y,2,2022,0
24,28590,RENT,7.0,MEDICAL,D,8000,15.65,0,0.28,Y,2,2022,0
26,59760,MORTGAGE,,HOMEIMPROVEMENT,B,6000,9.99,0,0.1,N,2,2022,0
22,53774,MORTGAGE,6.0,DEBTCONSOLIDATION,E,8600,19.42,1,0.16,N,2,2022,1
22,28800,RENT,6.0,EDUCATION,B,8000,11.49,0,0.28,N,2,2022,0
25,59796,MORTGAGE,4.0,HOMEIMPROVEMENT,B,7000,9.63,0,0.12,N,2,2022,0
22,28800,RENT,0.0,MEDICAL,C,8000,13.72,0,0.28,Y,2,2022,0
24,28800,RENT,5.0,MEDICAL,A,8000,,0,0.28,N,2,2022,0
23,53950,MORTGAGE,8.0,EDUCATION,E,15000,16.63,1,0.28,Y,2,2022,1
21,28800,RENT,5.0,MEDICAL,B,8000,9.88,0,0.28,N,2,2022,0
23,30000,RENT,2.0,EDUCATION,B,8000,12.42,0,0.27,N,2,2022,0
26,30000,RENT,0.0,EDUCATION,B,8000,9.91,1,0.27,N,2,2022,1
24,30000,RENT,3.0,MEDICAL,E,8000,,0,0.27,Y,2,2022,0
23,30000,RENT,0.0,MEDICAL,C,8000,13.49,0,0.27,Y,2,2022,0
26,30000,RENT,5.0,PERSONAL,C,8000,12.99,0,0.27,N,2,2022,0
26,60000,MORTGAGE,9.0,PERSONAL,C,7200,13.49,0,0.12,N,2,2022,0
24,30000,RENT,8.0,PERSONAL,B,8000,9.25,0,0.27,N,2,2022,0
26,30000,RENT,4.0,MEDICAL,C,8000,13.98,0,0.27,N,2,2022,0
24,30000,RENT,5.0,VENTURE,C,8000,14.26,0,0.27,Y,2,2022,0
22,30000,RENT,3.0,VENTURE,B,8000,12.53,0,0.27,N,2,2022,0
23,30000,RENT,4.0,MEDICAL,B,8000,12.18,0,0.27,N,2,2022,0
21,30000,RENT,5.0,EDUCATION,B,8000,,0,0.27,N,2,2022,0
23,30188,RENT,3.0,PERSONAL,C,8000,14.65,0,0.27,N,2,2022,0
22,30996,RENT,2.0,DEBTCONSOLIDATION,B,8000,11.49,0,0.26,N,2,2022,0
26,60000,MORTGAGE,10.0,VENTURE,B,20000,12.69,0,0.33,N,2,2022,0
24,31200,RENT,7.0,MEDICAL,B,8000,11.49,0,0.26,N,2,2022,0
23,54000,MORTGAGE,7.0,EDUCATION,B,21200,12.42,1,0.39,N,2,2022,1
26,60000,MORTGAGE,8.0,HOMEIMPROVEMENT,B,12000,10.65,0,0.2,N,2,2022,0
22,32400,RENT,6.0,EDUCATION,A,8000,7.9,0,0.25,N,2,2022,0
24,54000,MORTGAGE,6.0,HOMEIMPROVEMENT,C,6300,14.65,1,0.12,Y,2,2022,1
24,60000,MORTGAGE,8.0,EDUCATION,B,7000,11.71,0,0.12,N,2,2022,0
24,29000,RENT,4.0,HOMEIMPROVEMENT,B,8000,12.42,1,0.28,N,2,2022,1
23,60000,MORTGAGE,3.0,PERSONAL,B,12000,10.65,0,0.2,N,2,2022,0
23,60000,MORTGAGE,0.0,PERSONAL,A,8000,7.51,0,0.13,N,2,2022,0
24,35000,RENT,8.0,EDUCATION,A,8000,6.03,0,0.23,N,2,2022,0
22,35000,RENT,5.0,EDUCATION,A,8000,7.29,0,0.23,N,2,2022,0
23,29000,RENT,0.0,VENTURE,F,8000,18.3,1,0.28,N,2,2022,1
26,60000,MORTGAGE,10.0,PERSONAL,D,8000,16.77,0,0.13,N,2,2022,0
25,60000,MORTGAGE,4.0,VENTURE,A,14000,7.9,0,0.23,N,2,2022,0
25,60000,MORTGAGE,6.0,HOMEIMPROVEMENT,B,4000,12.69,0,0.07,N,2,2022,0
24,60000,MORTGAGE,6.0,DEBTCONSOLIDATION,A,10000,8.9,0,0.17,N,2,2022,0
22,60000,MORTGAGE,6.0,EDUCATION,B,3950,10.65,0,0.07,N,2,2022,0
22,60000,MORTGAGE,3.0,VENTURE,A,5000,7.9,0,0.08,N,2,2022,0
26,60000,MORTGAGE,7.0,EDUCATION,A,16000,7.9,0,0.27,N,2,2022,0
23,36000,RENT,0.0,EDUCATION,A,8000,7.51,0,0.22,N,2,2022,0
24,60000,MORTGAGE,8.0,EDUCATION,B,3000,10.65,0,0.05,N,2,2022,0
23,36000,RENT,5.0,VENTURE,B,8000,,0,0.22,N,2,2022,0
21,30000,RENT,3.0,VENTURE,E,8000,16.45,1,0.27,Y,2,2022,1
24,60000,MORTGAGE,9.0,HOMEIMPROVEMENT,B,1500,12.42,0,0.03,N,2,2022,0
22,36000,RENT,4.0,EDUCATION,D,8000,15.33,0,0.22,N,2,2022,0
24,60000,MORTGAGE,2.0,DEBTCONSOLIDATION,B,10000,11.71,0,0.17,N,2,2022,0
25,60000,MORTGAGE,1.0,HOMEIMPROVEMENT,C,5000,15.27,0,0.08,Y,2,2022,0
26,36903,RENT,3.0,DEBTCONSOLIDATION,B,8000,12.21,0,0.22,N,2,2022,0
25,60000,MORTGAGE,4.0,MEDICAL,A,8650,7.51,0,0.14,N,2,2022,0
22,37000,RENT,0.0,EDUCATION,A,8000,8.94,0,0.22,N,2,2022,0
23,37440,RENT,8.0,EDUCATION,E,8000,14.18,0,0.21,N,2,2022,0
24,37648,RENT,0.0,MEDICAL,A,8000,7.29,0,0.21,N,2,2022,0
22,60000,OWN,6.0,MEDICAL,B,1000,10.99,0,0.02,N,2,2022,0
22,60000,OWN,7.0,VENTURE,D,15000,16.49,0,0.25,Y,2,2022,0
24,37876,RENT,4.0,MEDICAL,B,8000,9.63,0,0.21,N,2,2022,0
22,60000,MORTGAGE,6.0,DEBTCONSOLIDATION,C,18000,12.99,0,0.3,N,2,2022,0
24,38000,RENT,8.0,MEDICAL,B,8000,11.49,0,0.21,N,2,2022,0
25,60000,MORTGAGE,10.0,DEBTCONSOLIDATION,B,10000,11.49,0,0.17,N,2,2022,0
23,38000,RENT,0.0,MEDICAL,A,8000,6.17,0,0.21,N,2,2022,0
26,39000,RENT,2.0,DEBTCONSOLIDATION,A,8000,6.62,0,0.21,N,2,2022,0
23,60000,MORTGAGE,6.0,EDUCATION,C,8000,13.49,0,0.13,Y,2,2022,0
26,54000,MORTGAGE,11.0,DEBTCONSOLIDATION,B,4800,11.49,1,0.09,N,2,2022,1
22,60000,MORTGAGE,2.0,EDUCATION,B,3500,9.99,0,0.06,N,2,2022,0
24,60000,MORTGAGE,8.0,MEDICAL,A,17000,7.49,0,0.28,N,2,2022,0
22,60000,MORTGAGE,2.0,PERSONAL,A,5200,5.99,0,0.09,N,2,2022,0
25,40000,RENT,9.0,DEBTCONSOLIDATION,B,8000,12.42,0,0.2,N,2,2022,0
26,60000,MORTGAGE,6.0,HOMEIMPROVEMENT,B,5000,9.99,0,0.08,N,2,2022,0
22,40000,RENT,2.0,EDUCATION,C,8000,12.99,0,0.2,N,2,2022,0
23,60000,MORTGAGE,,EDUCATION,B,5600,10.99,0,0.09,N,2,2022,0
21,40000,RENT,2.0,DEBTCONSOLIDATION,B,8000,9.63,0,0.2,N,2,2022,0
24,40000,RENT,2.0,PERSONAL,A,8000,6.17,0,0.2,N,2,2022,0
24,60000,OWN,1.0,VENTURE,D,15000,16.89,0,0.25,Y,2,2022,0
24,60000,MORTGAGE,3.0,EDUCATION,A,4000,5.42,0,0.07,N,2,2022,0
24,40560,RENT,5.0,VENTURE,A,8000,7.66,0,0.2,N,2,2022,0
26,35000,RENT,0.0,DEBTCONSOLIDATION,D,8000,15.31,1,0.23,Y,2,2022,1
22,60000,MORTGAGE,,EDUCATION,A,10000,5.99,0,0.17,N,2,2022,0
25,60000,MORTGAGE,2.0,MEDICAL,B,12500,11.49,0,0.21,N,2,2022,0
24,60000,MORTGAGE,8.0,PERSONAL,C,9600,12.99,0,0.16,N,2,2022,0
23,60000,MORTGAGE,7.0,MEDICAL,C,5000,12.99,0,0.08,N,2,2022,0
23,36000,RENT,2.0,MEDICAL,A,8000,7.51,1,0.22,N,2,2022,1
21,60000,MORTGAGE,5.0,DEBTCONSOLIDATION,A,10000,5.99,0,0.17,N,2,2022,0
25,54000,MORTGAGE,,DEBTCONSOLIDATION,D,10000,16.89,1,0.19,Y,2,2022,1
25,42000,RENT,1.0,VENTURE,A,8000,5.99,0,0.19,N,2,2022,0
22,60000,MORTGAGE,2.0,MEDICAL,A,10000,,0,0.17,N,2,2022,0
25,36000,RENT,9.0,PERSONAL,C,8000,12.73,1,0.22,Y,2,2022,1
23,60000,MORTGAGE,7.0,PERSONAL,C,2000,15.23,0,0.03,Y,2,2022,0
24,36000,RENT,2.0,VENTURE,D,8000,14.96,1,0.22,Y,2,2022,1
23,42996,RENT,3.0,PERSONAL,B,8000,11.11,0,0.19,N,2,2022,0
24,60000,MORTGAGE,2.0,MEDICAL,B,12000,9.99,0,0.2,N,2,2022,0
22,60000,MORTGAGE,1.0,PERSONAL,A,10000,5.42,0,0.17,N,2,2022,0
22,44684,RENT,1.0,DEBTCONSOLIDATION,C,8000,12.04,0,0.18,Y,2,2022,0
26,45000,RENT,5.0,EDUCATION,D,8000,18.25,0,0.18,N,2,2022,0
24,39000,RENT,4.0,DEBTCONSOLIDATION,C,8000,,1,0.21,N,2,2022,1
24,60000,MORTGAGE,8.0,MEDICAL,A,13000,7.29,0,0.22,N,2,2022,0
23,60000,MORTGAGE,3.0,MEDICAL,A,4000,7.66,0,0.07,N,2,2022,0
21,45000,RENT,5.0,EDUCATION,D,8000,,0,0.18,Y,2,2022,0
25,39000,RENT,4.0,PERSONAL,C,8000,11.34,1,0.21,Y,2,2022,1
22,46000,RENT,3.0,DEBTCONSOLIDATION,A,8000,6.17,0,0.17,N,2,2022,0
25,60000,MORTGAGE,1.0,VENTURE,A,5000,7.29,0,0.08,N,2,2022,0
24,40000,RENT,5.0,EDUCATION,B,8000,9.88,1,0.2,N,2,2022,1
26,60000,MORTGAGE,10.0,VENTURE,A,12500,6.92,0,0.21,N,2,2022,0
22,60000,MORTGAGE,6.0,VENTURE,A,7800,7.29,0,0.13,N,2,2022,0
23,48000,RENT,5.0,VENTURE,B,8000,,0,0.17,N,2,2022,0
23,48000,RENT,3.0,DEBTCONSOLIDATION,A,8000,8.49,0,0.17,N,2,2022,0
23,60000,MORTGAGE,7.0,DEBTCONSOLIDATION,A,7200,,0,0.12,N,2,2022,0
25,48000,RENT,4.0,EDUCATION,C,8000,14.35,0,0.17,N,2,2022,0
23,42000,RENT,3.0,HOMEIMPROVEMENT,D,8000,15.58,1,0.19,N,2,2022,1
25,60000,MORTGAGE,9.0,HOMEIMPROVEMENT,B,5500,10.74,0,0.09,N,2,2022,0
24,49992,RENT,5.0,VENTURE,D,8000,15.95,0,0.16,Y,2,2022,0
24,50000,RENT,3.0,MEDICAL,B,8000,12.42,0,0.16,N,2,2022,0
23,44000,RENT,5.0,EDUCATION,C,8000,13.49,1,0.18,Y,2,2022,1
22,60000,MORTGAGE,6.0,EDUCATION,C,2000,12.61,0,0.03,Y,2,2022,0
24,50000,RENT,9.0,DEBTCONSOLIDATION,B,8000,9.99,0,0.16,N,2,2022,0
21,44000,RENT,6.0,EDUCATION,D,8000,15.21,1,0.18,N,2,2022,1
21,60000,MORTGAGE,5.0,DEBTCONSOLIDATION,B,7800,9.99,0,0.13,N,2,2022,0
23,60000,MORTGAGE,6.0,PERSONAL,B,2000,10.36,0,0.03,N,2,2022,0
22,50000,RENT,2.0,PERSONAL,C,8000,13.16,0,0.16,Y,2,2022,0
25,60000,MORTGAGE,7.0,DEBTCONSOLIDATION,A,8000,5.79,0,0.13,N,2,2022,0
21,50400,RENT,4.0,VENTURE,D,8000,15.62,0,0.16,Y,2,2022,0
23,60000,MORTGAGE,4.0,EDUCATION,A,13000,6.91,0,0.22,N,2,2022,0
25,51996,RENT,6.0,MEDICAL,B,8000,10.37,0,0.15,N,2,2022,0
23,52000,RENT,5.0,DEBTCONSOLIDATION,C,8000,13.22,0,0.15,N,2,2022,0
26,46000,RENT,3.0,PERSONAL,D,8000,14.42,1,0.17,N,2,2022,1
24,60000,MORTGAGE,3.0,VENTURE,A,20000,7.88,0,0.33,N,2,2022,0
24,46500,RENT,2.0,HOMEIMPROVEMENT,C,8000,15.23,1,0.17,Y,2,2022,1
21,60000,OWN,0.0,VENTURE,D,16000,,0,0.27,N,2,2022,0
24,60000,MORTGAGE,8.0,DEBTCONSOLIDATION,C,14000,,0,0.23,N,2,2022,0
23,60000,MORTGAGE,7.0,EDUCATION,A,12000,7.88,0,0.2,N,2,2022,0
23,48000,RENT,3.0,DEBTCONSOLIDATION,D,8000,15.58,1,0.17,N,2,2022,1
23,54500,RENT,2.0,DEBTCONSOLIDATION,A,8000,,0,0.15,N,2,2022,0
22,54600,RENT,6.0,DEBTCONSOLIDATION,A,8000,7.51,0,0.15,N,2,2022,0
22,48996,RENT,0.0,PERSONAL,D,8000,14.96,1,0.16,Y,2,2022,1
23,54000,MORTGAGE,2.0,MEDICAL,D,7500,15.58,1,0.14,N,2,2022,1
23,55000,RENT,2.0,PERSONAL,B,8000,10.65,0,0.15,N,2,2022,0
24,60000,MORTGAGE,5.0,DEBTCONSOLIDATION,A,14000,7.51,0,0.23,N,2,2022,0
22,60000,OWN,6.0,EDUCATION,B,5900,11.12,0,0.1,N,2,2022,0
24,55000,RENT,8.0,HOMEIMPROVEMENT,C,8000,13.8,0,0.15,Y,2,2022,0
23,55000,RENT,4.0,EDUCATION,B,8000,9.25,0,0.15,N,2,2022,0
22,49000,RENT,1.0,EDUCATION,A,8000,6.91,1,0.16,N,2,2022,1
22,60000,MORTGAGE,4.0,EDUCATION,A,8000,7.14,0,0.13,N,2,2022,0
25,56000,RENT,9.0,VENTURE,A,8000,5.99,0,0.14,N,2,2022,0
25,60000,OWN,8.0,EDUCATION,B,14000,11.12,0,0.23,N,2,2022,0
22,60000,MORTGAGE,7.0,VENTURE,B,6000,10.38,0,0.1,N,2,2022,0
22,54000,MORTGAGE,0.0,HOMEIMPROVEMENT,A,16000,7.51,1,0.3,N,2,2022,1
24,60000,MORTGAGE,3.0,HOMEIMPROVEMENT,B,4000,11.86,0,0.07,N,2,2022,0
24,60000,MORTGAGE,5.0,DEBTCONSOLIDATION,A,7000,7.14,0,0.12,N,2,2022,0
25,57600,RENT,0.0,HOMEIMPROVEMENT,A,8000,7.66,0,0.14,N,2,2022,0
23,57996,RENT,5.0,DEBTCONSOLIDATION,A,8000,7.14,0,0.14,N,2,2022,0
25,60000,MORTGAGE,9.0,VENTURE,B,12000,10.99,0,0.2,N,2,2022,0
24,52000,RENT,8.0,EDUCATION,C,8000,13.99,1,0.15,Y,2,2022,1
24,58033,RENT,4.0,VENTURE,B,8000,10.62,0,0.14,N,2,2022,0
22,60000,OWN,6.0,EDUCATION,A,14000,7.88,0,0.23,N,2,2022,0
25,54000,RENT,,HOMEIMPROVEMENT,B,8000,9.91,1,0.15,N,2,2022,1
25,60000,RENT,1.0,VENTURE,A,8000,5.42,0,0.13,N,2,2022,0
22,60000,RENT,6.0,MEDICAL,C,8000,14.72,0,0.13,Y,2,2022,0
22,60000,RENT,6.0,MEDICAL,A,8000,7.88,0,0.13,N,2,2022,0
25,54000,MORTGAGE,7.0,DEBTCONSOLIDATION,D,8400,14.59,1,0.16,N,2,2022,1
24,60000,MORTGAGE,,MEDICAL,A,5000,7.14,0,0.08,N,2,2022,0
23,60228,RENT,7.0,MEDICAL,C,8000,12.98,0,0.13,Y,2,2022,0
23,61000,RENT,3.0,VENTURE,C,8000,13.22,0,0.13,Y,2,2022,0
24,55000,RENT,2.0,HOMEIMPROVEMENT,D,8000,14.61,1,0.15,N,2,2022,1
22,60000,MORTGAGE,5.0,DEBTCONSOLIDATION,C,12500,13.11,0,0.21,Y,2,2022,0
23,54000,MORTGAGE,7.0,DEBTCONSOLIDATION,D,5000,14.96,1,0.09,Y,2,2022,1
23,54000,RENT,4.0,MEDICAL,B,5200,11.71,0,0.1,N,2,2022,0
22,54000,MORTGAGE,6.0,HOMEIMPROVEMENT,C,12000,13.48,1,0.22,N,2,2022,1
22,60000,OWN,6.0,VENTURE,A,11500,7.88,0,0.19,N,2,2022,0
23,15000,RENT,3.0,DEBTCONSOLIDATION,B,5175,12.18,1,0.34,N,2,2022,1
25,21000,RENT,0.0,DEBTCONSOLIDATION,B,5175,12.53,1,0.25,N,2,2022,1
25,60000,OWN,5.0,VENTURE,C,1200,13.85,0,0.02,N,2,2022,0
21,60000,MORTGAGE,5.0,DEBTCONSOLIDATION,C,5000,13.48,0,0.08,N,2,2022,0
23,60000,OWN,2.0,MEDICAL,D,18500,15.33,0,0.31,N,2,2022,0
25,60000,OWN,10.0,EDUCATION,B,5500,10.99,0,0.09,N,2,2022,0
21,35368,RENT,0.0,DEBTCONSOLIDATION,C,5100,12.99,0,0.14,N,2,2022,0
26,60000,MORTGAGE,3.0,PERSONAL,A,11500,7.88,0,0.19,N,2,2022,0
22,60000,MORTGAGE,6.0,VENTURE,D,24250,15.31,0,0.4,Y,2,2022,0
24,53000,RENT,5.0,EDUCATION,A,5100,7.9,0,0.1,N,2,2022,0
23,60000,MORTGAGE,7.0,VENTURE,B,2450,11.48,0,0.04,N,2,2022,0
23,60000,MORTGAGE,0.0,VENTURE,F,3000,19.13,0,0.05,N,2,2022,0
25,33600,RENT,5.0,PERSONAL,A,5075,5.79,0,0.15,N,2,2022,0
22,36000,RENT,4.0,DEBTCONSOLIDATION,B,5075,,0,0.14,N,2,2022,0
23,60000,OWN,0.0,PERSONAL,B,8000,12.53,0,0.13,N,2,2022,0
25,66000,RENT,1.0,HOMEIMPROVEMENT,B,5050,11.49,0,0.08,N,2,2022,0
22,40000,RENT,2.0,DEBTCONSOLIDATION,C,5025,13.43,0,0.13,N,2,2022,0
21,10000,RENT,0.0,PERSONAL,D,5000,12.17,1,0.5,Y,2,2022,1
22,60000,MORTGAGE,3.0,MEDICAL,A,2000,7.4,0,0.03,N,2,2022,0
24,10800,RENT,8.0,VENTURE,A,5000,7.88,1,0.46,N,2,2022,1
23,60000,MORTGAGE,0.0,MEDICAL,A,5000,,0,0.08,N,2,2022,0
21,12000,RENT,5.0,VENTURE,B,5000,11.49,1,0.42,N,2,2022,1
24,13000,RENT,0.0,DEBTCONSOLIDATION,A,5000,8.0,1,0.38,N,2,2022,1
24,60000,MORTGAGE,3.0,VENTURE,B,4000,12.18,0,0.07,N,2,2022,0
22,54000,MORTGAGE,3.0,DEBTCONSOLIDATION,D,22750,,1,0.42,Y,2,2022,1
22,60000,OTHER,6.0,VENTURE,D,8000,16.0,0,0.13,N,2,2022,0
23,60000,MORTGAGE,7.0,PERSONAL,B,9500,12.53,0,0.16,N,2,2022,0
22,16320,RENT,0.0,DEBTCONSOLIDATION,B,5000,12.53,1,0.31,N,2,2022,1
24,60000,MORTGAGE,6.0,HOMEIMPROVEMENT,A,14000,8.94,0,0.23,N,2,2022,0
26,60000,MORTGAGE,5.0,EDUCATION,B,6000,11.83,0,0.1,N,2,2022,0
23,17004,RENT,3.0,MEDICAL,A,5000,6.54,1,0.29,N,2,2022,1
23,60000,MORTGAGE,1.0,MEDICAL,C,13200,13.16,0,0.22,Y,2,2022,0
25,60000,MORTGAGE,2.0,PERSONAL,B,1800,12.21,0,0.03,N,2,2022,0
25,19200,RENT,0.0,HOMEIMPROVEMENT,B,5000,9.62,1,0.26,N,2,2022,1
23,60000,MORTGAGE,6.0,EDUCATION,B,11500,11.26,0,0.19,N,2,2022,0
24,60000,MORTGAGE,7.0,PERSONAL,A,10000,9.63,0,0.17,N,2,2022,0
25,60000,OWN,9.0,HOMEIMPROVEMENT,C,3000,13.79,0,0.05,Y,2,2022,0
22,60000,MORTGAGE,6.0,MEDICAL,C,9000,13.79,0,0.15,Y,2,2022,0
21,20000,RENT,2.0,DEBTCONSOLIDATION,B,5000,10.39,0,0.25,N,2,2022,0
24,54000,MORTGAGE,8.0,VENTURE,D,1500,14.42,1,0.03,Y,2,2022,1
22,60000,MORTGAGE,4.0,EDUCATION,C,16750,12.53,0,0.28,N,2,2022,0
22,20400,RENT,,PERSONAL,B,5000,12.42,0,0.25,N,2,2022,0
21,21000,RENT,5.0,MEDICAL,F,5000,20.89,1,0.24,N,2,2022,1
24,54000,MORTGAGE,9.0,MEDICAL,A,10000,9.63,1,0.19,N,2,2022,1
24,21000,RENT,0.0,DEBTCONSOLIDATION,A,5000,8.63,0,0.24,N,2,2022,0
24,21120,RENT,3.0,PERSONAL,B,5000,11.71,1,0.24,N,2,2022,1
24,60000,MORTGAGE,0.0,PERSONAL,B,15000,11.89,0,0.25,N,2,2022,0
26,54000,MORTGAGE,2.0,DEBTCONSOLIDATION,B,8000,11.89,1,0.15,N,2,2022,1
22,60000,MORTGAGE,4.0,PERSONAL,C,3000,13.16,0,0.05,N,2,2022,0
22,22800,RENT,4.0,EDUCATION,C,5000,13.85,0,0.22,Y,2,2022,0
24,23000,RENT,1.0,PERSONAL,C,5000,,0,0.22,Y,2,2022,0
26,23484,RENT,,VENTURE,A,5000,7.49,0,0.21,N,2,2022,0
23,24000,RENT,0.0,HOMEIMPROVEMENT,C,5000,14.27,1,0.21,Y,2,2022,1
26,24000,RENT,0.0,VENTURE,A,5000,8.9,0,0.21,N,2,2022,0
24,24000,RENT,4.0,DEBTCONSOLIDATION,A,5000,7.51,0,0.21,N,2,2022,0
23,60000,MORTGAGE,0.0,DEBTCONSOLIDATION,A,7500,8.0,0,0.13,N,2,2022,0
21,24000,RENT,3.0,HOMEIMPROVEMENT,D,5000,,1,0.21,Y,2,2022,1
22,60000,MORTGAGE,1.0,EDUCATION,C,7500,11.66,0,0.13,N,2,2022,0
23,60000,MORTGAGE,7.0,DEBTCONSOLIDATION,B,6000,9.45,0,0.1,N,2,2022,0
21,24000,RENT,2.0,MEDICAL,C,5000,12.98,0,0.21,N,2,2022,0
24,60400,OWN,5.0,VENTURE,A,5500,8.0,0,0.09,N,2,2022,0
25,60500,OWN,6.0,PERSONAL,B,17000,12.42,0,0.28,N,2,2022,0
24,25000,RENT,3.0,VENTURE,A,5000,7.14,0,0.2,N,2,2022,0
24,25000,RENT,2.0,DEBTCONSOLIDATION,A,5000,8.94,1,0.2,N,2,2022,1
21,25000,RENT,0.0,DEBTCONSOLIDATION,D,5000,12.86,1,0.2,Y,2,2022,1
22,60635,MORTGAGE,5.0,EDUCATION,C,6800,13.49,0,0.11,Y,2,2022,0
23,60785,MORTGAGE,7.0,DEBTCONSOLIDATION,C,10625,13.99,0,0.17,N,2,2022,0
22,26000,RENT,6.0,PERSONAL,B,5000,11.99,0,0.19,N,2,2022,0
21,26400,RENT,2.0,EDUCATION,C,5000,13.49,0,0.19,Y,2,2022,0
22,61000,MORTGAGE,6.0,MEDICAL,C,12000,13.49,0,0.2,N,2,2022,0
25,55000,MORTGAGE,4.0,MEDICAL,D,9000,16.77,1,0.16,Y,2,2022,1
23,61000,OWN,1.0,PERSONAL,B,12000,11.71,0,0.2,N,2,2022,0
23,27000,RENT,2.0,MEDICAL,E,5000,16.77,1,0.19,Y,2,2022,1
24,55000,MORTGAGE,8.0,EDUCATION,B,6000,11.99,1,0.11,N,2,2022,1
22,27000,RENT,0.0,VENTURE,D,5000,,1,0.19,Y,2,2022,1
22,27000,RENT,6.0,DEBTCONSOLIDATION,A,5000,9.32,0,0.19,N,2,2022,0
22,27000,RENT,1.0,VENTURE,B,5000,10.08,0,0.19,N,2,2022,0
25,27096,RENT,7.0,DEBTCONSOLIDATION,A,5000,7.9,1,0.18,N,2,2022,1
22,61000,MORTGAGE,1.0,DEBTCONSOLIDATION,B,8000,11.49,0,0.13,N,2,2022,0
23,61000,MORTGAGE,2.0,VENTURE,E,18400,19.29,0,0.3,N,2,2022,0
22,61000,MORTGAGE,6.0,EDUCATION,A,12000,7.49,0,0.2,N,2,2022,0
26,61000,MORTGAGE,4.0,PERSONAL,A,8000,7.49,0,0.13,N,2,2022,0
23,61000,MORTGAGE,,PERSONAL,A,10000,6.99,0,0.16,N,2,2022,0
22,27360,RENT,5.0,EDUCATION,A,5000,7.51,0,0.18,N,2,2022,0
26,61000,MORTGAGE,8.0,MEDICAL,B,21000,,0,0.34,N,2,2022,0
23,55000,MORTGAGE,6.0,DEBTCONSOLIDATION,D,10000,15.33,1,0.18,N,2,2022,1
25,61000,MORTGAGE,9.0,HOMEIMPROVEMENT,B,15000,9.88,0,0.25,N,2,2022,0
24,56400,RENT,4.0,MEDICAL,D,8000,14.96,1,0.14,Y,2,2022,1
26,63000,RENT,2.0,VENTURE,B,8000,12.53,0,0.13,N,2,2022,0
25,63900,RENT,1.0,VENTURE,A,8000,6.03,0,0.13,N,2,2022,0
24,64000,RENT,8.0,HOMEIMPROVEMENT,A,8000,7.9,0,0.13,N,2,2022,0
23,64000,RENT,5.0,VENTURE,B,8000,10.0,0,0.13,N,2,2022,0
22,65000,RENT,0.0,VENTURE,B,8000,10.59,0,0.12,N,2,2022,0
23,61200,MORTGAGE,2.0,VENTURE,A,9000,,0,0.15,N,2,2022,0
23,55200,MORTGAGE,1.0,PERSONAL,E,15250,15.68,1,0.28,N,2,2022,1
24,55200,MORTGAGE,0.0,MEDICAL,D,6000,14.42,1,0.11,Y,2,2022,1
26,61200,OWN,4.0,HOMEIMPROVEMENT,C,1500,12.84,0,0.02,Y,2,2022,0
24,61200,MORTGAGE,5.0,EDUCATION,B,5100,10.51,0,0.08,N,2,2022,0
23,65000,RENT,2.0,DEBTCONSOLIDATION,C,8000,14.72,0,0.12,Y,2,2022,0
24,65004,RENT,4.0,PERSONAL,A,8000,8.49,0,0.12,N,2,2022,0
23,55400,MORTGAGE,1.0,MEDICAL,D,5500,14.61,1,0.1,N,2,2022,1
22,61402,MORTGAGE,7.0,EDUCATION,B,10800,9.99,0,0.18,N,2,2022,0
21,65500,RENT,6.0,EDUCATION,C,8000,12.84,0,0.12,Y,2,2022,0
23,61498,MORTGAGE,5.0,PERSONAL,B,5000,11.36,0,0.08,N,2,2022,0
26,67000,RENT,9.0,VENTURE,A,8000,7.14,0,0.12,N,2,2022,0
24,61500,MORTGAGE,8.0,VENTURE,B,3200,11.49,0,0.05,N,2,2022,0
24,61800,MORTGAGE,0.0,MEDICAL,A,1500,6.54,0,0.02,N,2,2022,0
22,70000,RENT,6.0,EDUCATION,A,8000,6.99,0,0.11,N,2,2022,0
23,70000,RENT,4.0,EDUCATION,D,8000,16.02,0,0.11,N,2,2022,0
26,62000,MORTGAGE,0.0,PERSONAL,A,12000,7.9,0,0.19,N,2,2022,0
23,62000,MORTGAGE,3.0,VENTURE,A,4000,8.9,0,0.06,N,2,2022,0
22,64000,RENT,0.0,PERSONAL,D,8000,14.84,1,0.13,N,2,2022,1
22,62000,MORTGAGE,2.0,DEBTCONSOLIDATION,C,13000,15.27,0,0.21,Y,2,2022,0
22,62000,MORTGAGE,6.0,EDUCATION,A,15075,6.03,0,0.24,N,2,2022,0
24,62000,MORTGAGE,8.0,PERSONAL,A,5875,6.03,0,0.09,N,2,2022,0
21,62000,MORTGAGE,2.0,DEBTCONSOLIDATION,A,6000,7.51,0,0.1,N,2,2022,0
25,62000,MORTGAGE,7.0,VENTURE,A,12000,5.42,0,0.19,N,2,2022,0
25,62000,MORTGAGE,9.0,VENTURE,B,8500,10.99,0,0.14,N,2,2022,0
24,74000,RENT,7.0,EDUCATION,D,8000,15.62,0,0.11,Y,2,2022,0
25,62000,MORTGAGE,9.0,HOMEIMPROVEMENT,C,3000,12.99,0,0.05,N,2,2022,0
25,69000,RENT,1.0,HOMEIMPROVEMENT,D,8000,13.99,1,0.12,Y,2,2022,1
22,62000,MORTGAGE,5.0,EDUCATION,B,9000,10.0,0,0.15,N,2,2022,0
26,62000,MORTGAGE,10.0,VENTURE,C,10000,13.43,0,0.16,Y,2,2022,0
23,56000,MORTGAGE,7.0,VENTURE,D,8000,14.54,1,0.14,Y,2,2022,1
24,79000,RENT,0.0,MEDICAL,B,8000,11.49,0,0.1,N,2,2022,0
24,62000,MORTGAGE,6.0,HOMEIMPROVEMENT,B,10000,10.74,0,0.16,N,2,2022,0
24,62000,MORTGAGE,8.0,EDUCATION,B,7750,10.0,0,0.13,N,2,2022,0
26,80000,RENT,0.0,HOMEIMPROVEMENT,A,8000,5.99,0,0.1,N,2,2022,0
23,62000,MORTGAGE,2.0,PERSONAL,A,10000,,0,0.16,N,2,2022,0
22,62000,MORTGAGE,6.0,EDUCATION,A,1500,6.91,0,0.02,N,2,2022,0
24,81600,RENT,5.0,VENTURE,C,8000,12.84,0,0.1,Y,2,2022,0
26,62000,MORTGAGE,5.0,MEDICAL,A,10000,7.88,0,0.16,N,2,2022,0
25,62000,MORTGAGE,9.0,EDUCATION,B,2100,11.86,0,0.03,N,2,2022,0
24,85000,RENT,0.0,HOMEIMPROVEMENT,C,8000,13.06,0,0.09,Y,2,2022,0
21,56000,MORTGAGE,5.0,EDUCATION,B,18000,10.25,1,0.32,N,2,2022,1
22,86004,RENT,6.0,EDUCATION,C,8000,13.92,0,0.09,Y,2,2022,0
25,87000,RENT,3.0,MEDICAL,B,8000,10.37,0,0.09,N,2,2022,0
23,62000,MORTGAGE,4.0,MEDICAL,B,10000,12.18,0,0.16,N,2,2022,0
24,62000,MORTGAGE,8.0,VENTURE,E,20000,16.7,0,0.32,N,2,2022,0
22,62000,OWN,1.0,VENTURE,B,10000,11.58,0,0.16,N,2,2022,0
23,62000,MORTGAGE,7.0,DEBTCONSOLIDATION,B,6400,10.08,0,0.1,N,2,2022,0
23,62000,MORTGAGE,4.0,VENTURE,B,9600,9.2,0,0.15,N,2,2022,0
25,84000,RENT,1.0,VENTURE,E,8000,16.45,1,0.1,N,2,2022,1
26,62004,MORTGAGE,3.0,MEDICAL,B,4000,9.99,0,0.06,N,2,2022,0
23,56004,MORTGAGE,7.0,PERSONAL,B,15000,11.26,1,0.27,N,2,2022,1
22,62004,MORTGAGE,6.0,EDUCATION,A,3600,7.37,0,0.06,N,2,2022,0
24,62100,MORTGAGE,8.0,EDUCATION,C,6000,12.53,0,0.1,N,2,2022,0
22,56208,MORTGAGE,6.0,DEBTCONSOLIDATION,D,12000,16.29,1,0.21,Y,2,2022,1
22,108000,RENT,1.0,PERSONAL,D,8000,16.29,1,0.07,Y,2,2022,1
22,56400,MORTGAGE,6.0,EDUCATION,D,8400,14.91,1,0.15,N,2,2022,1
24,131400,RENT,8.0,DEBTCONSOLIDATION,D,8000,15.99,1,0.06,N,2,2022,1
24,62400,MORTGAGE,3.0,EDUCATION,A,9500,6.54,0,0.15,N,2,2022,0
22,62400,MORTGAGE,6.0,EDUCATION,D,2400,14.46,0,0.04,Y,2,2022,0
22,62400,MORTGAGE,2.0,VENTURE,C,12600,13.85,0,0.2,Y,2,2022,0
22,30000,RENT,1.0,EDUCATION,B,8050,12.69,1,0.27,N,2,2022,1
22,48000,RENT,6.0,EDUCATION,B,8050,10.0,0,0.17,N,2,2022,0
21,50000,RENT,5.0,DEBTCONSOLIDATION,A,8075,6.17,0,0.16,N,2,2022,0
23,62471,MORTGAGE,,EDUCATION,A,12000,6.91,0,0.19,N,2,2022,0
23,78000,RENT,7.0,DEBTCONSOLIDATION,A,8100,7.29,0,0.1,N,2,2022,0
24,85000,RENT,6.0,HOMEIMPROVEMENT,A,8100,,0,0.1,N,2,2022,0
25,62496,MORTGAGE,1.0,HOMEIMPROVEMENT,A,8000,7.51,0,0.13,N,2,2022,0
26,62500,MORTGAGE,9.0,MEDICAL,B,8000,11.49,0,0.13,N,2,2022,0
24,62500,MORTGAGE,2.0,VENTURE,A,6000,5.79,0,0.1,N,2,2022,0
24,40944,RENT,0.0,MEDICAL,B,8200,11.36,0,0.2,N,2,2022,0
24,62500,OWN,8.0,PERSONAL,C,6500,13.22,0,0.1,Y,2,2022,0
21,33000,RENT,4.0,PERSONAL,B,8250,,0,0.25,N,2,2022,0
22,62589,OWN,,VENTURE,C,7000,13.35,0,0.11,Y,2,2022,0
24,62677,MORTGAGE,2.0,MEDICAL,B,6000,10.2,0,0.1,N,2,2022,0
24,83000,RENT,4.0,HOMEIMPROVEMENT,A,8300,7.88,0,0.1,N,2,2022,0
22,56920,MORTGAGE,6.0,VENTURE,D,10000,14.59,1,0.18,Y,2,2022,1
25,63000,MORTGAGE,9.0,PERSONAL,B,14000,12.42,0,0.22,N,2,2022,0
23,63000,MORTGAGE,7.0,EDUCATION,A,20000,7.9,0,0.32,N,2,2022,0
23,63000,MORTGAGE,2.0,PERSONAL,B,10000,10.59,0,0.16,N,2,2022,0
23,63000,MORTGAGE,8.0,EDUCATION,A,7300,7.49,0,0.12,N,2,2022,0
21,63000,MORTGAGE,2.0,PERSONAL,B,10000,10.59,0,0.16,N,2,2022,0
25,63000,MORTGAGE,2.0,HOMEIMPROVEMENT,B,20000,9.99,0,0.32,N,2,2022,0
22,63000,MORTGAGE,6.0,MEDICAL,A,10800,5.99,0,0.17,N,2,2022,0
22,41000,RENT,0.0,EDUCATION,A,8400,8.94,0,0.2,N,2,2022,0
26,63000,MORTGAGE,10.0,MEDICAL,A,10000,6.91,0,0.16,N,2,2022,0
22,63000,MORTGAGE,6.0,EDUCATION,A,4500,5.42,0,0.07,N,2,2022,0
25,63000,MORTGAGE,9.0,EDUCATION,B,25000,11.49,0,0.4,N,2,2022,0
23,39000,RENT,5.0,PERSONAL,C,8400,13.79,1,0.22,N,2,2022,1
26,48000,RENT,4.0,DEBTCONSOLIDATION,B,8400,11.12,0,0.17,N,2,2022,0
26,51996,RENT,8.0,MEDICAL,C,8400,13.99,0,0.16,Y,2,2022,0
22,63000,MORTGAGE,2.0,DEBTCONSOLIDATION,A,4000,,0,0.06,N,2,2022,0
22,55000,RENT,2.0,VENTURE,A,8400,7.88,0,0.15,N,2,2022,0
25,63000,MORTGAGE,3.0,EDUCATION,C,3000,13.47,0,0.05,N,2,2022,0
23,56000,RENT,3.0,DEBTCONSOLIDATION,B,8400,10.99,0,0.15,N,2,2022,0
22,63000,MORTGAGE,2.0,EDUCATION,A,14100,8.0,0,0.22,N,2,2022,0
25,60000,RENT,1.0,VENTURE,A,8400,7.29,0,0.14,N,2,2022,0
25,63000,MORTGAGE,0.0,EDUCATION,D,25000,13.87,0,0.4,N,2,2022,0
22,62000,RENT,0.0,MEDICAL,C,8400,13.47,0,0.14,Y,2,2022,0
23,63150,MORTGAGE,7.0,MEDICAL,B,12000,9.91,0,0.19,N,2,2022,0
26,63180,OWN,4.0,HOMEIMPROVEMENT,C,5825,13.43,0,0.09,Y,2,2022,0
23,63189,MORTGAGE,7.0,VENTURE,B,8000,10.74,0,0.13,N,2,2022,0
24,66000,RENT,0.0,HOMEIMPROVEMENT,A,8400,,0,0.13,N,2,2022,0
23,61000,RENT,2.0,PERSONAL,D,8400,14.84,1,0.14,N,2,2022,1
26,68926,RENT,4.0,PERSONAL,D,8400,17.27,0,0.12,N,2,2022,0
22,63400,MORTGAGE,6.0,PERSONAL,B,10500,9.99,0,0.17,N,2,2022,0
26,90000,RENT,8.0,PERSONAL,C,8400,,0,0.09,N,2,2022,0
22,63500,MORTGAGE,3.0,EDUCATION,C,7000,,0,0.11,N,2,2022,0
23,100300,RENT,3.0,MEDICAL,D,8400,14.84,1,0.07,N,2,2022,1
26,140000,RENT,5.0,VENTURE,B,8400,12.53,0,0.06,N,2,2022,0
24,63554,MORTGAGE,,DEBTCONSOLIDATION,A,2500,7.51,0,0.04,N,2,2022,0
25,18000,RENT,3.0,VENTURE,C,8500,10.28,1,0.47,N,2,2022,1
26,19200,RENT,0.0,DEBTCONSOLIDATION,B,8500,9.99,1,0.44,N,2,2022,1
22,63600,OWN,1.0,VENTURE,A,4000,6.76,0,0.06,N,2,2022,0
24,57655,MORTGAGE,7.0,MEDICAL,D,9925,15.58,1,0.17,N,2,2022,1
22,42000,RENT,3.0,MEDICAL,B,8550,11.99,0,0.2,N,2,2022,0
26,36000,RENT,5.0,MEDICAL,B,8550,10.25,1,0.24,N,2,2022,1
25,32000,RENT,2.0,DEBTCONSOLIDATION,D,8575,15.62,1,0.27,Y,2,2022,1
26,64000,MORTGAGE,7.0,HOMEIMPROVEMENT,A,5000,6.62,0,0.08,N,2,2022,0
22,40000,RENT,0.0,VENTURE,A,8600,7.66,0,0.21,N,2,2022,0
24,64000,MORTGAGE,5.0,VENTURE,D,12000,16.77,0,0.19,N,2,2022,0
25,95000,RENT,0.0,HOMEIMPROVEMENT,A,8600,8.59,0,0.09,N,2,2022,0
22,64000,MORTGAGE,1.0,DEBTCONSOLIDATION,A,6625,6.62,0,0.1,N,2,2022,0
25,42000,RENT,7.0,EDUCATION,D,8675,15.99,0,0.21,Y,2,2022,0
23,28000,RENT,0.0,EDUCATION,A,8700,6.03,1,0.31,N,2,2022,1
23,64000,MORTGAGE,7.0,EDUCATION,A,2100,6.03,0,0.03,N,2,2022,0
25,64000,MORTGAGE,9.0,HOMEIMPROVEMENT,A,9000,5.99,0,0.14,N,2,2022,0
23,64000,MORTGAGE,7.0,DEBTCONSOLIDATION,B,8000,10.99,0,0.13,N,2,2022,0
24,29004,RENT,5.0,MEDICAL,B,8725,12.18,0,0.3,N,2,2022,0
24,64000,MORTGAGE,8.0,VENTURE,B,4000,10.0,0,0.06,N,2,2022,0
25,64000,MORTGAGE,10.0,MEDICAL,A,5000,7.29,0,0.08,N,2,2022,0
22,46104,RENT,4.0,EDUCATION,A,8775,7.29,0,0.19,N,2,2022,0
22,23900,RENT,0.0,PERSONAL,B,9000,,1,0.38,N,2,2022,1
25,25000,RENT,5.0,MEDICAL,B,9000,11.49,1,0.36,N,2,2022,1
24,25000,RENT,2.0,MEDICAL,B,9000,11.48,1,0.36,N,2,2022,1
22,25920,RENT,1.0,MEDICAL,C,9000,10.59,1,0.35,N,2,2022,1
26,64000,MORTGAGE,2.0,PERSONAL,D,8000,14.96,0,0.13,Y,2,2022,0
22,28800,RENT,5.0,MEDICAL,B,9000,10.99,1,0.31,N,2,2022,1
21,30000,RENT,5.0,MEDICAL,C,9000,12.99,0,0.3,Y,2,2022,0
26,30000,RENT,8.0,EDUCATION,A,9000,5.99,1,0.3,N,2,2022,1
26,64212,MORTGAGE,5.0,PERSONAL,C,9600,14.27,0,0.15,Y,2,2022,0
26,64260,MORTGAGE,3.0,MEDICAL,A,4500,8.94,0,0.07,N,2,2022,0
23,64500,MORTGAGE,6.0,MEDICAL,B,7000,10.99,0,0.11,N,2,2022,0
23,64500,MORTGAGE,4.0,EDUCATION,A,5000,,0,0.08,N,2,2022,0
24,64500,MORTGAGE,8.0,EDUCATION,C,1200,14.72,0,0.02,N,2,2022,0
21,64500,MORTGAGE,2.0,EDUCATION,B,15000,11.83,0,0.23,N,2,2022,0
25,33000,RENT,5.0,MEDICAL,A,9000,7.14,0,0.27,N,2,2022,0
26,34320,RENT,2.0,EDUCATION,A,9000,6.62,1,0.26,N,2,2022,1
23,29000,RENT,2.0,EDUCATION,B,9000,11.71,1,0.31,N,2,2022,1
26,64700,MORTGAGE,5.0,HOMEIMPROVEMENT,C,17500,,0,0.27,Y,2,2022,0
25,64800,MORTGAGE,9.0,EDUCATION,B,4500,10.65,0,0.07,N,2,2022,0
22,29000,RENT,7.0,MEDICAL,B,9000,,1,0.31,N,2,2022,1
23,64800,MORTGAGE,7.0,PERSONAL,C,4000,13.99,0,0.06,Y,2,2022,0
23,36000,RENT,3.0,EDUCATION,B,9000,9.99,0,0.25,N,2,2022,0
23,64800,MORTGAGE,7.0,DEBTCONSOLIDATION,C,2400,13.23,0,0.04,N,2,2022,0
22,58800,MORTGAGE,,PERSONAL,D,23500,15.33,1,0.4,N,2,2022,1
22,36000,RENT,3.0,EDUCATION,C,9000,,0,0.25,Y,2,2022,0
26,64999,MORTGAGE,11.0,VENTURE,B,15000,10.99,0,0.23,N,2,2022,0
22,64999,MORTGAGE,6.0,VENTURE,D,2500,14.61,0,0.04,N,2,2022,0
21,36120,RENT,5.0,VENTURE,B,9000,10.39,0,0.25,N,2,2022,0
24,37000,RENT,5.0,VENTURE,A,9000,7.14,0,0.24,N,2,2022,0
23,65000,OWN,6.0,PERSONAL,B,6000,10.65,0,0.09,N,2,2022,0
24,38400,RENT,6.0,DEBTCONSOLIDATION,A,9000,7.9,0,0.23,N,2,2022,0
22,38500,RENT,1.0,MEDICAL,B,9000,10.83,0,0.23,N,2,2022,0
24,33996,RENT,1.0,EDUCATION,E,9000,16.0,1,0.26,Y,2,2022,1
26,65000,MORTGAGE,1.0,HOMEIMPROVEMENT,B,17000,9.91,0,0.26,N,2,2022,0
23,40000,RENT,1.0,EDUCATION,C,9000,12.61,0,0.23,Y,2,2022,0
24,65000,MORTGAGE,8.0,PERSONAL,B,6300,11.71,0,0.1,N,2,2022,0
22,65000,MORTGAGE,0.0,PERSONAL,A,7200,8.9,0,0.11,N,2,2022,0
25,40000,RENT,1.0,PERSONAL,C,9000,12.53,0,0.23,N,2,2022,0
26,65000,MORTGAGE,11.0,VENTURE,A,12000,7.9,0,0.18,N,2,2022,0
23,35500,RENT,2.0,HOMEIMPROVEMENT,D,9000,15.99,1,0.25,Y,2,2022,1
24,65000,MORTGAGE,8.0,DEBTCONSOLIDATION,B,6600,10.65,0,0.1,N,2,2022,0
25,59000,MORTGAGE,9.0,DEBTCONSOLIDATION,A,5000,6.03,1,0.08,N,2,2022,1
26,65000,MORTGAGE,10.0,EDUCATION,A,5000,7.51,0,0.08,N,2,2022,0
24,65000,MORTGAGE,2.0,PERSONAL,B,8000,12.69,0,0.12,N,2,2022,0
21,36140,RENT,5.0,EDUCATION,A,9000,8.94,1,0.25,N,2,2022,1
26,42600,RENT,3.0,PERSONAL,D,9000,14.96,0,0.21,N,2,2022,0
24,65000,MORTGAGE,9.0,PERSONAL,C,4200,15.27,0,0.06,N,2,2022,0
26,44000,RENT,4.0,DEBTCONSOLIDATION,B,9000,10.99,0,0.2,N,2,2022,0
23,45000,RENT,7.0,EDUCATION,B,9000,10.65,0,0.2,N,2,2022,0
25,65000,MORTGAGE,3.0,EDUCATION,C,10000,12.99,0,0.15,N,2,2022,0
26,65000,OWN,1.0,HOMEIMPROVEMENT,C,4800,13.49,0,0.07,Y,2,2022,0
26,59000,MORTGAGE,5.0,MEDICAL,D,8000,15.99,1,0.14,Y,2,2022,1
26,45000,RENT,0.0,DEBTCONSOLIDATION,B,9000,10.39,0,0.2,N,2,2022,0
24,65000,OWN,6.0,PERSONAL,D,4400,16.89,0,0.07,N,2,2022,0
22,48000,RENT,2.0,DEBTCONSOLIDATION,A,9000,7.88,0,0.19,N,2,2022,0
26,65000,MORTGAGE,9.0,EDUCATION,A,20500,6.99,0,0.32,N,2,2022,0
25,48000,RENT,3.0,PERSONAL,C,9000,13.79,0,0.19,Y,2,2022,0
24,65000,MORTGAGE,1.0,PERSONAL,B,6000,10.99,0,0.09,N,2,2022,0
20,65000,MORTGAGE,4.0,EDUCATION,B,4800,9.99,0,0.07,N,2,2022,0
26,50760,RENT,3.0,DEBTCONSOLIDATION,A,9000,8.94,0,0.18,N,2,2022,0
23,65000,MORTGAGE,5.0,DEBTCONSOLIDATION,A,2275,,0,0.04,N,2,2022,0
25,65000,MORTGAGE,3.0,HOMEIMPROVEMENT,B,1200,10.99,0,0.02,N,2,2022,0
23,51000,RENT,2.0,EDUCATION,B,9000,10.99,0,0.18,N,2,2022,0
26,51400,RENT,4.0,DEBTCONSOLIDATION,C,9000,13.61,0,0.18,N,2,2022,0
23,52000,RENT,0.0,VENTURE,B,9000,12.69,0,0.17,N,2,2022,0
24,65000,MORTGAGE,3.0,EDUCATION,A,8000,5.99,0,0.12,N,2,2022,0
23,65000,MORTGAGE,7.0,EDUCATION,A,10000,7.49,0,0.15,N,2,2022,0
23,65000,MORTGAGE,4.0,EDUCATION,D,13600,15.62,0,0.21,Y,2,2022,0
24,52800,RENT,2.0,VENTURE,A,9000,7.9,0,0.17,N,2,2022,0
24,65000,OWN,8.0,PERSONAL,A,6000,6.99,0,0.09,N,2,2022,0
25,55000,RENT,5.0,HOMEIMPROVEMENT,B,9000,11.11,0,0.16,N,2,2022,0
21,59000,MORTGAGE,5.0,HOMEIMPROVEMENT,B,5000,9.99,1,0.08,N,2,2022,1
26,55000,RENT,0.0,VENTURE,A,9000,,0,0.16,N,2,2022,0
24,65000,MORTGAGE,8.0,MEDICAL,A,10000,5.79,0,0.15,N,2,2022,0
24,55000,RENT,2.0,HOMEIMPROVEMENT,C,9000,14.72,0,0.16,Y,2,2022,0
26,38400,RENT,8.0,VENTURE,D,9100,15.37,0,0.24,Y,2,2022,0
23,43200,RENT,2.0,VENTURE,D,9100,13.24,1,0.21,N,2,2022,1
24,54996,RENT,6.0,MEDICAL,B,9100,,0,0.17,N,2,2022,0
22,30000,RENT,6.0,MEDICAL,B,9150,10.59,0,0.3,N,2,2022,0
22,22800,RENT,,PERSONAL,B,9200,9.88,1,0.4,N,2,2022,1
21,43000,RENT,2.0,MEDICAL,A,9200,8.94,0,0.21,N,2,2022,0
23,50000,RENT,5.0,EDUCATION,E,9200,15.68,0,0.18,N,2,2022,0
23,66000,RENT,0.0,MEDICAL,B,9200,11.86,0,0.14,N,2,2022,0
22,24000,RENT,1.0,HOMEIMPROVEMENT,A,9250,8.94,1,0.39,N,2,2022,1
23,65000,MORTGAGE,7.0,VENTURE,A,6250,6.76,0,0.1,N,2,2022,0
22,65000,MORTGAGE,2.0,DEBTCONSOLIDATION,B,13000,10.38,0,0.2,N,2,2022,0
24,65000,MORTGAGE,6.0,PERSONAL,B,11000,11.49,0,0.17,N,2,2022,0
23,40000,RENT,7.0,EDUCATION,D,9250,16.07,0,0.23,N,2,2022,0
26,65000,MORTGAGE,11.0,HOMEIMPROVEMENT,A,10950,7.88,0,0.17,N,2,2022,0
26,65000,MORTGAGE,6.0,VENTURE,E,22000,17.19,0,0.34,N,2,2022,0
22,65000,MORTGAGE,6.0,EDUCATION,A,10000,7.88,0,0.15,N,2,2022,0
22,30000,RENT,1.0,PERSONAL,B,9375,11.71,1,0.31,N,2,2022,1
22,65000,MORTGAGE,6.0,VENTURE,B,6000,,0,0.09,N,2,2022,0
25,59000,MORTGAGE,9.0,EDUCATION,B,20000,11.36,1,0.34,N,2,2022,1
26,45500,RENT,2.0,EDUCATION,B,9400,9.91,0,0.21,N,2,2022,0
24,65000,OWN,3.0,PERSONAL,B,6000,11.36,0,0.09,N,2,2022,0
22,45000,RENT,6.0,MEDICAL,C,9425,13.49,0,0.21,Y,2,2022,0
21,26000,RENT,1.0,DEBTCONSOLIDATION,D,9450,16.77,1,0.36,N,2,2022,1
24,65000,MORTGAGE,1.0,EDUCATION,A,8500,7.51,0,0.13,N,2,2022,0
24,33600,RENT,2.0,PERSONAL,A,9450,7.66,1,0.28,N,2,2022,1
24,30000,RENT,1.0,VENTURE,C,9500,13.92,1,0.32,N,2,2022,1
24,37157,RENT,4.0,MEDICAL,B,9500,10.99,0,0.26,N,2,2022,0
24,59000,OWN,2.0,MEDICAL,E,12000,17.74,1,0.2,Y,2,2022,1
22,65000,MORTGAGE,6.0,VENTURE,A,17000,8.94,0,0.26,N,2,2022,0
23,41000,RENT,5.0,EDUCATION,A,9500,7.88,0,0.23,N,2,2022,0
23,44064,RENT,0.0,EDUCATION,B,9500,11.26,0,0.22,N,2,2022,0
22,59000,OTHER,1.0,DEBTCONSOLIDATION,D,15000,,1,0.25,Y,2,2022,1
22,65000,MORTGAGE,6.0,VENTURE,A,1500,9.32,0,0.02,N,2,2022,0
22,50000,RENT,6.0,MEDICAL,A,9500,6.99,0,0.19,N,2,2022,0
26,65000,MORTGAGE,6.0,MEDICAL,B,9250,,0,0.14,N,2,2022,0
23,54000,RENT,7.0,MEDICAL,C,9500,14.65,0,0.18,N,2,2022,0
26,54011,RENT,10.0,EDUCATION,D,9500,16.29,0,0.18,N,2,2022,0
25,65000,MORTGAGE,0.0,DEBTCONSOLIDATION,A,2000,7.37,0,0.03,N,2,2022,0
25,61000,RENT,4.0,VENTURE,A,9500,7.51,0,0.16,N,2,2022,0
22,21600,RENT,0.0,EDUCATION,A,9600,7.49,1,0.44,N,2,2022,1
23,22000,RENT,3.0,EDUCATION,C,9600,13.16,1,0.44,N,2,2022,1
23,65000,MORTGAGE,7.0,EDUCATION,A,4000,7.75,0,0.06,N,2,2022,0
23,65000,MORTGAGE,0.0,PERSONAL,A,12800,8.38,0,0.2,N,2,2022,0
22,65004,MORTGAGE,6.0,MEDICAL,A,5500,6.03,0,0.08,N,2,2022,0
26,33996,RENT,1.0,MEDICAL,B,9600,9.88,0,0.28,N,2,2022,0
25,65004,MORTGAGE,9.0,MEDICAL,A,4500,6.92,0,0.07,N,2,2022,0
22,65004,MORTGAGE,5.0,EDUCATION,A,6500,,0,0.1,N,2,2022,0
22,34800,RENT,7.0,PERSONAL,G,9600,19.16,1,0.28,Y,2,2022,1
25,35000,RENT,5.0,VENTURE,B,9600,9.91,0,0.27,N,2,2022,0
23,35400,RENT,4.0,VENTURE,B,9600,11.89,0,0.27,N,2,2022,0
22,65004,MORTGAGE,0.0,EDUCATION,C,13000,13.23,0,0.2,N,2,2022,0
23,65004,OWN,5.0,VENTURE,C,7000,12.87,0,0.11,Y,2,2022,0
25,34000,RENT,7.0,PERSONAL,D,9600,14.54,1,0.28,N,2,2022,1
22,40000,RENT,0.0,MEDICAL,C,9600,14.72,0,0.24,Y,2,2022,0
22,65416,MORTGAGE,6.0,EDUCATION,A,8000,6.92,0,0.12,N,2,2022,0
25,65454,MORTGAGE,9.0,DEBTCONSOLIDATION,B,8400,11.99,0,0.13,N,2,2022,0
22,42500,RENT,1.0,EDUCATION,C,9600,11.22,0,0.23,Y,2,2022,0
23,65500,MORTGAGE,3.0,PERSONAL,B,16800,,0,0.26,N,2,2022,0
22,39000,RENT,5.0,PERSONAL,D,9600,16.77,1,0.25,Y,2,2022,1
24,65544,OWN,4.0,EDUCATION,B,5000,10.74,0,0.08,N,2,2022,0
23,45000,RENT,2.0,EDUCATION,B,9600,10.25,0,0.21,N,2,2022,0
26,59600,MORTGAGE,9.0,VENTURE,E,21000,16.45,1,0.35,N,2,2022,1
25,65600,MORTGAGE,1.0,MEDICAL,C,10000,11.78,0,0.15,Y,2,2022,0
22,65856,MORTGAGE,6.0,MEDICAL,C,16800,13.92,0,0.26,N,2,2022,0
24,50500,RENT,7.0,HOMEIMPROVEMENT,A,9600,,0,0.19,N,2,2022,0
25,51000,RENT,0.0,MEDICAL,C,9600,,0,0.19,Y,2,2022,0
26,60000,MORTGAGE,0.0,MEDICAL,A,5000,7.9,1,0.08,N,2,2022,1
26,53000,RENT,7.0,VENTURE,B,9600,11.71,0,0.18,N,2,2022,0
22,66000,MORTGAGE,0.0,EDUCATION,A,6000,7.51,0,0.09,N,2,2022,0
23,66000,MORTGAGE,5.0,VENTURE,A,6000,6.62,0,0.09,N,2,2022,0
25,49000,RENT,10.0,EDUCATION,A,9600,7.51,1,0.2,N,2,2022,1
23,55000,RENT,7.0,VENTURE,A,9600,7.49,0,0.17,N,2,2022,0
26,55000,RENT,4.0,VENTURE,A,9600,7.66,0,0.17,N,2,2022,0
22,49000,RENT,3.0,DEBTCONSOLIDATION,D,9600,,1,0.2,N,2,2022,1
22,60000,MORTGAGE,,EDUCATION,A,14000,7.49,1,0.23,N,2,2022,1
23,60000,RENT,0.0,EDUCATION,C,9600,14.65,0,0.16,Y,2,2022,0
25,60000,RENT,9.0,DEBTCONSOLIDATION,A,9600,7.9,0,0.16,N,2,2022,0
26,66000,MORTGAGE,7.0,PERSONAL,B,4000,11.99,0,0.06,N,2,2022,0
23,66000,MORTGAGE,8.0,EDUCATION,B,8750,9.99,0,0.13,N,2,2022,0
23,54000,RENT,2.0,PERSONAL,F,9600,20.62,1,0.18,Y,2,2022,1
25,54000,RENT,5.0,HOMEIMPROVEMENT,D,9600,15.62,1,0.18,N,2,2022,1
26,66000,MORTGAGE,10.0,DEBTCONSOLIDATION,A,15500,7.49,0,0.23,N,2,2022,0
24,66000,MORTGAGE,7.0,VENTURE,C,11200,13.99,0,0.17,N,2,2022,0
21,66000,MORTGAGE,5.0,EDUCATION,A,4500,7.49,0,0.07,N,2,2022,0
22,65000,RENT,3.0,MEDICAL,C,9600,11.97,0,0.15,N,2,2022,0
26,66000,MORTGAGE,6.0,DEBTCONSOLIDATION,B,7000,9.63,0,0.11,N,2,2022,0
24,65450,RENT,7.0,DEBTCONSOLIDATION,A,9600,8.49,0,0.15,N,2,2022,0
22,68004,RENT,4.0,DEBTCONSOLIDATION,A,9600,7.51,0,0.14,N,2,2022,0
22,66000,MORTGAGE,6.0,VENTURE,B,2400,,0,0.04,N,2,2022,0
22,66000,MORTGAGE,5.0,DEBTCONSOLIDATION,A,8500,7.51,0,0.13,N,2,2022,0
23,66000,MORTGAGE,3.0,VENTURE,A,6000,7.88,0,0.09,N,2,2022,0
24,66000,MORTGAGE,5.0,DEBTCONSOLIDATION,B,13000,10.25,0,0.2,N,2,2022,0
21,66000,MORTGAGE,4.0,DEBTCONSOLIDATION,A,7000,7.88,0,0.11,N,2,2022,0
26,80000,RENT,4.0,EDUCATION,A,9600,,0,0.12,N,2,2022,0
22,81960,RENT,6.0,PERSONAL,A,9600,7.29,0,0.12,N,2,2022,0
25,83000,RENT,3.0,EDUCATION,B,9600,10.99,0,0.12,N,2,2022,0
24,77964,RENT,4.0,DEBTCONSOLIDATION,D,9600,14.42,1,0.12,N,2,2022,1
25,66000,MORTGAGE,0.0,HOMEIMPROVEMENT,B,18500,12.21,0,0.28,N,2,2022,0
22,66000,MORTGAGE,6.0,EDUCATION,C,15000,11.72,0,0.23,Y,2,2022,0
24,94000,RENT,6.0,PERSONAL,C,9600,12.99,0,0.1,Y,2,2022,0
24,94837,RENT,8.0,HOMEIMPROVEMENT,B,9600,11.99,0,0.1,N,2,2022,0
22,66396,MORTGAGE,6.0,EDUCATION,C,15000,13.48,0,0.23,N,2,2022,0
23,66480,OWN,6.0,EDUCATION,A,4000,8.32,0,0.06,N,2,2022,0
21,28000,RENT,1.0,HOMEIMPROVEMENT,C,9700,11.34,1,0.35,N,2,2022,1
24,66766,MORTGAGE,,HOMEIMPROVEMENT,A,9000,6.99,0,0.13,N,2,2022,0
24,66996,MORTGAGE,5.0,EDUCATION,B,10000,9.62,0,0.15,N,2,2022,0
22,20000,RENT,,VENTURE,A,10000,6.62,1,0.5,N,2,2022,1
22,20008,RENT,2.0,EDUCATION,B,10000,10.95,1,0.5,N,2,2022,1
21,21000,RENT,2.0,EDUCATION,B,10000,11.71,1,0.48,N,2,2022,1
22,21000,RENT,4.0,EDUCATION,C,10000,13.72,1,0.48,Y,2,2022,1
26,67000,MORTGAGE,1.0,VENTURE,A,29000,7.51,0,0.43,N,2,2022,0
26,22000,RENT,9.0,MEDICAL,D,10000,14.59,1,0.45,Y,2,2022,1
24,67000,MORTGAGE,9.0,EDUCATION,A,10400,5.99,0,0.16,N,2,2022,0
23,67000,MORTGAGE,2.0,DEBTCONSOLIDATION,A,5600,7.49,0,0.08,N,2,2022,0
22,23000,RENT,6.0,MEDICAL,B,10000,9.88,1,0.43,N,2,2022,1
26,23624,RENT,6.0,PERSONAL,B,10000,9.88,1,0.42,N,2,2022,1
21,24000,RENT,5.0,EDUCATION,A,10000,,1,0.42,N,2,2022,1
26,24000,RENT,3.0,MEDICAL,A,10000,,1,0.42,N,2,2022,1
23,67000,MORTGAGE,3.0,DEBTCONSOLIDATION,A,9250,5.79,0,0.14,N,2,2022,0
22,67000,MORTGAGE,7.0,DEBTCONSOLIDATION,A,8800,7.51,0,0.13,N,2,2022,0
21,24000,RENT,,DEBTCONSOLIDATION,C,10000,13.48,1,0.42,N,2,2022,1
23,67000,OWN,1.0,VENTURE,A,3250,6.76,0,0.05,N,2,2022,0
22,67000,OWN,3.0,EDUCATION,A,12000,8.59,0,0.18,N,2,2022,0
24,24000,RENT,3.0,VENTURE,B,10000,8.7,1,0.42,N,2,2022,1
21,67000,MORTGAGE,5.0,EDUCATION,D,25000,15.65,0,0.37,Y,2,2022,0
23,67000,MORTGAGE,0.0,VENTURE,A,6000,9.32,0,0.09,N,2,2022,0
23,67000,MORTGAGE,1.0,EDUCATION,E,16000,16.32,0,0.24,Y,2,2022,0
24,25000,RENT,4.0,VENTURE,B,10000,11.36,1,0.4,N,2,2022,1
22,25000,RENT,0.0,PERSONAL,A,10000,8.59,1,0.4,N,2,2022,1
25,25000,RENT,3.0,PERSONAL,D,10000,14.11,1,0.4,Y,2,2022,1
23,67200,MORTGAGE,7.0,VENTURE,A,16000,6.03,0,0.24,N,2,2022,0
22,67200,MORTGAGE,2.0,PERSONAL,B,5000,9.99,0,0.07,N,2,2022,0
25,67200,MORTGAGE,9.0,MEDICAL,C,5000,13.8,0,0.07,Y,2,2022,0
23,25920,RENT,4.0,EDUCATION,D,10000,15.58,1,0.39,N,2,2022,1
25,67200,MORTGAGE,6.0,HOMEIMPROVEMENT,B,3250,11.49,0,0.05,N,2,2022,0
26,67260,MORTGAGE,9.0,HOMEIMPROVEMENT,A,6500,7.14,0,0.1,N,2,2022,0
24,26000,RENT,8.0,EDUCATION,E,10000,16.63,1,0.38,Y,2,2022,1
21,52244,MORTGAGE,5.0,MEDICAL,C,4000,,1,0.07,N,2,2022,1
24,61499,MORTGAGE,8.0,DEBTCONSOLIDATION,D,19600,15.65,1,0.32,N,2,2022,1
24,67500,MORTGAGE,2.0,EDUCATION,B,14400,11.71,0,0.21,N,2,2022,0
22,26400,RENT,1.0,PERSONAL,D,10000,16.02,1,0.38,N,2,2022,1
21,26400,RENT,3.0,MEDICAL,A,10000,,1,0.38,N,2,2022,1
22,26400,RENT,3.0,PERSONAL,B,10000,9.88,1,0.38,N,2,2022,1
23,27000,RENT,5.0,MEDICAL,B,10000,,1,0.37,N,2,2022,1
24,27000,RENT,0.0,DEBTCONSOLIDATION,C,10000,12.73,1,0.37,N,2,2022,1
23,27996,RENT,7.0,DEBTCONSOLIDATION,A,10000,,1,0.36,N,2,2022,1
25,29000,RENT,5.0,VENTURE,A,10000,7.49,1,0.34,N,2,2022,1
24,29000,RENT,1.0,VENTURE,B,10000,10.74,1,0.34,N,2,2022,1
24,67992,MORTGAGE,8.0,DEBTCONSOLIDATION,B,12000,10.75,0,0.18,N,2,2022,0
23,30000,RENT,7.0,EDUCATION,C,10000,13.99,1,0.33,N,2,2022,1
23,30000,RENT,3.0,DEBTCONSOLIDATION,A,10000,7.49,1,0.33,N,2,2022,1
22,68000,MORTGAGE,6.0,EDUCATION,C,9000,15.27,0,0.13,N,2,2022,0
23,52700,MORTGAGE,7.0,MEDICAL,D,8000,16.29,1,0.13,Y,2,2022,1
25,30000,RENT,9.0,MEDICAL,A,10000,7.51,1,0.33,N,2,2022,1
22,30000,RENT,4.0,EDUCATION,B,10000,11.86,1,0.33,N,2,2022,1
22,68000,MORTGAGE,6.0,PERSONAL,A,10000,7.49,0,0.15,N,2,2022,0
22,30000,RENT,5.0,PERSONAL,C,10000,13.98,1,0.33,Y,2,2022,1
22,68000,MORTGAGE,6.0,PERSONAL,B,10000,10.74,0,0.15,N,2,2022,0
26,68000,MORTGAGE,3.0,DEBTCONSOLIDATION,A,10000,5.79,0,0.15,N,2,2022,0
24,68000,MORTGAGE,1.0,VENTURE,A,6000,,0,0.09,N,2,2022,0
23,68000,MORTGAGE,2.0,VENTURE,B,10000,10.37,0,0.15,N,2,2022,0
21,30000,RENT,1.0,MEDICAL,B,10000,11.14,1,0.33,N,2,2022,1
22,30000,RENT,7.0,VENTURE,B,10000,11.14,1,0.33,N,2,2022,1
23,30000,RENT,3.0,PERSONAL,B,10000,11.14,1,0.33,N,2,2022,1
22,68000,MORTGAGE,6.0,EDUCATION,B,10000,,0,0.15,N,2,2022,0
22,68000,MORTGAGE,6.0,MEDICAL,A,13000,7.88,0,0.19,N,2,2022,0
24,68000,MORTGAGE,7.0,EDUCATION,A,6000,7.88,0,0.09,N,2,2022,0
24,30000,RENT,4.0,DEBTCONSOLIDATION,C,10000,11.66,1,0.33,N,2,2022,1
24,30000,RENT,0.0,PERSONAL,A,10000,8.38,1,0.33,N,2,2022,1
25,30720,RENT,6.0,EDUCATION,B,10000,10.37,1,0.33,N,2,2022,1
26,30720,RENT,5.0,DEBTCONSOLIDATION,A,10000,7.88,1,0.33,N,2,2022,1
26,68000,MORTGAGE,10.0,EDUCATION,A,6500,,0,0.1,N,2,2022,0
24,31000,RENT,2.0,VENTURE,C,10000,14.65,1,0.32,N,2,2022,1
22,31000,RENT,3.0,VENTURE,E,10000,19.42,1,0.32,Y,2,2022,1
23,31000,RENT,0.0,MEDICAL,A,10000,7.51,1,0.32,N,2,2022,1
23,68000,MORTGAGE,2.0,DEBTCONSOLIDATION,C,21000,12.84,0,0.31,N,2,2022,0
26,52700,MORTGAGE,3.0,MEDICAL,D,7500,13.8,1,0.12,N,2,2022,1
23,62000,MORTGAGE,8.0,HOMEIMPROVEMENT,C,9000,11.03,1,0.15,N,2,2022,1
22,32000,RENT,4.0,VENTURE,D,10000,16.07,1,0.31,N,2,2022,1
21,32400,RENT,1.0,EDUCATION,B,10000,11.48,1,0.31,N,2,2022,1
25,62400,OWN,7.0,PERSONAL,E,4000,18.39,1,0.06,Y,2,2022,1
26,33200,RENT,2.0,MEDICAL,B,10000,11.49,0,0.3,N,2,2022,0
26,68500,MORTGAGE,0.0,EDUCATION,B,6500,11.14,0,0.09,N,2,2022,0
23,68686,MORTGAGE,7.0,DEBTCONSOLIDATION,A,6000,,0,0.09,N,2,2022,0
25,33996,RENT,4.0,HOMEIMPROVEMENT,C,10000,12.53,1,0.29,N,2,2022,1
22,34500,RENT,0.0,DEBTCONSOLIDATION,C,10000,13.79,0,0.29,N,2,2022,0
24,68900,MORTGAGE,2.0,HOMEIMPROVEMENT,B,19500,11.83,0,0.28,N,2,2022,0
26,34995,RENT,4.0,EDUCATION,A,10000,7.88,0,0.29,N,2,2022,0
21,69000,MORTGAGE,5.0,PERSONAL,A,13250,6.62,0,0.19,N,2,2022,0
26,63000,MORTGAGE,4.0,EDUCATION,C,12000,15.27,1,0.19,N,2,2022,1
25,69000,MORTGAGE,9.0,MEDICAL,A,25000,6.99,0,0.36,N,2,2022,0
22,69000,MORTGAGE,0.0,EDUCATION,A,15000,8.49,0,0.22,N,2,2022,0
23,35000,RENT,1.0,EDUCATION,A,10000,5.79,0,0.29,N,2,2022,0
22,69000,MORTGAGE,6.0,MEDICAL,A,6500,5.99,0,0.09,N,2,2022,0
24,69000,MORTGAGE,9.0,DEBTCONSOLIDATION,B,3000,11.11,0,0.04,N,2,2022,0
22,35000,RENT,2.0,VENTURE,B,10000,,0,0.29,N,2,2022,0
23,35000,RENT,3.0,DEBTCONSOLIDATION,C,10000,13.22,0,0.29,N,2,2022,0
25,69000,MORTGAGE,5.0,PERSONAL,B,20000,10.75,0,0.29,N,2,2022,0
24,69000,MORTGAGE,9.0,MEDICAL,A,7200,7.88,0,0.1,N,2,2022,0
25,69000,MORTGAGE,3.0,VENTURE,A,6000,7.88,0,0.09,N,2,2022,0
26,69000,MORTGAGE,2.0,DEBTCONSOLIDATION,A,11000,,0,0.16,N,2,2022,0
24,69000,MORTGAGE,7.0,HOMEIMPROVEMENT,E,5200,17.19,0,0.08,N,2,2022,0
22,69000,MORTGAGE,4.0,EDUCATION,A,1000,7.4,0,0.01,N,2,2022,0
22,69000,MORTGAGE,4.0,EDUCATION,D,15000,14.42,0,0.22,Y,2,2022,0
23,69000,MORTGAGE,0.0,EDUCATION,B,8000,10.95,0,0.12,N,2,2022,0
23,69000,MORTGAGE,1.0,VENTURE,B,19000,9.51,0,0.28,N,2,2022,0
22,36000,RENT,5.0,MEDICAL,C,10000,13.49,0,0.28,N,2,2022,0
22,69500,MORTGAGE,6.0,VENTURE,C,6000,13.48,0,0.09,Y,2,2022,0
25,36000,RENT,0.0,PERSONAL,B,10000,11.11,0,0.28,N,2,2022,0
22,36000,RENT,3.0,EDUCATION,C,10000,14.72,0,0.28,N,2,2022,0
25,69570,OWN,0.0,PERSONAL,A,1500,7.74,0,0.02,N,2,2022,0
25,36000,RENT,2.0,PERSONAL,B,10000,,0,0.28,N,2,2022,0
25,69600,MORTGAGE,9.0,VENTURE,B,7000,11.49,0,0.1,N,2,2022,0
23,36000,RENT,0.0,EDUCATION,A,10000,8.59,0,0.28,N,2,2022,0
22,69867,MORTGAGE,2.0,EDUCATION,B,13000,11.14,0,0.19,N,2,2022,0
25,69900,MORTGAGE,9.0,VENTURE,A,5050,5.42,0,0.07,N,2,2022,0
26,69912,MORTGAGE,9.0,VENTURE,A,8000,6.99,0,0.11,N,2,2022,0
22,69950,MORTGAGE,6.0,EDUCATION,C,9750,14.65,0,0.14,N,2,2022,0
22,30400,RENT,2.0,VENTURE,D,10000,12.8,1,0.33,N,2,2022,1
26,69996,MORTGAGE,10.0,DEBTCONSOLIDATION,C,14000,13.49,0,0.2,N,2,2022,0
22,37000,RENT,,DEBTCONSOLIDATION,B,10000,,0,0.27,N,2,2022,0
24,69996,OWN,4.0,MEDICAL,A,10000,,0,0.14,N,2,2022,0
23,69996,MORTGAGE,5.0,VENTURE,B,12000,11.11,0,0.17,N,2,2022,0
22,37000,RENT,2.0,EDUCATION,A,10000,8.59,0,0.27,N,2,2022,0
22,38000,RENT,5.0,PERSONAL,C,10000,13.49,0,0.26,N,2,2022,0
25,32000,RENT,3.0,VENTURE,C,10000,12.99,1,0.31,Y,2,2022,1
23,38000,RENT,4.0,PERSONAL,B,10000,10.99,0,0.26,N,2,2022,0
24,69996,MORTGAGE,5.0,VENTURE,A,12000,,0,0.17,N,2,2022,0
23,69996,MORTGAGE,4.0,VENTURE,A,4000,8.0,0,0.06,N,2,2022,0
22,69996,MORTGAGE,6.0,DEBTCONSOLIDATION,B,15000,12.21,0,0.21,N,2,2022,0
24,69996,MORTGAGE,6.0,HOMEIMPROVEMENT,B,5000,10.2,0,0.07,N,2,2022,0
22,38004,RENT,3.0,EDUCATION,B,10000,10.75,0,0.26,N,2,2022,0
24,64000,MORTGAGE,7.0,HOMEIMPROVEMENT,C,16000,14.65,1,0.25,N,2,2022,1
22,70000,MORTGAGE,5.0,DEBTCONSOLIDATION,C,8000,13.49,0,0.11,Y,2,2022,0
22,70000,MORTGAGE,6.0,MEDICAL,A,6000,6.03,0,0.09,N,2,2022,0
23,70000,MORTGAGE,7.0,EDUCATION,C,2000,13.49,0,0.03,Y,2,2022,0
26,38832,RENT,0.0,DEBTCONSOLIDATION,B,10000,10.37,0,0.26,N,2,2022,0
25,70000,MORTGAGE,1.0,DEBTCONSOLIDATION,C,11300,14.65,0,0.16,Y,2,2022,0
25,70000,MORTGAGE,9.0,PERSONAL,B,1000,12.69,0,0.01,N,2,2022,0
22,70000,MORTGAGE,2.0,EDUCATION,A,5000,6.03,0,0.07,N,2,2022,0
26,70000,MORTGAGE,9.0,VENTURE,A,35000,7.9,0,0.5,N,2,2022,0
25,39500,RENT,2.0,MEDICAL,A,10000,5.99,0,0.25,N,2,2022,0
22,39580,RENT,3.0,EDUCATION,B,10000,9.99,0,0.25,N,2,2022,0
22,39600,RENT,5.0,DEBTCONSOLIDATION,B,10000,11.71,0,0.25,N,2,2022,0
22,33948,RENT,4.0,MEDICAL,A,10000,8.32,1,0.29,N,2,2022,1
23,39996,RENT,8.0,MEDICAL,B,10000,,0,0.25,N,2,2022,0
24,64000,MORTGAGE,7.0,VENTURE,F,4000,20.89,1,0.06,N,2,2022,1
25,70000,OWN,9.0,HOMEIMPROVEMENT,B,10000,,0,0.14,N,2,2022,0
22,64000,MORTGAGE,3.0,DEBTCONSOLIDATION,B,14400,11.71,1,0.23,N,2,2022,1
23,70000,MORTGAGE,,EDUCATION,A,10500,7.51,0,0.15,N,2,2022,0
22,70000,MORTGAGE,4.0,VENTURE,A,5025,,0,0.07,N,2,2022,0
23,40000,RENT,7.0,EDUCATION,C,10000,,0,0.25,N,2,2022,0
24,34000,RENT,1.0,HOMEIMPROVEMENT,B,10000,12.69,1,0.29,N,2,2022,1
24,64000,MORTGAGE,8.0,PERSONAL,A,14500,5.42,1,0.23,N,2,2022,1
23,70000,MORTGAGE,3.0,VENTURE,A,15000,8.49,0,0.21,N,2,2022,0
22,40000,RENT,7.0,EDUCATION,B,10000,10.37,0,0.25,N,2,2022,0
24,40000,RENT,0.0,MEDICAL,A,10000,5.79,0,0.25,N,2,2022,0
21,40000,RENT,5.0,EDUCATION,A,10000,,0,0.25,N,2,2022,0
26,70000,MORTGAGE,6.0,HOMEIMPROVEMENT,A,4000,8.49,0,0.06,N,2,2022,0
22,70000,MORTGAGE,1.0,DEBTCONSOLIDATION,A,4500,5.42,0,0.06,N,2,2022,0
26,70000,MORTGAGE,0.0,DEBTCONSOLIDATION,A,8000,,0,0.11,N,2,2022,0
24,40000,RENT,3.0,VENTURE,A,10000,,0,0.25,N,2,2022,0
22,70000,MORTGAGE,2.0,DEBTCONSOLIDATION,A,6000,5.42,0,0.09,N,2,2022,0
22,40000,RENT,6.0,MEDICAL,B,10000,12.21,0,0.25,N,2,2022,0
23,70000,MORTGAGE,5.0,MEDICAL,C,10000,14.79,0,0.14,Y,2,2022,0
22,70000,MORTGAGE,6.0,VENTURE,B,6000,11.49,0,0.09,N,2,2022,0
25,70000,OWN,4.0,PERSONAL,A,4000,7.42,0,0.06,N,2,2022,0
24,70000,OWN,,PERSONAL,A,6000,5.42,0,0.09,N,2,2022,0
24,41004,RENT,2.0,DEBTCONSOLIDATION,B,10000,11.14,0,0.24,N,2,2022,0
22,64000,MORTGAGE,6.0,DEBTCONSOLIDATION,A,6000,,1,0.09,N,2,2022,1
25,70000,MORTGAGE,9.0,VENTURE,B,20000,10.59,0,0.29,N,2,2022,0
23,70000,MORTGAGE,,EDUCATION,B,2500,11.99,0,0.04,N,2,2022,0
23,42000,RENT,4.0,VENTURE,C,10000,,0,0.24,N,2,2022,0
22,36000,RENT,0.0,VENTURE,C,10000,15.27,1,0.28,N,2,2022,1
25,42000,RENT,9.0,MEDICAL,C,10000,14.27,0,0.24,N,2,2022,0
25,42000,RENT,5.0,EDUCATION,C,10000,12.99,0,0.24,Y,2,2022,0
22,70000,MORTGAGE,6.0,VENTURE,B,2000,10.74,0,0.03,N,2,2022,0
22,42000,RENT,3.0,EDUCATION,A,10000,6.92,0,0.24,N,2,2022,0
23,70000,MORTGAGE,7.0,DEBTCONSOLIDATION,A,3500,5.42,0,0.05,N,2,2022,0
22,42000,RENT,3.0,PERSONAL,C,10000,13.98,0,0.24,N,2,2022,0
22,36000,RENT,4.0,PERSONAL,B,10000,11.36,1,0.28,N,2,2022,1
25,42000,RENT,1.0,VENTURE,B,10000,10.99,0,0.24,N,2,2022,0
24,70000,MORTGAGE,7.0,MEDICAL,B,25000,,0,0.36,N,2,2022,0
25,70000,MORTGAGE,9.0,DEBTCONSOLIDATION,A,4000,6.92,0,0.06,N,2,2022,0
26,70000,MORTGAGE,10.0,PERSONAL,B,8000,10.0,0,0.11,N,2,2022,0
22,70000,MORTGAGE,5.0,VENTURE,C,8000,13.35,0,0.11,Y,2,2022,0
24,43000,RENT,8.0,EDUCATION,A,10000,5.79,0,0.23,N,2,2022,0
22,70000,MORTGAGE,3.0,DEBTCONSOLIDATION,B,10000,10.36,0,0.14,N,2,2022,0
24,70000,MORTGAGE,8.0,VENTURE,B,25000,9.62,0,0.36,N,2,2022,0
22,37200,RENT,6.0,PERSONAL,B,10000,,1,0.27,N,2,2022,1
25,70000,MORTGAGE,9.0,PERSONAL,A,12000,5.79,0,0.17,N,2,2022,0
24,44000,RENT,2.0,PERSONAL,A,10000,7.49,0,0.23,N,2,2022,0
23,70000,MORTGAGE,7.0,EDUCATION,A,20000,6.17,0,0.29,N,2,2022,0
23,44796,RENT,2.0,DEBTCONSOLIDATION,B,10000,11.48,0,0.22,N,2,2022,0
26,64000,MORTGAGE,5.0,DEBTCONSOLIDATION,D,7000,15.95,1,0.11,N,2,2022,1
25,45000,RENT,4.0,MEDICAL,B,10000,12.69,0,0.22,N,2,2022,0
22,45000,RENT,6.0,MEDICAL,B,10000,9.91,0,0.22,N,2,2022,0
22,70000,MORTGAGE,6.0,EDUCATION,D,16000,16.32,0,0.23,Y,2,2022,0
25,45000,RENT,0.0,VENTURE,C,10000,12.98,0,0.22,Y,2,2022,0
22,70000,MORTGAGE,1.0,MEDICAL,A,8400,7.88,0,0.12,N,2,2022,0
24,70000,OWN,4.0,VENTURE,D,8000,15.95,0,0.11,Y,2,2022,0
23,70000,MORTGAGE,7.0,PERSONAL,A,6000,7.51,0,0.09,N,2,2022,0
22,45000,RENT,4.0,EDUCATION,A,10000,7.51,0,0.22,N,2,2022,0
24,45000,RENT,3.0,DEBTCONSOLIDATION,A,10000,7.51,0,0.22,N,2,2022,0
22,39000,RENT,2.0,PERSONAL,D,10000,16.07,1,0.26,Y,2,2022,1
25,70000,OWN,4.0,HOMEIMPROVEMENT,D,12000,14.59,0,0.17,N,2,2022,0
22,45000,RENT,3.0,PERSONAL,E,10000,17.93,0,0.22,Y,2,2022,0
21,45000,RENT,3.0,EDUCATION,B,10000,10.25,0,0.22,N,2,2022,0
24,70000,MORTGAGE,9.0,DEBTCONSOLIDATION,B,16000,10.62,0,0.23,N,2,2022,0
24,70000,MORTGAGE,1.0,VENTURE,B,25000,10.62,0,0.36,N,2,2022,0
24,70000,MORTGAGE,8.0,HOMEIMPROVEMENT,B,4800,11.36,0,0.07,N,2,2022,0
21,45000,RENT,5.0,EDUCATION,B,10000,,0,0.22,N,2,2022,0
26,45000,RENT,4.0,MEDICAL,D,10000,14.11,0,0.22,Y,2,2022,0
24,70000,OWN,0.0,EDUCATION,B,15000,12.18,0,0.21,N,2,2022,0
22,52000,RENT,7.0,DEBTCONSOLIDATION,C,4300,,0,0.08,Y,2,2022,0
22,70000,OWN,6.0,MEDICAL,B,12000,12.53,0,0.17,N,2,2022,0
22,27500,RENT,1.0,VENTURE,B,4250,10.99,0,0.15,N,2,2022,0
24,35000,RENT,8.0,PERSONAL,A,4250,6.99,0,0.12,N,2,2022,0
24,70000,OWN,8.0,PERSONAL,B,24250,12.18,0,0.35,N,2,2022,0
23,45600,RENT,5.0,MEDICAL,C,4250,,0,0.09,Y,2,2022,0
26,70000,MORTGAGE,10.0,HOMEIMPROVEMENT,A,12000,8.94,0,0.17,N,2,2022,0
26,48000,RENT,10.0,PERSONAL,B,4225,9.83,0,0.09,N,2,2022,0
22,70000,MORTGAGE,5.0,DEBTCONSOLIDATION,C,15000,13.92,0,0.21,N,2,2022,0
23,45756,RENT,8.0,MEDICAL,A,10000,7.29,0,0.22,N,2,2022,0
22,70000,MORTGAGE,0.0,EDUCATION,D,9600,15.37,0,0.14,N,2,2022,0
24,70000,OTHER,4.0,PERSONAL,A,9000,9.63,0,0.13,N,2,2022,0
22,30000,RENT,2.0,VENTURE,D,4200,15.31,1,0.14,Y,2,2022,1
22,31200,RENT,3.0,VENTURE,C,4200,13.57,0,0.13,Y,2,2022,0
24,70000,MORTGAGE,1.0,VENTURE,B,15000,11.46,0,0.21,N,2,2022,0
24,70000,MORTGAGE,9.0,MEDICAL,A,7500,8.32,0,0.11,N,2,2022,0
22,29000,RENT,6.0,HOMEIMPROVEMENT,A,4200,6.62,1,0.14,N,2,2022,1
22,29000,RENT,0.0,HOMEIMPROVEMENT,D,4200,,1,0.14,N,2,2022,1
25,40000,RENT,2.0,EDUCATION,B,4200,9.63,0,0.1,N,2,2022,0
24,70092,MORTGAGE,0.0,DEBTCONSOLIDATION,B,13950,11.14,0,0.2,N,2,2022,0
23,70200,MORTGAGE,3.0,MEDICAL,A,5000,7.14,0,0.07,N,2,2022,0
24,42000,RENT,9.0,EDUCATION,A,4200,7.9,0,0.1,N,2,2022,0
22,36000,RENT,4.0,MEDICAL,B,4200,9.91,1,0.12,N,2,2022,1
25,37000,RENT,1.0,DEBTCONSOLIDATION,F,4200,,1,0.11,Y,2,2022,1
24,55243,MORTGAGE,6.0,MEDICAL,B,2900,9.62,1,0.04,N,2,2022,1
25,65000,MORTGAGE,4.0,PERSONAL,A,6000,8.9,1,0.09,N,2,2022,1
22,71000,MORTGAGE,6.0,VENTURE,C,1500,15.23,0,0.02,Y,2,2022,0
23,54000,RENT,2.0,MEDICAL,B,4200,10.99,1,0.08,N,2,2022,1
23,71000,MORTGAGE,7.0,VENTURE,A,8500,5.79,0,0.12,N,2,2022,0
25,71000,OWN,,VENTURE,A,3250,5.79,0,0.05,N,2,2022,0
24,71000,MORTGAGE,8.0,EDUCATION,B,3500,11.49,0,0.05,N,2,2022,0
26,65000,RENT,3.0,HOMEIMPROVEMENT,A,4200,7.29,0,0.06,N,2,2022,0
25,65000,RENT,2.0,DEBTCONSOLIDATION,B,4200,,0,0.06,N,2,2022,0
23,60996,RENT,2.0,PERSONAL,D,4200,15.58,1,0.07,N,2,2022,1
22,55250,MORTGAGE,2.0,MEDICAL,D,7400,14.84,1,0.11,N,2,2022,1
24,71000,MORTGAGE,8.0,EDUCATION,B,20000,11.36,0,0.28,N,2,2022,0
22,71000,MORTGAGE,6.0,PERSONAL,A,3200,7.4,0,0.05,N,2,2022,0
23,100000,RENT,4.0,VENTURE,B,4150,10.65,0,0.04,N,2,2022,0
25,22812,RENT,5.0,EDUCATION,D,4125,14.54,0,0.18,Y,2,2022,0
23,42000,RENT,1.0,MEDICAL,A,4100,7.88,0,0.1,N,2,2022,0
26,71040,MORTGAGE,1.0,DEBTCONSOLIDATION,A,3000,5.79,0,0.04,N,2,2022,0
25,82000,RENT,2.0,VENTURE,B,4050,9.99,0,0.05,N,2,2022,0
24,54000,RENT,3.0,EDUCATION,A,4025,6.76,0,0.07,N,2,2022,0
26,46877,RENT,,DEBTCONSOLIDATION,A,10000,5.42,0,0.21,N,2,2022,0
26,47004,RENT,5.0,PERSONAL,D,10000,15.05,0,0.21,N,2,2022,0
24,72000,MORTGAGE,8.0,PERSONAL,A,18000,7.9,0,0.25,N,2,2022,0
23,72000,MORTGAGE,5.0,PERSONAL,D,12000,16.29,0,0.17,N,2,2022,0
23,48000,RENT,6.0,VENTURE,D,10000,15.62,0,0.21,Y,2,2022,0
25,72000,MORTGAGE,9.0,EDUCATION,B,14000,12.42,0,0.19,N,2,2022,0
23,48000,RENT,1.0,DEBTCONSOLIDATION,A,10000,7.29,0,0.21,N,2,2022,0
21,48000,RENT,1.0,DEBTCONSOLIDATION,A,10000,5.79,0,0.21,N,2,2022,0
23,72000,MORTGAGE,7.0,VENTURE,B,2400,12.69,0,0.03,N,2,2022,0
24,72000,MORTGAGE,8.0,PERSONAL,A,12000,6.03,0,0.17,N,2,2022,0
22,72000,OWN,2.0,MEDICAL,A,15000,7.9,0,0.21,N,2,2022,0
23,72000,MORTGAGE,7.0,EDUCATION,A,20000,7.49,0,0.28,N,2,2022,0
23,72000,OWN,,PERSONAL,A,15000,6.99,0,0.21,N,2,2022,0
22,48996,RENT,4.0,EDUCATION,C,10000,12.87,0,0.2,N,2,2022,0
22,43000,RENT,3.0,MEDICAL,D,10000,16.77,1,0.23,N,2,2022,1
22,72000,MORTGAGE,3.0,EDUCATION,A,8400,5.42,0,0.12,N,2,2022,0
24,72000,MORTGAGE,8.0,MEDICAL,C,6000,13.49,0,0.08,N,2,2022,0
22,49920,RENT,6.0,DEBTCONSOLIDATION,B,10000,11.14,0,0.2,N,2,2022,0
24,72000,MORTGAGE,1.0,PERSONAL,A,12000,5.42,0,0.17,N,2,2022,0
26,72000,MORTGAGE,1.0,HOMEIMPROVEMENT,D,10500,15.28,0,0.15,Y,2,2022,0
24,72000,MORTGAGE,7.0,PERSONAL,A,3000,,0,0.04,N,2,2022,0
23,50000,RENT,0.0,DEBTCONSOLIDATION,A,10000,,0,0.2,N,2,2022,0
24,72000,MORTGAGE,4.0,VENTURE,C,2100,,0,0.03,Y,2,2022,0
22,72000,MORTGAGE,7.0,EDUCATION,A,10000,,0,0.14,N,2,2022,0
24,50000,RENT,1.0,PERSONAL,B,10000,11.71,0,0.2,N,2,2022,0
24,50000,RENT,3.0,PERSONAL,A,10000,7.49,0,0.2,N,2,2022,0
22,50000,RENT,6.0,EDUCATION,B,10000,10.99,0,0.2,N,2,2022,0
22,50000,RENT,3.0,DEBTCONSOLIDATION,C,10000,13.99,0,0.2,Y,2,2022,0
21,72000,MORTGAGE,5.0,DEBTCONSOLIDATION,A,2000,6.54,0,0.03,N,2,2022,0
24,72000,MORTGAGE,4.0,MEDICAL,B,5000,9.25,0,0.07,N,2,2022,0
23,50000,RENT,0.0,EDUCATION,A,10000,6.92,0,0.2,N,2,2022,0
24,72000,MORTGAGE,1.0,VENTURE,B,6000,9.99,0,0.08,N,2,2022,0
23,50000,RENT,7.0,MEDICAL,A,10000,,0,0.2,N,2,2022,0
26,50000,RENT,1.0,HOMEIMPROVEMENT,A,10000,6.91,0,0.2,N,2,2022,0
23,72000,MORTGAGE,0.0,PERSONAL,B,5000,11.86,0,0.07,N,2,2022,0
23,72000,MORTGAGE,7.0,MEDICAL,C,8000,13.61,0,0.11,Y,2,2022,0
23,72000,MORTGAGE,7.0,VENTURE,A,9000,6.76,0,0.13,N,2,2022,0
22,50000,RENT,4.0,MEDICAL,A,10000,6.17,0,0.2,N,2,2022,0
23,72000,MORTGAGE,7.0,EDUCATION,A,6400,7.51,0,0.09,N,2,2022,0
25,50000,RENT,4.0,EDUCATION,E,10000,16.82,0,0.2,Y,2,2022,0
22,72000,MORTGAGE,3.0,EDUCATION,B,5000,,0,0.07,N,2,2022,0
22,50000,RENT,4.0,EDUCATION,A,10000,9.32,0,0.2,N,2,2022,0
22,50004,RENT,6.0,PERSONAL,B,10000,12.21,0,0.2,N,2,2022,0
23,56100,MORTGAGE,5.0,MEDICAL,C,18000,14.22,1,0.27,Y,2,2022,1
25,72000,OWN,,HOMEIMPROVEMENT,E,18000,16.82,0,0.25,Y,2,2022,0
22,44307,RENT,6.0,HOMEIMPROVEMENT,B,10000,11.36,1,0.23,N,2,2022,1
25,50500,RENT,3.0,DEBTCONSOLIDATION,C,10000,13.85,0,0.2,N,2,2022,0
22,45000,RENT,6.0,HOMEIMPROVEMENT,C,10000,15.96,1,0.22,N,2,2022,1
26,72000,MORTGAGE,5.0,HOMEIMPROVEMENT,A,6600,,0,0.09,N,2,2022,0
24,51000,RENT,1.0,EDUCATION,B,10000,11.83,0,0.2,N,2,2022,0
24,72000,MORTGAGE,0.0,EDUCATION,B,9000,,0,0.13,N,2,2022,0
22,45000,RENT,1.0,VENTURE,E,10000,,1,0.22,N,2,2022,1
22,51360,RENT,4.0,EDUCATION,D,10000,,0,0.19,N,2,2022,0
24,52000,RENT,2.0,DEBTCONSOLIDATION,B,10000,9.91,0,0.19,N,2,2022,0
24,52000,RENT,3.0,EDUCATION,B,10000,12.42,0,0.19,N,2,2022,0
25,72000,MORTGAGE,7.0,EDUCATION,B,25000,11.89,0,0.35,N,2,2022,0
25,52000,RENT,9.0,EDUCATION,D,10000,,0,0.19,N,2,2022,0
26,66000,MORTGAGE,9.0,DEBTCONSOLIDATION,D,15000,14.42,1,0.23,N,2,2022,1
25,52000,RENT,1.0,HOMEIMPROVEMENT,A,10000,6.91,0,0.19,N,2,2022,0
22,72000,OTHER,6.0,VENTURE,B,15000,11.58,0,0.21,N,2,2022,0
23,52000,RENT,7.0,VENTURE,A,10000,6.54,0,0.19,N,2,2022,0
24,72000,MORTGAGE,8.0,HOMEIMPROVEMENT,E,5000,13.93,0,0.07,Y,2,2022,0
23,46000,RENT,2.0,DEBTCONSOLIDATION,D,10000,12.61,1,0.22,N,2,2022,1
21,72252,MORTGAGE,0.0,VENTURE,A,8000,6.99,0,0.11,N,2,2022,0
23,56403,MORTGAGE,7.0,MEDICAL,D,30000,16.49,1,0.45,N,2,2022,1
24,72400,MORTGAGE,4.0,PERSONAL,E,25000,17.99,0,0.35,Y,2,2022,0
26,54000,RENT,6.0,EDUCATION,A,10000,7.9,0,0.19,N,2,2022,0
23,66500,MORTGAGE,0.0,DEBTCONSOLIDATION,B,22000,8.88,1,0.33,N,2,2022,1
26,54316,RENT,10.0,MEDICAL,B,10000,11.86,0,0.18,N,2,2022,0
26,72600,MORTGAGE,3.0,MEDICAL,A,4500,7.74,0,0.06,N,2,2022,0
26,72645,OWN,5.0,VENTURE,A,12000,,0,0.17,N,2,2022,0
24,54996,RENT,5.0,MEDICAL,C,10000,12.99,0,0.18,N,2,2022,0
25,48996,RENT,9.0,MEDICAL,D,10000,14.54,1,0.2,Y,2,2022,1
24,72800,MORTGAGE,8.0,PERSONAL,C,11200,13.79,0,0.15,N,2,2022,0
25,72893,MORTGAGE,9.0,PERSONAL,C,20000,13.22,0,0.27,N,2,2022,0
22,73000,MORTGAGE,6.0,VENTURE,A,7000,7.49,0,0.1,N,2,2022,0
22,73000,MORTGAGE,6.0,EDUCATION,B,7000,10.59,0,0.1,N,2,2022,0
22,73000,MORTGAGE,7.0,VENTURE,D,12000,16.89,0,0.16,Y,2,2022,0
24,73000,MORTGAGE,1.0,MEDICAL,B,10000,11.99,0,0.14,N,2,2022,0
23,55000,RENT,0.0,EDUCATION,B,10000,10.59,0,0.18,N,2,2022,0
22,55000,RENT,7.0,MEDICAL,B,10000,10.37,0,0.18,N,2,2022,0
22,73000,MORTGAGE,6.0,MEDICAL,A,5000,7.49,0,0.07,N,2,2022,0
24,55000,RENT,5.0,HOMEIMPROVEMENT,A,10000,5.42,0,0.18,N,2,2022,0
24,73000,MORTGAGE,4.0,EDUCATION,A,6500,5.42,0,0.09,N,2,2022,0
22,49000,RENT,6.0,PERSONAL,E,10000,16.45,1,0.2,N,2,2022,1
25,73000,MORTGAGE,8.0,DEBTCONSOLIDATION,C,3500,13.23,0,0.05,N,2,2022,0
24,73000,MORTGAGE,3.0,EDUCATION,C,8000,13.23,0,0.11,Y,2,2022,0
25,55016,RENT,0.0,VENTURE,C,10000,13.16,0,0.18,Y,2,2022,0
23,73000,MORTGAGE,7.0,EDUCATION,C,7500,13.22,0,0.1,Y,2,2022,0
24,73000,MORTGAGE,7.0,DEBTCONSOLIDATION,A,14400,8.94,0,0.2,N,2,2022,0
24,56000,RENT,3.0,MEDICAL,B,10000,12.21,0,0.18,N,2,2022,0
26,67000,MORTGAGE,2.0,DEBTCONSOLIDATION,D,6500,14.11,1,0.1,Y,2,2022,1
22,73063,MORTGAGE,4.0,PERSONAL,C,11200,,0,0.15,Y,2,2022,0
23,73164,MORTGAGE,7.0,VENTURE,B,1000,10.36,0,0.01,N,2,2022,0
25,73200,MORTGAGE,7.0,DEBTCONSOLIDATION,A,5000,,0,0.07,N,2,2022,0
21,67400,MORTGAGE,2.0,VENTURE,E,20000,17.74,1,0.3,Y,2,2022,1
23,73426,MORTGAGE,0.0,EDUCATION,C,7500,,0,0.1,N,2,2022,0
26,73440,OWN,1.0,PERSONAL,B,35000,9.91,0,0.48,N,2,2022,0
24,73440,MORTGAGE,7.0,EDUCATION,A,7000,6.99,0,0.1,N,2,2022,0
24,51000,RENT,,DEBTCONSOLIDATION,E,10000,17.19,1,0.2,N,2,2022,1
24,67524,MORTGAGE,4.0,PERSONAL,B,10000,9.99,1,0.15,N,2,2022,1
24,73600,MORTGAGE,7.0,HOMEIMPROVEMENT,B,24000,11.36,0,0.33,N,2,2022,0
22,58000,RENT,6.0,DEBTCONSOLIDATION,A,10000,6.54,0,0.17,N,2,2022,0
23,58000,RENT,2.0,DEBTCONSOLIDATION,A,10000,7.88,0,0.17,N,2,2022,0
22,74000,MORTGAGE,6.0,EDUCATION,B,9000,,0,0.12,N,2,2022,0
26,74000,MORTGAGE,10.0,DEBTCONSOLIDATION,B,1200,12.69,0,0.02,N,2,2022,0
23,74000,MORTGAGE,7.0,EDUCATION,B,10000,,0,0.14,N,2,2022,0
22,74000,MORTGAGE,6.0,EDUCATION,A,10000,7.88,0,0.14,N,2,2022,0
22,60000,RENT,2.0,MEDICAL,B,10000,11.71,0,0.17,N,2,2022,0
23,74000,MORTGAGE,0.0,DEBTCONSOLIDATION,B,17500,,0,0.24,N,2,2022,0
22,60000,RENT,,PERSONAL,A,10000,5.99,0,0.17,N,2,2022,0
23,74000,MORTGAGE,7.0,EDUCATION,B,12000,11.58,0,0.16,N,2,2022,0
24,74000,MORTGAGE,6.0,MEDICAL,B,5000,12.21,0,0.07,N,2,2022,0
24,54000,RENT,5.0,PERSONAL,B,10000,10.37,1,0.19,N,2,2022,1
24,60000,RENT,4.0,MEDICAL,A,10000,6.54,0,0.17,N,2,2022,0
24,74448,MORTGAGE,8.0,EDUCATION,A,4000,,0,0.05,N,2,2022,0
23,60000,RENT,5.0,DEBTCONSOLIDATION,A,10000,7.14,0,0.17,N,2,2022,0
23,68500,MORTGAGE,7.0,PERSONAL,D,9800,14.84,1,0.14,N,2,2022,1
24,60000,RENT,1.0,MEDICAL,C,10000,12.73,0,0.17,Y,2,2022,0
26,68551,MORTGAGE,1.0,EDUCATION,C,4000,14.22,1,0.06,Y,2,2022,1
21,60000,RENT,5.0,EDUCATION,B,10000,12.18,0,0.17,N,2,2022,0
25,58313,MORTGAGE,9.0,MEDICAL,E,5300,19.91,1,0.08,Y,2,2022,1
25,74678,MORTGAGE,9.0,DEBTCONSOLIDATION,B,4000,10.62,0,0.05,N,2,2022,0
21,60000,RENT,3.0,MEDICAL,B,10000,12.18,0,0.17,N,2,2022,0
23,60000,RENT,3.0,EDUCATION,E,10000,,0,0.17,N,2,2022,0
21,74880,MORTGAGE,5.0,PERSONAL,A,8500,7.14,0,0.11,N,2,2022,0
24,74900,MORTGAGE,5.0,VENTURE,B,18300,10.99,0,0.24,N,2,2022,0
24,74900,MORTGAGE,8.0,VENTURE,A,3500,6.39,0,0.05,N,2,2022,0
24,60000,RENT,6.0,VENTURE,A,10000,9.32,0,0.17,N,2,2022,0
23,75000,MORTGAGE,5.0,EDUCATION,A,31825,7.9,0,0.42,N,2,2022,0
23,54000,RENT,7.0,PERSONAL,D,10000,14.11,1,0.19,N,2,2022,1
25,60000,RENT,2.0,HOMEIMPROVEMENT,C,10000,12.09,0,0.17,N,2,2022,0
23,75000,MORTGAGE,7.0,VENTURE,B,5400,12.69,0,0.07,N,2,2022,0
24,60629,RENT,7.0,HOMEIMPROVEMENT,A,10000,7.51,0,0.16,N,2,2022,0
22,61500,RENT,3.0,MEDICAL,C,10000,14.22,0,0.16,N,2,2022,0
23,75000,MORTGAGE,7.0,PERSONAL,A,10200,6.03,0,0.14,N,2,2022,0
26,56000,RENT,10.0,HOMEIMPROVEMENT,B,10000,12.69,1,0.18,N,2,2022,1
22,43200,RENT,6.0,EDUCATION,B,4000,11.11,0,0.09,N,2,2022,0
24,44000,RENT,1.0,EDUCATION,B,4000,8.7,0,0.09,N,2,2022,0
23,75000,MORTGAGE,4.0,VENTURE,B,12000,9.91,0,0.16,N,2,2022,0
22,45000,RENT,6.0,PERSONAL,A,4000,7.9,0,0.09,N,2,2022,0
25,75000,MORTGAGE,4.0,VENTURE,B,24000,9.91,0,0.32,N,2,2022,0
24,75000,MORTGAGE,4.0,VENTURE,B,16000,12.42,0,0.21,N,2,2022,0
22,75000,MORTGAGE,6.0,MEDICAL,C,15000,14.27,0,0.2,N,2,2022,0
21,45000,RENT,5.0,VENTURE,C,4000,12.87,0,0.09,Y,2,2022,0
23,45000,RENT,7.0,VENTURE,D,4000,16.32,0,0.09,Y,2,2022,0
25,39000,RENT,0.0,HOMEIMPROVEMENT,E,4000,17.74,1,0.1,N,2,2022,1
24,45000,RENT,8.0,MEDICAL,B,4000,11.83,0,0.09,N,2,2022,0
23,75000,OWN,5.0,PERSONAL,B,21000,12.42,0,0.28,N,2,2022,0
24,75000,MORTGAGE,4.0,HOMEIMPROVEMENT,A,15000,6.03,0,0.2,N,2,2022,0
23,62000,RENT,1.0,DEBTCONSOLIDATION,A,10000,8.94,0,0.16,N,2,2022,0
26,62000,RENT,1.0,DEBTCONSOLIDATION,B,10000,11.26,0,0.16,N,2,2022,0
24,75000,MORTGAGE,3.0,VENTURE,A,16000,6.62,0,0.21,N,2,2022,0
22,62322,RENT,7.0,EDUCATION,B,10000,,0,0.16,N,2,2022,0
22,62364,RENT,2.0,EDUCATION,B,10000,10.99,0,0.16,N,2,2022,0
25,62366,RENT,8.0,EDUCATION,A,10000,8.94,0,0.16,N,2,2022,0
25,69000,MORTGAGE,4.0,EDUCATION,C,4500,14.65,1,0.07,Y,2,2022,1
25,75000,MORTGAGE,5.0,EDUCATION,A,5800,,0,0.08,N,2,2022,0
21,75000,MORTGAGE,5.0,VENTURE,B,14125,10.99,0,0.19,N,2,2022,0
26,75000,MORTGAGE,9.0,EDUCATION,C,4000,12.99,0,0.05,N,2,2022,0
23,75000,MORTGAGE,4.0,PERSONAL,A,7000,8.49,0,0.09,N,2,2022,0
26,75000,MORTGAGE,5.0,HOMEIMPROVEMENT,A,12500,5.99,0,0.17,N,2,2022,0
26,69000,MORTGAGE,10.0,HOMEIMPROVEMENT,D,6200,15.99,1,0.09,N,2,2022,1
22,69000,MORTGAGE,6.0,DEBTCONSOLIDATION,D,10000,15.62,1,0.14,Y,2,2022,1
22,75000,MORTGAGE,6.0,EDUCATION,A,11000,5.42,0,0.15,N,2,2022,0
24,65000,RENT,3.0,PERSONAL,B,10000,12.42,0,0.15,N,2,2022,0
26,75000,MORTGAGE,4.0,HOMEIMPROVEMENT,A,7000,6.99,0,0.09,N,2,2022,0
21,65000,RENT,1.0,EDUCATION,B,10000,9.99,0,0.15,N,2,2022,0
22,65000,RENT,1.0,DEBTCONSOLIDATION,B,10000,10.0,0,0.15,N,2,2022,0
26,75000,MORTGAGE,6.0,MEDICAL,A,13000,6.99,0,0.17,N,2,2022,0
22,65000,RENT,2.0,EDUCATION,B,10000,9.88,0,0.15,N,2,2022,0
22,75000,MORTGAGE,4.0,MEDICAL,A,9000,6.99,0,0.12,N,2,2022,0
26,75000,MORTGAGE,7.0,VENTURE,A,10000,7.49,0,0.13,N,2,2022,0
25,65000,RENT,0.0,EDUCATION,B,10000,10.95,0,0.15,N,2,2022,0
24,75000,MORTGAGE,5.0,HOMEIMPROVEMENT,A,12000,5.99,0,0.16,N,2,2022,0
25,65900,RENT,2.0,DEBTCONSOLIDATION,A,10000,8.49,0,0.15,N,2,2022,0
26,75000,MORTGAGE,6.0,EDUCATION,A,5000,7.66,0,0.07,N,2,2022,0
23,75000,OWN,5.0,VENTURE,A,10000,6.92,0,0.13,N,2,2022,0
22,75000,MORTGAGE,6.0,EDUCATION,A,10600,5.79,0,0.14,N,2,2022,0
24,67600,RENT,7.0,HOMEIMPROVEMENT,D,10000,16.02,0,0.15,Y,2,2022,0
24,68000,RENT,3.0,PERSONAL,D,10000,16.02,0,0.15,Y,2,2022,0
22,75000,MORTGAGE,3.0,EDUCATION,A,9000,5.79,0,0.12,N,2,2022,0
23,75000,MORTGAGE,3.0,VENTURE,C,10200,12.68,0,0.14,Y,2,2022,0
26,63000,RENT,1.0,VENTURE,E,10000,16.4,1,0.16,Y,2,2022,1
25,75000,MORTGAGE,3.0,PERSONAL,A,6000,6.92,0,0.08,N,2,2022,0
24,69600,RENT,2.0,PERSONAL,A,10000,8.38,0,0.14,N,2,2022,0
23,75000,MORTGAGE,0.0,EDUCATION,B,12000,9.62,0,0.16,N,2,2022,0
24,70000,RENT,1.0,EDUCATION,B,10000,11.71,0,0.14,N,2,2022,0
25,58650,MORTGAGE,0.0,MEDICAL,A,5200,6.54,1,0.08,N,2,2022,1
24,75000,MORTGAGE,9.0,HOMEIMPROVEMENT,A,11500,5.42,0,0.15,N,2,2022,0
24,69000,MORTGAGE,4.0,DEBTCONSOLIDATION,D,25000,15.57,1,0.36,N,2,2022,1
23,75000,OWN,8.0,EDUCATION,A,8000,6.17,0,0.11,N,2,2022,0
22,75000,MORTGAGE,6.0,MEDICAL,B,25000,9.25,0,0.33,N,2,2022,0
24,70000,RENT,8.0,VENTURE,E,10000,16.45,0,0.14,N,2,2022,0
23,75000,MORTGAGE,7.0,EDUCATION,B,7100,9.25,0,0.09,N,2,2022,0
22,75000,MORTGAGE,6.0,DEBTCONSOLIDATION,A,18000,5.79,0,0.24,N,2,2022,0
22,75000,MORTGAGE,0.0,PERSONAL,D,19800,15.57,0,0.26,Y,2,2022,0
24,70000,RENT,1.0,EDUCATION,B,10000,9.88,0,0.14,N,2,2022,0
24,70000,RENT,4.0,VENTURE,C,10000,12.41,0,0.14,Y,2,2022,0
22,70800,RENT,6.0,EDUCATION,C,10000,12.61,0,0.14,Y,2,2022,0
23,70872,RENT,7.0,DEBTCONSOLIDATION,C,10000,,0,0.14,N,2,2022,0
22,71000,RENT,3.0,MEDICAL,A,10000,7.29,0,0.14,N,2,2022,0
23,71496,RENT,7.0,EDUCATION,A,10000,7.51,0,0.14,N,2,2022,0
22,75000,MORTGAGE,6.0,PERSONAL,A,9000,7.14,0,0.12,N,2,2022,0
26,65600,RENT,5.0,EDUCATION,D,10000,13.55,1,0.15,Y,2,2022,1
22,72000,RENT,5.0,PERSONAL,D,10000,17.27,0,0.14,N,2,2022,0
24,75000,MORTGAGE,8.0,PERSONAL,B,1200,11.49,0,0.02,N,2,2022,0
23,75000,MORTGAGE,7.0,VENTURE,B,17000,11.12,0,0.23,N,2,2022,0
22,75000,MORTGAGE,6.0,EDUCATION,C,16000,13.61,0,0.21,N,2,2022,0
23,72000,RENT,3.0,PERSONAL,A,10000,6.91,0,0.14,N,2,2022,0
24,75000,MORTGAGE,8.0,MEDICAL,A,15000,7.51,0,0.2,N,2,2022,0
21,75000,MORTGAGE,4.0,MEDICAL,B,25000,,0,0.33,N,2,2022,0
22,66500,RENT,0.0,VENTURE,D,10000,14.11,1,0.15,Y,2,2022,1
24,75000,MORTGAGE,6.0,VENTURE,B,25000,10.99,0,0.33,N,2,2022,0
23,69000,MORTGAGE,0.0,HOMEIMPROVEMENT,D,15000,14.96,1,0.22,N,2,2022,1
21,75000,MORTGAGE,5.0,PERSONAL,C,20000,13.11,0,0.27,Y,2,2022,0
23,75000,MORTGAGE,3.0,MEDICAL,C,11000,13.85,0,0.15,N,2,2022,0
24,75000,OWN,8.0,EDUCATION,B,15000,,0,0.2,N,2,2022,0
25,75000,OWN,9.0,EDUCATION,B,5600,10.62,0,0.07,N,2,2022,0
23,75000,RENT,0.0,PERSONAL,B,10000,11.49,0,0.13,N,2,2022,0
23,75000,MORTGAGE,7.0,EDUCATION,A,8000,7.05,0,0.11,N,2,2022,0
23,75000,MORTGAGE,4.0,EDUCATION,A,8000,8.59,0,0.11,N,2,2022,0
25,69000,RENT,3.0,HOMEIMPROVEMENT,D,10000,14.09,1,0.14,Y,2,2022,1
24,75000,MORTGAGE,8.0,HOMEIMPROVEMENT,B,25000,11.83,0,0.33,N,2,2022,0
26,75000,RENT,10.0,EDUCATION,D,10000,15.58,0,0.13,Y,2,2022,0
23,75000,RENT,0.0,DEBTCONSOLIDATION,A,10000,9.63,0,0.13,N,2,2022,0
22,58650,MORTGAGE,6.0,MEDICAL,D,25000,14.96,1,0.36,N,2,2022,1
24,75000,OWN,8.0,MEDICAL,B,16500,12.18,0,0.22,N,2,2022,0
26,75000,MORTGAGE,10.0,DEBTCONSOLIDATION,A,10000,8.94,0,0.13,N,2,2022,0
22,78000,RENT,3.0,VENTURE,B,10000,12.42,0,0.13,N,2,2022,0
21,78000,RENT,4.0,VENTURE,A,10000,5.99,0,0.13,N,2,2022,0
23,78204,RENT,0.0,EDUCATION,A,10000,7.49,0,0.13,N,2,2022,0
22,75000,MORTGAGE,3.0,PERSONAL,A,5600,8.0,0,0.07,N,2,2022,0
22,79000,RENT,3.0,DEBTCONSOLIDATION,A,10000,7.88,0,0.13,N,2,2022,0
22,74000,RENT,2.0,PERSONAL,A,10000,7.51,1,0.14,N,2,2022,1
22,80000,RENT,5.0,EDUCATION,C,10000,14.27,0,0.13,N,2,2022,0
23,80000,RENT,5.0,PERSONAL,A,10000,8.49,0,0.13,N,2,2022,0
22,75000,MORTGAGE,7.0,DEBTCONSOLIDATION,B,8000,12.21,0,0.11,N,2,2022,0
25,80000,RENT,0.0,MEDICAL,B,10000,10.37,0,0.13,N,2,2022,0
24,74000,RENT,1.0,HOMEIMPROVEMENT,D,10000,14.54,1,0.14,N,2,2022,1
22,75000,OWN,6.0,EDUCATION,A,4800,8.0,0,0.06,N,2,2022,0
24,69000,MORTGAGE,1.0,EDUCATION,B,4900,10.96,1,0.07,N,2,2022,1
23,75000,MORTGAGE,0.0,EDUCATION,A,6000,8.0,0,0.08,N,2,2022,0
25,75000,MORTGAGE,9.0,PERSONAL,C,10000,11.34,0,0.13,Y,2,2022,0
24,80004,RENT,3.0,EDUCATION,A,10000,6.62,0,0.12,N,2,2022,0
23,80038,RENT,3.0,PERSONAL,B,10000,10.59,0,0.12,N,2,2022,0
24,75200,OWN,5.0,EDUCATION,A,6500,7.14,0,0.09,N,2,2022,0
25,75500,MORTGAGE,9.0,EDUCATION,B,7000,11.36,0,0.09,N,2,2022,0
26,75555,MORTGAGE,4.0,MEDICAL,B,10000,10.39,0,0.13,N,2,2022,0
24,75600,MORTGAGE,5.0,VENTURE,A,7200,5.99,0,0.1,N,2,2022,0
25,75600,MORTGAGE,7.0,MEDICAL,C,15000,12.68,0,0.2,N,2,2022,0
24,75744,MORTGAGE,2.0,PERSONAL,B,15000,10.38,0,0.2,N,2,2022,0
22,75744,MORTGAGE,6.0,VENTURE,B,6700,11.83,0,0.09,N,2,2022,0
25,84000,RENT,5.0,HOMEIMPROVEMENT,C,10000,13.49,0,0.12,N,2,2022,0
23,84000,RENT,7.0,DEBTCONSOLIDATION,A,10000,5.99,0,0.12,N,2,2022,0
26,75873,MORTGAGE,6.0,PERSONAL,B,1200,10.25,0,0.02,N,2,2022,0
26,59497,OWN,2.0,MEDICAL,E,7000,17.88,1,0.1,N,2,2022,1
23,75996,MORTGAGE,7.0,MEDICAL,B,15000,10.62,0,0.2,N,2,2022,0
24,76000,MORTGAGE,8.0,PERSONAL,A,12000,6.03,0,0.16,N,2,2022,0
22,73000,RENT,0.0,PERSONAL,D,10000,18.25,1,0.14,Y,2,2022,1
22,76000,MORTGAGE,5.0,VENTURE,B,24000,10.99,0,0.32,N,2,2022,0
24,76000,MORTGAGE,9.0,DEBTCONSOLIDATION,B,20050,10.59,0,0.26,N,2,2022,0
26,85000,RENT,3.0,HOMEIMPROVEMENT,A,10000,,0,0.12,N,2,2022,0
24,85000,RENT,6.0,PERSONAL,C,10000,13.72,0,0.12,Y,2,2022,0
25,76000,MORTGAGE,9.0,PERSONAL,C,6000,12.98,0,0.08,Y,2,2022,0
26,85500,RENT,0.0,EDUCATION,A,10000,,0,0.12,N,2,2022,0
25,86000,RENT,10.0,HOMEIMPROVEMENT,D,10000,,0,0.12,N,2,2022,0
23,76000,OWN,3.0,EDUCATION,B,18000,10.99,0,0.24,N,2,2022,0
24,75996,RENT,1.0,DEBTCONSOLIDATION,E,10000,16.0,1,0.13,N,2,2022,1
26,88000,RENT,10.0,VENTURE,B,10000,12.69,0,0.11,N,2,2022,0
24,90000,RENT,0.0,DEBTCONSOLIDATION,A,10000,,0,0.11,N,2,2022,0
25,59623,MORTGAGE,9.0,MEDICAL,B,3400,,1,0.05,N,2,2022,1
26,76160,MORTGAGE,10.0,EDUCATION,A,7400,7.51,0,0.1,N,2,2022,0
25,90000,RENT,9.0,DEBTCONSOLIDATION,B,10000,12.42,0,0.11,N,2,2022,0
25,90000,RENT,5.0,PERSONAL,A,10000,7.49,0,0.11,N,2,2022,0
25,76300,MORTGAGE,9.0,HOMEIMPROVEMENT,B,3000,11.86,0,0.04,N,2,2022,0
24,90000,RENT,8.0,HOMEIMPROVEMENT,B,10000,,0,0.11,N,2,2022,0
23,90000,RENT,4.0,VENTURE,A,10000,7.51,0,0.11,N,2,2022,0
23,91000,RENT,5.0,EDUCATION,B,10000,10.2,0,0.11,N,2,2022,0
22,76800,MORTGAGE,4.0,PERSONAL,A,12000,8.9,0,0.16,N,2,2022,0
25,76800,MORTGAGE,5.0,PERSONAL,C,20000,,0,0.26,Y,2,2022,0
23,76896,MORTGAGE,8.0,EDUCATION,B,25000,11.71,0,0.33,N,2,2022,0
24,77000,MORTGAGE,6.0,DEBTCONSOLIDATION,B,12000,12.42,0,0.16,N,2,2022,0
26,92652,RENT,4.0,VENTURE,C,10000,13.23,0,0.11,Y,2,2022,0
23,93000,RENT,6.0,EDUCATION,C,10000,14.26,0,0.11,N,2,2022,0
24,94000,RENT,8.0,HOMEIMPROVEMENT,E,10000,18.64,0,0.11,N,2,2022,0
23,77000,OWN,3.0,VENTURE,A,3500,5.99,0,0.05,N,2,2022,0
24,77000,MORTGAGE,1.0,HOMEIMPROVEMENT,B,4000,11.99,0,0.05,N,2,2022,0
24,77000,MORTGAGE,2.0,EDUCATION,B,3850,11.11,0,0.05,N,2,2022,0
24,95000,RENT,8.0,DEBTCONSOLIDATION,A,10000,,0,0.11,N,2,2022,0
23,65400,RENT,1.0,DEBTCONSOLIDATION,C,10075,13.98,0,0.15,Y,2,2022,0
25,77000,MORTGAGE,6.0,EDUCATION,D,8000,15.33,0,0.1,N,2,2022,0
20,77000,MORTGAGE,4.0,VENTURE,A,6000,8.0,0,0.08,N,2,2022,0
24,71000,MORTGAGE,6.0,EDUCATION,B,5000,10.39,1,0.07,N,2,2022,1
23,71000,MORTGAGE,2.0,DEBTCONSOLIDATION,E,20000,15.13,1,0.28,Y,2,2022,1
25,77004,MORTGAGE,9.0,PERSONAL,B,15000,9.63,0,0.19,N,2,2022,0
23,77004,MORTGAGE,7.0,VENTURE,A,6000,7.88,0,0.08,N,2,2022,0
25,77004,MORTGAGE,2.0,DEBTCONSOLIDATION,C,16000,13.92,0,0.21,N,2,2022,0
20,77052,MORTGAGE,4.0,EDUCATION,B,24250,11.36,0,0.31,N,2,2022,0
25,77078,MORTGAGE,1.0,DEBTCONSOLIDATION,B,3425,12.18,0,0.04,N,2,2022,0
23,55000,RENT,0.0,PERSONAL,C,10200,12.73,0,0.19,Y,2,2022,0
24,22000,RENT,8.0,EDUCATION,A,11000,7.51,1,0.5,N,2,2022,1
21,29000,RENT,6.0,MEDICAL,C,11000,13.49,1,0.38,Y,2,2022,1
21,29004,RENT,5.0,MEDICAL,C,11000,14.22,1,0.38,N,2,2022,1
25,30720,RENT,2.0,HOMEIMPROVEMENT,C,11000,13.72,1,0.36,N,2,2022,1
23,33000,RENT,0.0,DEBTCONSOLIDATION,A,11000,7.66,1,0.33,N,2,2022,1
25,29000,RENT,9.0,PERSONAL,A,11000,8.49,1,0.38,N,2,2022,1
23,78000,MORTGAGE,7.0,EDUCATION,B,2400,12.42,0,0.03,N,2,2022,0
23,78000,MORTGAGE,0.0,MEDICAL,A,10000,6.62,0,0.13,N,2,2022,0
23,78000,MORTGAGE,5.0,EDUCATION,B,5000,11.71,0,0.06,N,2,2022,0
26,78000,MORTGAGE,7.0,PERSONAL,A,7200,6.62,0,0.09,N,2,2022,0
22,72000,MORTGAGE,1.0,PERSONAL,C,8500,15.96,1,0.12,N,2,2022,1
25,45000,RENT,2.0,DEBTCONSOLIDATION,C,11100,13.11,0,0.25,N,2,2022,0
23,78000,MORTGAGE,4.0,PERSONAL,A,15000,8.49,0,0.19,N,2,2022,0
26,78000,MORTGAGE,7.0,HOMEIMPROVEMENT,B,3000,11.49,0,0.04,N,2,2022,0
21,40000,OWN,5.0,MEDICAL,A,12000,8.9,0,0.3,N,2,2022,0
24,78000,MORTGAGE,3.0,DEBTCONSOLIDATION,B,20000,10.37,0,0.26,N,2,2022,0
25,78000,MORTGAGE,9.0,EDUCATION,A,8000,5.79,0,0.1,N,2,2022,0
23,78000,MORTGAGE,7.0,EDUCATION,A,4600,7.66,0,0.06,N,2,2022,0
22,40000,RENT,2.0,VENTURE,A,11200,7.88,0,0.28,N,2,2022,0
25,78000,MORTGAGE,0.0,DEBTCONSOLIDATION,A,10000,5.79,0,0.13,N,2,2022,0
26,78000,MORTGAGE,4.0,PERSONAL,B,1750,10.36,0,0.02,N,2,2022,0
23,45000,RENT,2.0,PERSONAL,B,11200,10.59,0,0.25,N,2,2022,0
23,72000,MORTGAGE,6.0,VENTURE,C,12000,13.61,1,0.17,Y,2,2022,1
23,72000,MORTGAGE,5.0,EDUCATION,F,19000,,1,0.26,Y,2,2022,1
23,78000,MORTGAGE,7.0,EDUCATION,A,6150,7.88,0,0.08,N,2,2022,0
23,54000,RENT,4.0,EDUCATION,C,11200,13.99,0,0.21,Y,2,2022,0
22,78000,MORTGAGE,6.0,EDUCATION,E,16000,16.45,0,0.21,Y,2,2022,0
24,78000,MORTGAGE,5.0,DEBTCONSOLIDATION,C,8000,13.22,0,0.1,N,2,2022,0
22,78000,MORTGAGE,6.0,DEBTCONSOLIDATION,B,9600,10.95,0,0.12,N,2,2022,0
25,61200,MORTGAGE,9.0,MEDICAL,D,20000,14.74,1,0.28,Y,2,2022,1
25,68000,RENT,4.0,PERSONAL,B,11200,11.99,0,0.16,N,2,2022,0
22,69700,RENT,4.0,VENTURE,B,11200,,0,0.16,N,2,2022,0
24,61200,MORTGAGE,9.0,MEDICAL,B,13500,10.83,1,0.19,N,2,2022,1
22,78000,OTHER,4.0,PERSONAL,B,5600,,0,0.07,N,2,2022,0
25,72000,RENT,8.0,PERSONAL,B,11200,10.36,0,0.16,N,2,2022,0
24,78400,MORTGAGE,5.0,VENTURE,C,17400,13.48,0,0.22,N,2,2022,0
26,100016,RENT,10.0,EDUCATION,C,11200,13.98,0,0.11,Y,2,2022,0
22,78413,MORTGAGE,6.0,EDUCATION,B,17500,10.65,0,0.22,N,2,2022,0
25,78500,MORTGAGE,9.0,DEBTCONSOLIDATION,A,16000,7.88,0,0.2,N,2,2022,0
25,45000,RENT,2.0,DEBTCONSOLIDATION,A,11250,9.38,0,0.25,N,2,2022,0
25,78720,MORTGAGE,6.0,MEDICAL,B,10000,9.62,0,0.13,N,2,2022,0
26,78948,MORTGAGE,3.0,MEDICAL,B,17500,11.83,0,0.22,N,2,2022,0
22,72955,MORTGAGE,6.0,PERSONAL,B,7500,,1,0.1,N,2,2022,1
22,45000,RENT,6.0,EDUCATION,C,11300,13.48,0,0.25,Y,2,2022,0
22,78996,OWN,6.0,MEDICAL,B,10000,11.11,0,0.13,N,2,2022,0
23,71000,RENT,7.0,MEDICAL,A,11300,7.49,0,0.16,N,2,2022,0
23,79000,MORTGAGE,7.0,EDUCATION,A,17825,6.62,0,0.23,N,2,2022,0
24,43000,RENT,3.0,MEDICAL,A,11400,,0,0.27,N,2,2022,0
25,79000,OWN,3.0,VENTURE,A,14000,6.92,0,0.18,N,2,2022,0
22,79000,MORTGAGE,3.0,VENTURE,C,35000,13.8,0,0.44,Y,2,2022,0
25,79000,MORTGAGE,9.0,DEBTCONSOLIDATION,A,10000,5.79,0,0.13,N,2,2022,0
22,79000,MORTGAGE,6.0,EDUCATION,B,10000,10.99,0,0.13,N,2,2022,0
23,79000,MORTGAGE,2.0,EDUCATION,A,3200,7.88,0,0.04,N,2,2022,0
25,79000,MORTGAGE,2.0,MEDICAL,C,15000,13.79,0,0.19,N,2,2022,0
26,79200,MORTGAGE,8.0,MEDICAL,A,6075,6.03,0,0.08,N,2,2022,0
26,79500,MORTGAGE,1.0,EDUCATION,B,6000,11.36,0,0.08,N,2,2022,0
21,34500,RENT,2.0,HOMEIMPROVEMENT,D,11500,15.31,1,0.33,N,2,2022,1
25,79992,MORTGAGE,9.0,EDUCATION,A,10000,6.03,0,0.13,N,2,2022,0
23,34000,RENT,0.0,DEBTCONSOLIDATION,B,11500,11.49,1,0.34,N,2,2022,1
26,80000,MORTGAGE,5.0,VENTURE,D,12000,16.29,0,0.15,N,2,2022,0
24,42000,RENT,8.0,DEBTCONSOLIDATION,A,11500,7.88,0,0.27,N,2,2022,0
24,80000,MORTGAGE,9.0,MEDICAL,A,10000,,0,0.13,N,2,2022,0
23,80000,MORTGAGE,7.0,EDUCATION,B,15000,12.42,0,0.19,N,2,2022,0
25,80000,MORTGAGE,4.0,MEDICAL,C,25000,13.49,0,0.31,N,2,2022,0
22,40000,OWN,4.0,EDUCATION,A,8000,5.79,0,0.2,N,2,2022,0
24,80000,MORTGAGE,8.0,HOMEIMPROVEMENT,A,18000,7.9,0,0.23,N,2,2022,0
24,63000,RENT,3.0,VENTURE,C,11500,14.79,0,0.18,N,2,2022,0
24,68298,RENT,3.0,VENTURE,A,11500,,0,0.17,N,2,2022,0
25,80000,MORTGAGE,9.0,DEBTCONSOLIDATION,A,4000,6.62,0,0.05,N,2,2022,0
24,80000,MORTGAGE,7.0,VENTURE,A,12000,6.62,0,0.15,N,2,2022,0
25,74000,MORTGAGE,9.0,EDUCATION,A,18000,7.9,1,0.24,N,2,2022,1
24,125000,RENT,4.0,VENTURE,B,11500,10.38,0,0.09,N,2,2022,0
25,77954,RENT,9.0,DEBTCONSOLIDATION,D,11550,16.77,1,0.15,N,2,2022,1
22,80000,MORTGAGE,5.0,MEDICAL,B,9500,11.71,0,0.12,N,2,2022,0
26,71000,RENT,0.0,MEDICAL,B,11600,10.99,0,0.16,N,2,2022,0
23,57996,RENT,1.0,MEDICAL,C,11650,13.47,0,0.2,N,2,2022,0
26,30000,RENT,6.0,MEDICAL,B,11700,11.71,1,0.39,N,2,2022,1
25,80000,MORTGAGE,5.0,PERSONAL,A,18200,7.9,0,0.23,N,2,2022,0
22,66000,RENT,6.0,DEBTCONSOLIDATION,E,11750,17.14,1,0.18,N,2,2022,1
22,35000,RENT,4.0,VENTURE,B,11800,10.95,1,0.34,N,2,2022,1
25,80000,MORTGAGE,6.0,MEDICAL,A,3000,6.03,0,0.04,N,2,2022,0
23,42000,RENT,6.0,EDUCATION,B,11800,12.69,0,0.28,N,2,2022,0
22,42500,RENT,7.0,MEDICAL,D,11850,14.11,1,0.28,Y,2,2022,1
25,50000,RENT,6.0,PERSONAL,B,11875,10.65,0,0.24,N,2,2022,0
23,80000,MORTGAGE,7.0,VENTURE,B,22000,10.65,0,0.28,N,2,2022,0
22,80000,MORTGAGE,6.0,EDUCATION,B,35000,,0,0.44,N,2,2022,0
25,80000,MORTGAGE,5.0,VENTURE,A,12000,5.99,0,0.15,N,2,2022,0
23,74000,MORTGAGE,5.0,DEBTCONSOLIDATION,D,25975,,1,0.35,N,2,2022,1
22,24000,RENT,0.0,PERSONAL,C,12000,14.79,1,0.5,N,2,2022,1
23,80000,MORTGAGE,7.0,EDUCATION,B,10000,,0,0.13,N,2,2022,0
24,26000,RENT,5.0,MEDICAL,A,12000,7.9,1,0.46,N,2,2022,1
24,80000,MORTGAGE,8.0,HOMEIMPROVEMENT,A,5550,8.49,0,0.07,N,2,2022,0
21,80000,MORTGAGE,5.0,EDUCATION,A,12000,5.99,0,0.15,N,2,2022,0
24,80000,MORTGAGE,2.0,MEDICAL,B,2500,11.49,0,0.03,N,2,2022,0
24,80000,MORTGAGE,4.0,VENTURE,A,3000,6.99,0,0.04,N,2,2022,0
24,29000,RENT,0.0,MEDICAL,D,12000,15.05,1,0.41,Y,2,2022,1
24,80000,MORTGAGE,8.0,VENTURE,D,5000,15.62,0,0.06,Y,2,2022,0
22,30000,RENT,2.0,EDUCATION,C,12000,13.72,1,0.4,N,2,2022,1
23,80000,MORTGAGE,3.0,VENTURE,A,5500,5.42,0,0.07,N,2,2022,0
22,30000,RENT,2.0,VENTURE,D,12000,14.46,1,0.4,N,2,2022,1
21,80000,MORTGAGE,5.0,EDUCATION,C,5000,12.99,0,0.06,N,2,2022,0
22,31200,RENT,6.0,EDUCATION,B,12000,10.39,1,0.38,N,2,2022,1
22,31800,RENT,,DEBTCONSOLIDATION,A,12000,5.42,1,0.38,N,2,2022,1
22,80000,MORTGAGE,7.0,EDUCATION,B,1500,10.37,0,0.02,N,2,2022,0
24,32000,RENT,4.0,MEDICAL,A,12000,7.51,1,0.38,N,2,2022,1
22,74000,MORTGAGE,0.0,VENTURE,G,19000,20.48,1,0.26,Y,2,2022,1
24,32000,RENT,1.0,MEDICAL,A,12000,7.29,1,0.38,N,2,2022,1
24,32000,RENT,8.0,DEBTCONSOLIDATION,C,12000,12.87,1,0.38,Y,2,2022,1
22,32500,RENT,0.0,MEDICAL,B,12000,11.49,1,0.37,N,2,2022,1
24,80000,MORTGAGE,8.0,PERSONAL,D,25000,14.46,0,0.31,Y,2,2022,0
23,80000,OWN,7.0,PERSONAL,B,9000,9.62,0,0.11,N,2,2022,0
25,80000,MORTGAGE,0.0,VENTURE,A,12000,6.91,0,0.15,N,2,2022,0
25,80000,MORTGAGE,5.0,DEBTCONSOLIDATION,A,18000,5.79,0,0.23,N,2,2022,0
26,34138,RENT,3.0,DEBTCONSOLIDATION,B,12000,10.39,1,0.35,N,2,2022,1
22,34500,RENT,3.0,EDUCATION,D,12000,14.84,1,0.35,Y,2,2022,1
24,34500,RENT,4.0,MEDICAL,B,12000,10.38,1,0.35,N,2,2022,1
24,80000,MORTGAGE,6.0,PERSONAL,A,16000,7.88,0,0.2,N,2,2022,0
22,35000,RENT,2.0,PERSONAL,B,12000,,1,0.34,N,2,2022,1
21,40000,OWN,1.0,EDUCATION,C,15000,13.16,0,0.38,N,2,2022,0
24,35000,RENT,1.0,VENTURE,A,12000,6.54,1,0.34,N,2,2022,1
26,35000,RENT,0.0,EDUCATION,C,12000,10.91,1,0.34,Y,2,2022,1
26,80000,MORTGAGE,5.0,DEBTCONSOLIDATION,A,7000,7.51,0,0.09,N,2,2022,0
22,36000,RENT,6.0,VENTURE,B,12000,11.49,1,0.33,N,2,2022,1
24,80000,MORTGAGE,8.0,EDUCATION,B,18000,10.62,0,0.23,N,2,2022,0
26,80000,MORTGAGE,10.0,EDUCATION,D,15000,16.07,0,0.19,N,2,2022,0
26,62900,OWN,4.0,MEDICAL,E,24250,,1,0.33,Y,2,2022,1
22,31200,RENT,7.0,EDUCATION,B,12000,10.99,1,0.38,N,2,2022,1
25,80000,MORTGAGE,5.0,DEBTCONSOLIDATION,A,8500,7.51,0,0.11,N,2,2022,0
24,80000,MORTGAGE,0.0,MEDICAL,C,25000,,0,0.31,Y,2,2022,0
22,37392,RENT,1.0,EDUCATION,B,12000,10.62,1,0.32,N,2,2022,1
22,80000,MORTGAGE,6.0,PERSONAL,A,5000,7.14,0,0.06,N,2,2022,0
21,32000,RENT,6.0,MEDICAL,D,12000,,1,0.38,Y,2,2022,1
23,38000,RENT,7.0,PERSONAL,B,12000,11.71,1,0.32,N,2,2022,1
22,62900,MORTGAGE,6.0,MEDICAL,E,12000,16.35,1,0.16,Y,2,2022,1
25,80000,MORTGAGE,10.0,EDUCATION,D,25000,15.31,0,0.31,N,2,2022,0
24,80000,OWN,0.0,VENTURE,A,5500,8.94,0,0.07,N,2,2022,0
25,38340,RENT,9.0,MEDICAL,B,12000,11.71,1,0.31,N,2,2022,1
23,80000,MORTGAGE,7.0,PERSONAL,B,8500,11.14,0,0.11,N,2,2022,0
23,74000,MORTGAGE,4.0,HOMEIMPROVEMENT,B,25000,12.18,1,0.34,N,2,2022,1
26,80000,OWN,5.0,PERSONAL,C,7000,13.22,0,0.09,Y,2,2022,0
26,38400,RENT,0.0,MEDICAL,A,12000,5.99,1,0.31,N,2,2022,1
25,39600,RENT,2.0,MEDICAL,B,12000,10.99,0,0.3,N,2,2022,0
25,39779,RENT,8.0,VENTURE,A,12000,5.79,0,0.3,N,2,2022,0
23,80000,MORTGAGE,7.0,EDUCATION,B,17000,12.21,0,0.21,N,2,2022,0
22,80000,MORTGAGE,0.0,DEBTCONSOLIDATION,A,10000,8.32,0,0.13,N,2,2022,0
23,39996,RENT,6.0,PERSONAL,B,12000,9.63,0,0.3,N,2,2022,0
24,80000,OWN,8.0,MEDICAL,B,20000,9.51,0,0.25,N,2,2022,0
22,74000,MORTGAGE,6.0,HOMEIMPROVEMENT,C,11200,,1,0.15,Y,2,2022,1
24,40000,RENT,6.0,MEDICAL,C,12000,13.49,0,0.3,N,2,2022,0
26,40000,RENT,2.0,MEDICAL,A,12000,7.51,0,0.3,N,2,2022,0
22,40000,RENT,2.0,DEBTCONSOLIDATION,B,12000,10.99,0,0.3,N,2,2022,0
26,40000,RENT,2.0,MEDICAL,A,12000,7.88,0,0.3,N,2,2022,0
23,80004,MORTGAGE,2.0,VENTURE,B,19000,10.62,0,0.24,N,2,2022,0
26,40000,RENT,1.0,PERSONAL,B,12000,11.58,0,0.3,N,2,2022,0
23,40100,RENT,7.0,MEDICAL,B,12000,9.91,0,0.3,N,2,2022,0
25,80140,MORTGAGE,4.0,DEBTCONSOLIDATION,B,11300,10.37,0,0.14,N,2,2022,0
26,40800,RENT,2.0,PERSONAL,A,12000,,0,0.29,N,2,2022,0
23,42000,RENT,4.0,EDUCATION,C,12000,13.49,0,0.29,N,2,2022,0
22,74500,MORTGAGE,6.0,DEBTCONSOLIDATION,D,7500,13.17,1,0.1,N,2,2022,1
24,80689,MORTGAGE,1.0,DEBTCONSOLIDATION,C,16000,13.22,0,0.2,Y,2,2022,0
26,80730,MORTGAGE,7.0,HOMEIMPROVEMENT,A,9600,7.29,0,0.12,N,2,2022,0
21,42000,RENT,0.0,EDUCATION,C,12000,13.23,0,0.29,N,2,2022,0
23,80832,OWN,0.0,MEDICAL,D,15000,15.65,0,0.19,N,2,2022,0
26,81000,MORTGAGE,10.0,DEBTCONSOLIDATION,A,10750,8.49,0,0.13,N,2,2022,0
24,42500,RENT,9.0,PERSONAL,B,12000,11.36,0,0.28,N,2,2022,0
25,42900,RENT,5.0,EDUCATION,A,12000,8.9,0,0.28,N,2,2022,0
25,43000,RENT,1.0,VENTURE,C,12000,13.16,0,0.28,Y,2,2022,0
25,81000,OWN,9.0,VENTURE,D,12000,,0,0.15,Y,2,2022,0
26,43680,RENT,0.0,PERSONAL,B,12000,10.37,0,0.27,N,2,2022,0
22,81000,MORTGAGE,6.0,EDUCATION,B,24000,9.88,0,0.3,N,2,2022,0
22,44160,RENT,7.0,VENTURE,D,12000,13.24,0,0.27,Y,2,2022,0
22,44412,RENT,3.0,PERSONAL,C,12000,13.11,0,0.27,Y,2,2022,0
25,81000,MORTGAGE,2.0,MEDICAL,B,5200,10.95,0,0.06,N,2,2022,0
24,81100,MORTGAGE,8.0,PERSONAL,B,3200,,0,0.04,N,2,2022,0
25,39000,OWN,2.0,HOMEIMPROVEMENT,D,4400,14.84,0,0.11,N,2,2022,0
22,45000,RENT,6.0,EDUCATION,A,12000,6.62,0,0.27,N,2,2022,0
25,39000,OWN,3.0,MEDICAL,B,3600,11.86,0,0.09,N,2,2022,0
22,81400,MORTGAGE,4.0,MEDICAL,B,8500,,0,0.1,N,2,2022,0
22,81500,MORTGAGE,6.0,PERSONAL,A,20000,6.54,0,0.25,N,2,2022,0
23,39000,OWN,7.0,MEDICAL,B,3000,10.62,0,0.08,N,2,2022,0
25,81600,MORTGAGE,10.0,HOMEIMPROVEMENT,B,20000,12.18,0,0.25,N,2,2022,0
22,81800,MORTGAGE,6.0,EDUCATION,A,2500,6.39,0,0.03,N,2,2022,0
21,39760,RENT,0.0,PERSONAL,D,12000,16.07,1,0.3,Y,2,2022,1
26,82000,MORTGAGE,5.0,EDUCATION,C,1000,14.27,0,0.01,Y,2,2022,0
26,82000,MORTGAGE,5.0,PERSONAL,A,19075,7.9,0,0.23,N,2,2022,0
23,82000,MORTGAGE,7.0,PERSONAL,D,9000,,0,0.11,Y,2,2022,0
25,82000,MORTGAGE,3.0,HOMEIMPROVEMENT,B,15000,10.37,0,0.18,N,2,2022,0
25,47000,RENT,2.0,MEDICAL,C,12000,15.96,0,0.26,Y,2,2022,0
23,82000,MORTGAGE,5.0,PERSONAL,B,9600,10.0,0,0.12,N,2,2022,0
25,47000,RENT,3.0,MEDICAL,B,12000,10.37,0,0.26,N,2,2022,0
23,82000,MORTGAGE,0.0,MEDICAL,A,14400,,0,0.18,N,2,2022,0
22,82000,MORTGAGE,6.0,EDUCATION,B,10750,9.25,0,0.13,N,2,2022,0
23,76000,MORTGAGE,8.0,DEBTCONSOLIDATION,B,6000,11.49,1,0.08,N,2,2022,1
26,38400,OWN,,HOMEIMPROVEMENT,B,7000,12.69,0,0.18,N,2,2022,0
23,48000,RENT,3.0,PERSONAL,A,12000,6.03,0,0.25,N,2,2022,0
25,48000,RENT,0.0,MEDICAL,C,12000,13.49,0,0.25,Y,2,2022,0
22,82000,MORTGAGE,6.0,DEBTCONSOLIDATION,C,10000,12.87,0,0.12,Y,2,2022,0
26,82000,MORTGAGE,1.0,HOMEIMPROVEMENT,C,20000,13.57,0,0.24,N,2,2022,0
22,82000,MORTGAGE,6.0,DEBTCONSOLIDATION,C,6000,,0,0.07,N,2,2022,0
26,76000,MORTGAGE,10.0,DEBTCONSOLIDATION,E,7200,16.35,1,0.09,Y,2,2022,1
26,82000,MORTGAGE,1.0,VENTURE,C,5000,13.47,0,0.06,Y,2,2022,0
23,54000,RENT,0.0,DEBTCONSOLIDATION,B,12000,12.42,1,0.22,N,2,2022,1
23,60000,RENT,2.0,DEBTCONSOLIDATION,B,12000,12.69,0,0.2,N,2,2022,0
26,82305,MORTGAGE,10.0,DEBTCONSOLIDATION,A,18600,6.99,0,0.23,N,2,2022,0
26,60000,RENT,5.0,DEBTCONSOLIDATION,A,12000,6.62,0,0.2,N,2,2022,0
25,60000,RENT,9.0,EDUCATION,A,12000,7.9,0,0.2,N,2,2022,0
23,60000,RENT,0.0,PERSONAL,A,12000,7.88,0,0.2,N,2,2022,0
22,60000,RENT,2.0,EDUCATION,B,12000,10.99,0,0.2,N,2,2022,0
21,83000,MORTGAGE,3.0,VENTURE,A,14000,8.49,0,0.17,N,2,2022,0
24,60000,RENT,5.0,MEDICAL,A,12000,9.63,0,0.2,N,2,2022,0
24,60000,RENT,0.0,PERSONAL,B,12000,12.21,0,0.2,N,2,2022,0
25,83000,MORTGAGE,9.0,HOMEIMPROVEMENT,B,13000,10.99,0,0.16,N,2,2022,0
23,38376,OWN,,VENTURE,C,8400,13.8,0,0.22,Y,2,2022,0
23,60000,RENT,3.0,PERSONAL,A,12000,9.63,0,0.2,N,2,2022,0
22,38272,OWN,6.0,MEDICAL,B,4800,9.99,0,0.13,N,2,2022,0
23,83000,MORTGAGE,7.0,EDUCATION,B,1500,11.12,0,0.02,N,2,2022,0
24,60500,RENT,9.0,EDUCATION,D,12000,16.49,0,0.2,N,2,2022,0
21,83000,MORTGAGE,5.0,VENTURE,C,7000,12.73,0,0.08,Y,2,2022,0
23,23500,RENT,4.0,EDUCATION,C,3000,13.23,0,0.13,Y,2,2022,0
23,83004,MORTGAGE,7.0,VENTURE,C,3500,12.61,0,0.04,Y,2,2022,0
22,83004,MORTGAGE,6.0,EDUCATION,A,24000,7.88,0,0.29,N,2,2022,0
24,83004,MORTGAGE,6.0,DEBTCONSOLIDATION,B,25000,,0,0.3,N,2,2022,0
24,38004,OWN,3.0,EDUCATION,C,3000,13.35,0,0.08,Y,2,2022,0
23,77200,MORTGAGE,4.0,EDUCATION,C,22000,13.23,1,0.28,N,2,2022,1
26,83500,MORTGAGE,0.0,MEDICAL,A,6500,8.59,0,0.08,N,2,2022,0
24,25000,RENT,3.0,MEDICAL,B,3000,10.95,0,0.12,N,2,2022,0
24,25000,RENT,3.0,EDUCATION,A,3000,8.32,0,0.12,N,2,2022,0
23,84000,MORTGAGE,7.0,EDUCATION,A,16000,6.03,0,0.19,N,2,2022,0
24,26400,RENT,7.0,MEDICAL,A,3000,,0,0.11,N,2,2022,0
23,26880,RENT,6.0,DEBTCONSOLIDATION,C,3000,12.23,0,0.11,Y,2,2022,0
24,27000,RENT,0.0,VENTURE,B,3000,11.14,0,0.11,N,2,2022,0
25,84000,MORTGAGE,9.0,VENTURE,B,5000,10.99,0,0.06,N,2,2022,0
22,27996,RENT,4.0,MEDICAL,A,3000,,0,0.11,N,2,2022,0
23,84000,MORTGAGE,7.0,EDUCATION,B,23000,11.99,0,0.27,N,2,2022,0
24,84000,MORTGAGE,8.0,EDUCATION,B,18000,9.99,0,0.21,N,2,2022,0
25,28800,RENT,2.0,DEBTCONSOLIDATION,B,3000,12.42,0,0.1,N,2,2022,0
22,84000,MORTGAGE,5.0,PERSONAL,A,10000,,0,0.12,N,2,2022,0
26,84000,MORTGAGE,5.0,EDUCATION,C,21000,13.49,0,0.25,Y,2,2022,0
23,84000,MORTGAGE,4.0,DEBTCONSOLIDATION,A,7000,6.92,0,0.08,N,2,2022,0
25,29000,RENT,0.0,HOMEIMPROVEMENT,F,3000,20.25,1,0.1,Y,2,2022,1
22,84000,MORTGAGE,6.0,DEBTCONSOLIDATION,A,7200,5.79,0,0.09,N,2,2022,0
24,84000,MORTGAGE,8.0,HOMEIMPROVEMENT,A,8000,7.51,0,0.1,N,2,2022,0
23,62000,RENT,8.0,DEBTCONSOLIDATION,A,12000,5.79,0,0.19,N,2,2022,0
23,84000,MORTGAGE,7.0,PERSONAL,B,25000,10.25,0,0.3,N,2,2022,0
25,62204,RENT,3.0,VENTURE,D,12000,14.11,0,0.19,Y,2,2022,0
23,84000,MORTGAGE,7.0,VENTURE,B,25000,12.53,0,0.3,N,2,2022,0
24,78000,MORTGAGE,0.0,PERSONAL,B,15000,,1,0.19,N,2,2022,1
23,78000,MORTGAGE,1.0,VENTURE,C,8000,12.87,1,0.1,N,2,2022,1
26,84000,MORTGAGE,6.0,HOMEIMPROVEMENT,C,2150,13.47,0,0.03,N,2,2022,0
22,84000,MORTGAGE,6.0,DEBTCONSOLIDATION,A,7500,8.63,0,0.09,N,2,2022,0
23,84000,MORTGAGE,2.0,EDUCATION,D,20000,12.61,0,0.24,Y,2,2022,0
23,63250,RENT,1.0,EDUCATION,B,12000,,0,0.19,N,2,2022,0
23,64000,RENT,0.0,PERSONAL,C,12000,13.16,0,0.19,N,2,2022,0
23,84554,MORTGAGE,3.0,DEBTCONSOLIDATION,A,3600,6.03,0,0.04,N,2,2022,0
26,64404,RENT,3.0,EDUCATION,B,12000,11.89,0,0.19,N,2,2022,0
24,65000,RENT,5.0,DEBTCONSOLIDATION,A,12000,8.9,0,0.18,N,2,2022,0
24,84996,OWN,4.0,PERSONAL,D,8000,15.57,0,0.09,Y,2,2022,0
23,84996,MORTGAGE,0.0,EDUCATION,C,16750,14.35,0,0.2,N,2,2022,0
24,59000,RENT,5.0,MEDICAL,D,12000,15.28,1,0.2,Y,2,2022,1
25,84996,MORTGAGE,3.0,VENTURE,A,3000,,0,0.04,N,2,2022,0
22,84996,OTHER,3.0,DEBTCONSOLIDATION,B,15000,11.48,0,0.18,N,2,2022,0
22,65400,RENT,1.0,EDUCATION,C,12000,13.06,0,0.18,N,2,2022,0
23,66000,RENT,7.0,EDUCATION,C,12000,14.65,0,0.18,Y,2,2022,0
26,66000,RENT,3.0,MEDICAL,B,12000,11.83,0,0.18,N,2,2022,0
25,62500,RENT,2.0,VENTURE,D,12000,16.77,1,0.19,N,2,2022,1
24,85000,MORTGAGE,8.0,VENTURE,A,15000,7.9,0,0.18,N,2,2022,0
22,85000,MORTGAGE,0.0,EDUCATION,C,20000,13.49,0,0.24,Y,2,2022,0
24,69500,RENT,8.0,PERSONAL,B,12000,10.65,0,0.17,N,2,2022,0
25,70000,RENT,9.0,VENTURE,A,12000,8.9,0,0.17,N,2,2022,0
23,70000,RENT,3.0,VENTURE,A,12000,7.9,0,0.17,N,2,2022,0
22,85000,MORTGAGE,,VENTURE,A,15000,6.03,0,0.18,N,2,2022,0
25,70000,RENT,0.0,EDUCATION,B,12000,11.99,0,0.17,N,2,2022,0
22,73000,MORTGAGE,6.0,HOMEIMPROVEMENT,C,6000,13.49,1,0.08,Y,2,2022,1
22,64000,RENT,7.0,EDUCATION,C,12000,12.87,1,0.19,Y,2,2022,1
23,70000,RENT,4.0,MEDICAL,A,12000,,0,0.17,N,2,2022,0
24,85000,MORTGAGE,8.0,PERSONAL,A,35000,,0,0.41,N,2,2022,0
22,85000,MORTGAGE,6.0,PERSONAL,A,12500,,0,0.15,N,2,2022,0
24,85000,MORTGAGE,2.0,PERSONAL,C,7500,13.99,0,0.09,Y,2,2022,0
24,85000,MORTGAGE,7.0,VENTURE,A,12000,5.99,0,0.14,N,2,2022,0
23,85000,MORTGAGE,6.0,EDUCATION,B,10000,10.99,0,0.12,N,2,2022,0
22,85000,MORTGAGE,3.0,PERSONAL,A,10000,5.99,0,0.12,N,2,2022,0
25,66000,RENT,9.0,PERSONAL,D,12000,16.89,1,0.18,N,2,2022,1
24,85000,OWN,2.0,EDUCATION,B,27500,11.99,0,0.32,N,2,2022,0
26,85000,MORTGAGE,10.0,EDUCATION,A,4650,8.49,0,0.05,N,2,2022,0
21,72100,RENT,6.0,PERSONAL,A,12000,5.79,0,0.17,N,2,2022,0
25,85000,MORTGAGE,10.0,VENTURE,B,16000,10.99,0,0.19,N,2,2022,0
25,85000,MORTGAGE,6.0,DEBTCONSOLIDATION,C,1500,13.06,0,0.02,N,2,2022,0
24,85000,OWN,4.0,HOMEIMPROVEMENT,D,6250,14.91,0,0.07,N,2,2022,0
26,85000,MORTGAGE,0.0,VENTURE,B,20000,10.37,0,0.24,N,2,2022,0
22,85000,MORTGAGE,6.0,EDUCATION,A,10000,,0,0.12,N,2,2022,0
23,85000,MORTGAGE,,EDUCATION,B,24000,10.74,0,0.28,N,2,2022,0
23,85000,MORTGAGE,3.0,EDUCATION,B,15000,10.0,0,0.18,N,2,2022,0
23,85000,MORTGAGE,2.0,EDUCATION,A,5000,5.42,0,0.06,N,2,2022,0
26,41004,RENT,2.0,MEDICAL,B,3000,11.14,0,0.07,N,2,2022,0
22,42000,RENT,6.0,DEBTCONSOLIDATION,B,3000,12.69,0,0.07,N,2,2022,0
24,73000,MORTGAGE,9.0,EDUCATION,E,25000,16.32,1,0.34,N,2,2022,1
25,85000,MORTGAGE,0.0,EDUCATION,A,14000,5.79,0,0.16,N,2,2022,0
26,85000,MORTGAGE,3.0,DEBTCONSOLIDATION,B,4000,9.25,0,0.05,N,2,2022,0
22,85000,MORTGAGE,6.0,EDUCATION,C,5000,12.61,0,0.06,N,2,2022,0
22,42000,RENT,6.0,PERSONAL,B,3000,11.49,0,0.07,N,2,2022,0
25,85000,MORTGAGE,4.0,HOMEIMPROVEMENT,A,5000,6.17,0,0.06,N,2,2022,0
22,85000,MORTGAGE,2.0,VENTURE,A,6000,7.88,0,0.07,N,2,2022,0
23,85000,MORTGAGE,8.0,DEBTCONSOLIDATION,C,5000,14.35,0,0.06,Y,2,2022,0
25,85000,MORTGAGE,7.0,PERSONAL,A,2000,,0,0.02,N,2,2022,0
23,42000,RENT,5.0,EDUCATION,E,3000,17.93,0,0.07,Y,2,2022,0
25,85000,MORTGAGE,9.0,VENTURE,A,4000,7.88,0,0.05,N,2,2022,0
26,42000,RENT,10.0,MEDICAL,B,3000,11.83,0,0.07,N,2,2022,0
24,85000,MORTGAGE,2.0,HOMEIMPROVEMENT,B,7500,,0,0.09,N,2,2022,0
23,85000,MORTGAGE,5.0,EDUCATION,A,8000,7.14,0,0.09,N,2,2022,0
21,85000,MORTGAGE,5.0,EDUCATION,B,25000,10.99,0,0.29,N,2,2022,0
23,36000,RENT,0.0,EDUCATION,C,3000,12.29,1,0.08,N,2,2022,1
22,42224,RENT,6.0,DEBTCONSOLIDATION,C,3000,13.48,0,0.07,Y,2,2022,0
23,85000,OWN,3.0,MEDICAL,D,15000,15.33,0,0.18,Y,2,2022,0
25,42264,RENT,3.0,DEBTCONSOLIDATION,B,3000,10.71,0,0.07,N,2,2022,0
25,68500,RENT,4.0,EDUCATION,C,12000,13.16,1,0.18,Y,2,2022,1
23,75000,RENT,3.0,EDUCATION,C,12000,14.27,0,0.16,Y,2,2022,0
26,85000,OWN,10.0,EDUCATION,B,10000,12.18,0,0.12,N,2,2022,0
22,75000,RENT,6.0,PERSONAL,C,12000,13.49,0,0.16,N,2,2022,0
24,75000,RENT,0.0,VENTURE,A,12000,6.62,0,0.16,N,2,2022,0
24,85000,MORTGAGE,1.0,DEBTCONSOLIDATION,A,4400,7.4,0,0.05,N,2,2022,0
22,75000,RENT,6.0,EDUCATION,A,12000,,0,0.16,N,2,2022,0
23,75000,RENT,2.0,PERSONAL,C,12000,12.98,0,0.16,Y,2,2022,0
23,73000,OTHER,1.0,PERSONAL,F,25000,17.9,1,0.34,N,2,2022,1
25,85000,MORTGAGE,9.0,PERSONAL,A,1000,9.32,0,0.01,N,2,2022,0
22,62050,MORTGAGE,1.0,MEDICAL,D,6000,14.74,1,0.08,N,2,2022,1
21,75000,RENT,5.0,PERSONAL,C,12000,12.09,0,0.16,Y,2,2022,0
26,77000,RENT,2.0,DEBTCONSOLIDATION,B,12000,11.71,0,0.16,N,2,2022,0
24,73000,MORTGAGE,8.0,HOMEIMPROVEMENT,C,9325,12.53,1,0.13,N,2,2022,1
25,85000,OWN,1.0,HOMEIMPROVEMENT,C,5000,13.79,0,0.06,Y,2,2022,0
26,78000,RENT,4.0,DEBTCONSOLIDATION,A,12000,7.14,0,0.15,N,2,2022,0
25,78000,RENT,6.0,HOMEIMPROVEMENT,B,12000,12.53,0,0.15,N,2,2022,0
25,78500,RENT,2.0,MEDICAL,B,12000,10.99,0,0.15,N,2,2022,0
26,85000,MORTGAGE,10.0,HOMEIMPROVEMENT,C,4800,11.59,0,0.06,Y,2,2022,0
23,85000,MORTGAGE,7.0,DEBTCONSOLIDATION,A,7000,8.63,0,0.08,N,2,2022,0
23,73500,RENT,1.0,VENTURE,C,12000,12.99,1,0.16,N,2,2022,1
24,80000,RENT,5.0,VENTURE,B,12000,9.91,0,0.15,N,2,2022,0
23,85000,MORTGAGE,6.0,EDUCATION,D,9000,12.36,0,0.11,Y,2,2022,0
24,80000,RENT,5.0,MEDICAL,B,12000,12.69,0,0.15,N,2,2022,0
23,80000,RENT,5.0,MEDICAL,B,12000,12.42,0,0.15,N,2,2022,0
24,62900,RENT,8.0,MEDICAL,D,12000,15.62,1,0.16,Y,2,2022,1
24,85500,MORTGAGE,8.0,EDUCATION,B,20675,10.0,0,0.24,N,2,2022,0
21,85800,MORTGAGE,5.0,VENTURE,B,18900,,0,0.22,N,2,2022,0
20,85920,MORTGAGE,3.0,DEBTCONSOLIDATION,A,12000,8.49,0,0.14,N,2,2022,0
22,86000,MORTGAGE,4.0,PERSONAL,A,24000,7.51,0,0.28,N,2,2022,0
23,86000,MORTGAGE,2.0,PERSONAL,A,15000,6.03,0,0.17,N,2,2022,0
25,74000,RENT,0.0,VENTURE,D,12000,14.11,1,0.16,Y,2,2022,1
22,86000,MORTGAGE,6.0,EDUCATION,B,10000,11.49,0,0.12,N,2,2022,0
25,86000,MORTGAGE,3.0,EDUCATION,A,8000,7.29,0,0.09,N,2,2022,0
26,86000,MORTGAGE,10.0,VENTURE,B,5000,11.12,0,0.06,N,2,2022,0
25,62903,MORTGAGE,9.0,MEDICAL,B,3000,10.65,1,0.04,N,2,2022,1
26,84000,RENT,10.0,EDUCATION,B,12000,,0,0.14,N,2,2022,0
24,84000,RENT,1.0,PERSONAL,A,12000,6.91,0,0.14,N,2,2022,0
23,86250,MORTGAGE,5.0,VENTURE,A,20000,6.91,0,0.23,N,2,2022,0
23,74400,MORTGAGE,3.0,HOMEIMPROVEMENT,A,9000,7.66,1,0.12,N,2,2022,1
22,86400,MORTGAGE,6.0,PERSONAL,C,24000,13.85,0,0.28,N,2,2022,0
26,86604,MORTGAGE,5.0,HOMEIMPROVEMENT,A,4300,7.66,0,0.05,N,2,2022,0
24,86610,MORTGAGE,7.0,EDUCATION,C,8750,12.72,0,0.1,Y,2,2022,0
23,86670,MORTGAGE,4.0,PERSONAL,B,20000,12.53,0,0.23,N,2,2022,0
25,85000,RENT,1.0,EDUCATION,A,12000,,0,0.14,N,2,2022,0
24,87000,MORTGAGE,1.0,VENTURE,A,4000,6.03,0,0.05,N,2,2022,0
23,85000,RENT,3.0,MEDICAL,A,12000,,0,0.14,N,2,2022,0
25,73000,RENT,2.0,VENTURE,E,12000,,1,0.16,N,2,2022,1
24,87000,MORTGAGE,7.0,VENTURE,B,15000,,0,0.17,N,2,2022,0
23,85000,RENT,1.0,MEDICAL,A,12000,9.63,0,0.14,N,2,2022,0
21,85000,RENT,1.0,VENTURE,C,12000,11.97,0,0.14,N,2,2022,0
26,86004,RENT,0.0,EDUCATION,C,12000,12.99,0,0.14,N,2,2022,0
23,87000,MORTGAGE,5.0,DEBTCONSOLIDATION,C,15000,14.35,0,0.17,N,2,2022,0
23,87000,MORTGAGE,0.0,EDUCATION,C,12000,12.73,0,0.14,Y,2,2022,0
26,88000,RENT,10.0,PERSONAL,B,12000,12.42,0,0.14,N,2,2022,0
26,87000,MORTGAGE,9.0,DEBTCONSOLIDATION,C,25000,12.73,0,0.29,N,2,2022,0
26,87000,MORTGAGE,0.0,DEBTCONSOLIDATION,B,15000,10.62,0,0.17,N,2,2022,0
24,87000,MORTGAGE,7.0,HOMEIMPROVEMENT,B,25000,10.99,0,0.29,N,2,2022,0
23,87000,MORTGAGE,2.0,PERSONAL,D,25000,14.96,0,0.29,Y,2,2022,0
25,87000,OWN,5.0,EDUCATION,D,5500,14.61,0,0.06,N,2,2022,0
24,90000,RENT,4.0,PERSONAL,B,12000,9.91,0,0.13,N,2,2022,0
23,87000,MORTGAGE,0.0,PERSONAL,C,7500,11.28,0,0.09,Y,2,2022,0
23,36000,OWN,,EDUCATION,A,5500,5.42,0,0.15,N,2,2022,0
24,87278,MORTGAGE,3.0,VENTURE,A,12000,5.42,0,0.14,N,2,2022,0
21,87500,OWN,5.0,EDUCATION,C,12000,,0,0.14,N,2,2022,0
22,90000,RENT,7.0,VENTURE,A,12000,5.79,0,0.13,N,2,2022,0
23,87500,MORTGAGE,2.0,PERSONAL,B,1600,9.88,0,0.02,N,2,2022,0
26,87500,OTHER,3.0,VENTURE,D,7500,15.05,0,0.09,Y,2,2022,0
21,87547,MORTGAGE,2.0,EDUCATION,A,12000,5.99,0,0.14,N,2,2022,0
24,87600,MORTGAGE,8.0,EDUCATION,A,3000,5.99,0,0.03,N,2,2022,0
24,87663,MORTGAGE,5.0,HOMEIMPROVEMENT,B,14400,,0,0.16,N,2,2022,0
24,88000,MORTGAGE,4.0,MEDICAL,B,6000,9.91,0,0.07,N,2,2022,0
23,88000,MORTGAGE,7.0,MEDICAL,C,12000,,0,0.14,Y,2,2022,0
23,88000,MORTGAGE,1.0,VENTURE,B,15000,12.42,0,0.17,N,2,2022,0
24,92004,RENT,8.0,VENTURE,D,12000,14.46,0,0.13,Y,2,2022,0
23,88000,MORTGAGE,7.0,MEDICAL,C,18150,12.68,0,0.21,N,2,2022,0
24,88000,MORTGAGE,8.0,HOMEIMPROVEMENT,D,25000,14.54,0,0.28,N,2,2022,0
26,88000,MORTGAGE,10.0,HOMEIMPROVEMENT,A,3800,6.54,0,0.04,N,2,2022,0
26,88000,MORTGAGE,10.0,EDUCATION,A,10000,7.88,0,0.11,N,2,2022,0
23,88000,MORTGAGE,8.0,EDUCATION,A,10000,7.51,0,0.11,N,2,2022,0
23,88000,MORTGAGE,7.0,MEDICAL,A,10000,8.94,0,0.11,N,2,2022,0
22,88200,MORTGAGE,6.0,DEBTCONSOLIDATION,A,21000,6.17,0,0.24,N,2,2022,0
23,76268,MORTGAGE,7.0,DEBTCONSOLIDATION,B,15000,11.89,1,0.2,N,2,2022,1
24,88494,OWN,8.0,MEDICAL,B,24000,,0,0.27,N,2,2022,0
24,100000,RENT,5.0,HOMEIMPROVEMENT,A,12000,7.9,0,0.12,N,2,2022,0
25,88668,MORTGAGE,2.0,MEDICAL,A,3000,6.62,0,0.03,N,2,2022,0
23,76800,MORTGAGE,0.0,EDUCATION,F,7200,20.89,1,0.09,N,2,2022,1
25,76800,MORTGAGE,9.0,DEBTCONSOLIDATION,D,15000,14.96,1,0.2,N,2,2022,1
22,88812,MORTGAGE,6.0,EDUCATION,D,29000,15.65,0,0.33,N,2,2022,0
25,89000,MORTGAGE,9.0,MEDICAL,A,14000,7.49,0,0.16,N,2,2022,0
25,77000,MORTGAGE,9.0,HOMEIMPROVEMENT,D,14500,15.95,1,0.19,Y,2,2022,1
26,89000,MORTGAGE,10.0,HOMEIMPROVEMENT,B,8000,10.99,0,0.09,N,2,2022,0
23,105000,RENT,0.0,EDUCATION,C,12000,12.61,0,0.11,N,2,2022,0
25,93000,RENT,0.0,DEBTCONSOLIDATION,D,12000,13.12,1,0.13,N,2,2022,1
24,110000,RENT,5.0,PERSONAL,A,12000,7.9,0,0.11,N,2,2022,0
25,110000,RENT,8.0,HOMEIMPROVEMENT,C,12000,12.23,0,0.11,Y,2,2022,0
26,110000,RENT,2.0,HOMEIMPROVEMENT,A,12000,7.88,0,0.11,N,2,2022,0
26,110000,RENT,4.0,VENTURE,B,12000,,0,0.11,N,2,2022,0
26,89018,MORTGAGE,7.0,EDUCATION,C,5800,11.97,0,0.07,Y,2,2022,0
21,111016,RENT,5.0,PERSONAL,C,12000,13.11,0,0.11,N,2,2022,0
24,113000,RENT,4.0,DEBTCONSOLIDATION,A,12000,7.49,0,0.11,N,2,2022,0
22,119000,RENT,2.0,DEBTCONSOLIDATION,B,12000,10.36,0,0.1,N,2,2022,0
22,89800,MORTGAGE,6.0,DEBTCONSOLIDATION,B,20000,12.53,0,0.22,N,2,2022,0
25,120000,RENT,3.0,PERSONAL,B,12000,9.01,0,0.1,N,2,2022,0
25,123000,RENT,0.0,EDUCATION,A,12000,9.63,0,0.1,N,2,2022,0
25,123144,RENT,2.0,MEDICAL,B,12000,10.75,0,0.1,N,2,2022,0
25,36000,OWN,0.0,VENTURE,B,2400,12.21,0,0.07,N,2,2022,0
23,36000,OWN,2.0,MEDICAL,C,12000,12.53,0,0.33,N,2,2022,0
25,90000,MORTGAGE,2.0,MEDICAL,B,15000,12.42,0,0.17,N,2,2022,0
26,130000,RENT,5.0,EDUCATION,C,12000,14.22,0,0.09,Y,2,2022,0
25,90000,MORTGAGE,9.0,HOMEIMPROVEMENT,B,18000,9.91,0,0.2,N,2,2022,0
26,136000,RENT,2.0,PERSONAL,C,12000,14.72,0,0.09,Y,2,2022,0
22,78000,MORTGAGE,6.0,HOMEIMPROVEMENT,D,25000,16.77,1,0.32,N,2,2022,1
25,90000,MORTGAGE,9.0,PERSONAL,A,3600,7.9,0,0.04,N,2,2022,0
24,125375,RENT,0.0,MEDICAL,C,12000,14.27,1,0.08,N,2,2022,1
24,35556,OWN,9.0,EDUCATION,A,13000,5.79,0,0.37,N,2,2022,0
23,170000,RENT,7.0,EDUCATION,B,12000,11.11,0,0.07,N,2,2022,0
23,210000,RENT,,EDUCATION,B,12000,10.59,0,0.06,N,2,2022,0
25,225000,RENT,9.0,EDUCATION,D,12000,16.49,0,0.05,N,2,2022,0
22,90000,MORTGAGE,2.0,MEDICAL,B,7000,,0,0.08,N,2,2022,0
23,90000,MORTGAGE,7.0,MEDICAL,B,21000,12.42,0,0.23,N,2,2022,0
22,35400,OWN,6.0,EDUCATION,A,8000,6.03,0,0.23,N,2,2022,0
26,105000,RENT,1.0,HOMEIMPROVEMENT,B,12100,,0,0.12,N,2,2022,0
22,90000,MORTGAGE,6.0,PERSONAL,A,6400,5.99,0,0.07,N,2,2022,0
21,82100,RENT,3.0,PERSONAL,A,12200,6.03,0,0.15,N,2,2022,0
24,26000,RENT,1.0,MEDICAL,B,12250,11.49,1,0.47,N,2,2022,1
24,90000,MORTGAGE,0.0,DEBTCONSOLIDATION,C,8000,12.99,0,0.09,N,2,2022,0
23,90000,MORTGAGE,7.0,VENTURE,A,4900,6.99,0,0.05,N,2,2022,0
22,90000,MORTGAGE,6.0,EDUCATION,B,12000,10.99,0,0.13,N,2,2022,0
26,32000,RENT,4.0,DEBTCONSOLIDATION,A,12250,,1,0.38,N,2,2022,1
25,90000,MORTGAGE,9.0,PERSONAL,A,10000,5.42,0,0.11,N,2,2022,0
25,90000,MORTGAGE,6.0,DEBTCONSOLIDATION,A,15000,8.49,0,0.17,N,2,2022,0
24,36000,RENT,0.0,DEBTCONSOLIDATION,B,12250,11.49,1,0.34,N,2,2022,1
22,44000,RENT,0.0,MEDICAL,D,12250,15.99,1,0.28,Y,2,2022,1
26,90000,MORTGAGE,10.0,HOMEIMPROVEMENT,B,5175,11.99,0,0.06,N,2,2022,0
24,30000,RENT,1.0,EDUCATION,B,12300,10.74,1,0.41,N,2,2022,1
23,39000,RENT,7.0,MEDICAL,A,12300,,1,0.32,N,2,2022,1
25,90000,MORTGAGE,2.0,VENTURE,D,10000,15.28,0,0.11,Y,2,2022,0
24,90000,MORTGAGE,8.0,EDUCATION,C,35000,12.68,0,0.39,Y,2,2022,0
25,90000,MORTGAGE,4.0,VENTURE,B,10000,10.0,0,0.11,N,2,2022,0
24,90000,MORTGAGE,0.0,DEBTCONSOLIDATION,C,24000,13.06,0,0.27,Y,2,2022,0
25,36996,RENT,2.0,EDUCATION,E,12450,16.32,1,0.34,N,2,2022,1
26,40000,RENT,4.0,EDUCATION,A,12500,6.92,1,0.31,N,2,2022,1
22,90000,MORTGAGE,6.0,MEDICAL,B,6000,9.25,0,0.07,N,2,2022,0
22,90000,MORTGAGE,6.0,VENTURE,B,3500,9.25,0,0.04,N,2,2022,0
26,39000,RENT,5.0,MEDICAL,B,2800,10.0,0,0.07,N,2,2022,0
22,40000,RENT,0.0,EDUCATION,A,2800,7.49,0,0.07,N,2,2022,0
24,40000,RENT,8.0,MEDICAL,B,2800,10.25,0,0.07,N,2,2022,0
24,90000,MORTGAGE,8.0,DEBTCONSOLIDATION,C,19750,13.61,0,0.22,Y,2,2022,0
22,45000,RENT,1.0,PERSONAL,C,2800,13.49,0,0.06,Y,2,2022,0
24,50000,RENT,0.0,DEBTCONSOLIDATION,A,2800,5.79,0,0.06,N,2,2022,0
24,44000,RENT,5.0,PERSONAL,C,2800,14.17,1,0.06,N,2,2022,1
23,50000,RENT,4.0,MEDICAL,B,2800,11.86,0,0.06,N,2,2022,0
21,48000,RENT,5.0,PERSONAL,A,2800,8.9,1,0.06,N,2,2022,1
22,56000,RENT,4.0,VENTURE,D,2800,15.31,0,0.05,Y,2,2022,0
23,74000,RENT,7.0,VENTURE,D,2800,15.21,1,0.04,Y,2,2022,1
25,90000,MORTGAGE,9.0,DEBTCONSOLIDATION,B,15000,12.18,0,0.17,N,2,2022,0
23,18460,RENT,0.0,PERSONAL,A,2775,7.68,0,0.15,N,2,2022,0
23,16800,RENT,2.0,MEDICAL,D,2750,16.77,1,0.16,Y,2,2022,1
25,78000,MORTGAGE,9.0,DEBTCONSOLIDATION,D,8000,16.0,1,0.1,N,2,2022,1
22,90000,MORTGAGE,1.0,EDUCATION,C,2500,13.22,0,0.03,N,2,2022,0
24,31200,RENT,4.0,PERSONAL,B,2725,10.74,0,0.09,N,2,2022,0
22,90000,MORTGAGE,6.0,EDUCATION,B,20000,11.26,0,0.22,N,2,2022,0
23,78000,MORTGAGE,4.0,PERSONAL,B,15250,,1,0.2,N,2,2022,1
23,90000,MORTGAGE,1.0,DEBTCONSOLIDATION,C,1500,12.84,0,0.02,N,2,2022,0
23,90000,MORTGAGE,1.0,EDUCATION,E,15000,16.32,0,0.17,N,2,2022,0
23,24000,RENT,7.0,DEBTCONSOLIDATION,B,2700,10.75,1,0.11,N,2,2022,1
25,78000,MORTGAGE,7.0,VENTURE,C,9000,11.78,1,0.12,Y,2,2022,1
26,30000,RENT,2.0,EDUCATION,B,2700,10.75,0,0.09,N,2,2022,0
25,35000,RENT,2.0,EDUCATION,A,2700,7.88,0,0.08,N,2,2022,0
26,90000,OWN,2.0,VENTURE,A,9500,8.07,0,0.11,N,2,2022,0
25,51000,RENT,1.0,DEBTCONSOLIDATION,B,2700,9.7,0,0.05,N,2,2022,0
24,90730,MORTGAGE,6.0,HOMEIMPROVEMENT,B,8000,,0,0.09,N,2,2022,0
25,46200,RENT,1.0,DEBTCONSOLIDATION,F,2700,15.96,1,0.06,N,2,2022,1
24,90996,MORTGAGE,0.0,EDUCATION,B,8400,10.99,0,0.09,N,2,2022,0
21,90996,MORTGAGE,5.0,PERSONAL,B,6000,9.99,0,0.07,N,2,2022,0
23,46728,RENT,2.0,PERSONAL,B,2650,10.59,0,0.06,N,2,2022,0
22,91000,OWN,5.0,EDUCATION,A,15000,7.88,0,0.16,N,2,2022,0
24,79000,MORTGAGE,4.0,HOMEIMPROVEMENT,D,5000,15.33,1,0.06,N,2,2022,1
21,91000,MORTGAGE,5.0,VENTURE,B,20000,10.62,0,0.22,N,2,2022,0
24,16000,RENT,2.0,HOMEIMPROVEMENT,C,2600,,1,0.16,Y,2,2022,1
21,35000,OWN,2.0,MEDICAL,A,11000,7.88,0,0.31,N,2,2022,0
21,27000,RENT,3.0,PERSONAL,C,2600,13.22,0,0.1,Y,2,2022,0
24,91000,MORTGAGE,0.0,DEBTCONSOLIDATION,B,7500,10.39,0,0.08,N,2,2022,0
23,91000,MORTGAGE,7.0,DEBTCONSOLIDATION,C,7500,11.97,0,0.08,Y,2,2022,0
23,91092,MORTGAGE,2.0,PERSONAL,C,10000,13.43,0,0.11,N,2,2022,0
25,35000,OWN,9.0,PERSONAL,C,4000,13.11,0,0.11,N,2,2022,0
23,91200,MORTGAGE,7.0,DEBTCONSOLIDATION,B,3000,8.88,0,0.03,N,2,2022,0
22,91200,OWN,6.0,PERSONAL,B,5000,11.48,0,0.05,N,2,2022,0
22,91234,MORTGAGE,6.0,PERSONAL,B,12000,11.83,0,0.13,N,2,2022,0
23,35000,OWN,7.0,MEDICAL,B,10000,10.25,0,0.29,N,2,2022,0
21,91500,MORTGAGE,4.0,PERSONAL,C,8000,13.61,0,0.09,N,2,2022,0
23,92000,MORTGAGE,2.0,DEBTCONSOLIDATION,B,15000,9.91,0,0.16,N,2,2022,0
21,12960,RENT,2.0,VENTURE,B,2525,,1,0.19,N,2,2022,1
23,92000,MORTGAGE,5.0,EDUCATION,B,2400,12.69,0,0.03,N,2,2022,0
23,92000,MORTGAGE,7.0,EDUCATION,A,4800,7.49,0,0.05,N,2,2022,0
22,35000,OWN,6.0,MEDICAL,B,5000,11.14,0,0.14,N,2,2022,0
26,92000,OWN,3.0,HOMEIMPROVEMENT,B,22500,10.99,0,0.24,N,2,2022,0
21,42000,RENT,4.0,EDUCATION,A,12500,8.94,0,0.3,N,2,2022,0
26,68000,MORTGAGE,11.0,MEDICAL,D,25000,15.65,1,0.31,N,2,2022,1
23,92000,MORTGAGE,7.0,MEDICAL,C,18000,12.68,0,0.2,Y,2,2022,0
22,14400,RENT,2.0,PERSONAL,E,2500,,1,0.17,N,2,2022,1
24,92000,MORTGAGE,9.0,PERSONAL,E,25000,17.93,0,0.27,Y,2,2022,0
23,15600,RENT,3.0,EDUCATION,B,2500,10.65,1,0.16,N,2,2022,1
24,92000,OWN,4.0,MEDICAL,B,7200,9.88,0,0.08,N,2,2022,0
23,92000,MORTGAGE,7.0,VENTURE,E,10000,16.7,0,0.11,Y,2,2022,0
23,92000,MORTGAGE,7.0,PERSONAL,B,15000,11.26,0,0.16,N,2,2022,0
25,92000,MORTGAGE,9.0,MEDICAL,B,13000,11.26,0,0.14,N,2,2022,0
22,92000,OTHER,2.0,MEDICAL,C,6000,12.22,0,0.07,N,2,2022,0
23,92000,MORTGAGE,0.0,EDUCATION,B,12950,9.96,0,0.14,N,2,2022,0
21,18000,RENT,3.0,EDUCATION,A,2500,7.88,0,0.14,N,2,2022,0
26,80004,MORTGAGE,7.0,DEBTCONSOLIDATION,C,7500,15.23,1,0.09,Y,2,2022,1
22,18984,RENT,6.0,HOMEIMPROVEMENT,C,2500,14.22,1,0.13,Y,2,2022,1
25,80004,MORTGAGE,8.0,PERSONAL,A,6000,8.0,1,0.07,N,2,2022,1
26,80040,MORTGAGE,6.0,PERSONAL,A,10000,,1,0.12,N,2,2022,1
25,20000,RENT,2.0,PERSONAL,D,2500,15.7,1,0.13,N,2,2022,1
24,80400,MORTGAGE,8.0,PERSONAL,C,10000,11.66,1,0.12,N,2,2022,1
23,46000,RENT,1.0,EDUCATION,B,12500,11.11,0,0.27,N,2,2022,0
26,44000,RENT,4.0,HOMEIMPROVEMENT,G,12500,22.11,1,0.28,Y,2,2022,1
23,92500,MORTGAGE,5.0,EDUCATION,A,2500,,0,0.03,N,2,2022,0
22,50000,RENT,4.0,MEDICAL,A,12500,7.29,0,0.25,N,2,2022,0
25,92700,MORTGAGE,5.0,VENTURE,C,1500,14.65,0,0.02,Y,2,2022,0
26,92700,MORTGAGE,6.0,EDUCATION,B,1500,9.63,0,0.02,N,2,2022,0
24,34800,OWN,8.0,VENTURE,B,1700,10.38,0,0.05,N,2,2022,0
22,34800,OWN,4.0,MEDICAL,C,7350,14.22,0,0.21,N,2,2022,0
26,34656,OWN,2.0,PERSONAL,A,5500,7.51,0,0.16,N,2,2022,0
25,93000,MORTGAGE,1.0,VENTURE,A,12000,6.62,0,0.13,N,2,2022,0
24,54996,RENT,0.0,MEDICAL,C,12500,12.87,0,0.23,N,2,2022,0
26,93000,MORTGAGE,0.0,DEBTCONSOLIDATION,A,8000,6.99,0,0.09,N,2,2022,0
24,60000,RENT,4.0,EDUCATION,B,12500,11.49,0,0.21,N,2,2022,0
25,60000,RENT,4.0,EDUCATION,B,12500,11.89,0,0.21,N,2,2022,0
22,62000,RENT,6.0,MEDICAL,A,12500,7.29,0,0.2,N,2,2022,0
22,65000,RENT,1.0,EDUCATION,A,12500,6.91,0,0.19,N,2,2022,0
25,80400,RENT,2.0,VENTURE,A,12500,9.38,0,0.16,N,2,2022,0
24,73000,RENT,6.0,DEBTCONSOLIDATION,D,12500,6.0,1,0.17,N,2,2022,1
26,95000,RENT,3.0,MEDICAL,C,12500,12.61,0,0.13,N,2,2022,0
25,93080,MORTGAGE,3.0,DEBTCONSOLIDATION,C,8450,13.49,0,0.09,Y,2,2022,0
22,93240,MORTGAGE,6.0,PERSONAL,A,7000,9.63,0,0.08,N,2,2022,0
26,93450,MORTGAGE,1.0,HOMEIMPROVEMENT,B,12000,11.26,0,0.13,N,2,2022,0
24,47250,RENT,5.0,EDUCATION,B,12600,11.83,0,0.27,N,2,2022,0
22,110000,RENT,3.0,DEBTCONSOLIDATION,B,12600,10.75,0,0.11,N,2,2022,0
24,93600,MORTGAGE,,MEDICAL,A,3600,5.42,0,0.04,N,2,2022,0
22,93600,MORTGAGE,6.0,EDUCATION,B,5000,9.99,0,0.05,N,2,2022,0
22,93600,MORTGAGE,0.0,DEBTCONSOLIDATION,A,6000,,0,0.06,N,2,2022,0
23,70000,RENT,0.0,VENTURE,A,12700,,0,0.18,N,2,2022,0
26,94000,MORTGAGE,8.0,PERSONAL,A,15000,6.17,0,0.16,N,2,2022,0
22,40000,RENT,0.0,MEDICAL,A,12800,8.9,1,0.32,N,2,2022,1
21,40000,RENT,,VENTURE,B,12800,12.69,1,0.32,N,2,2022,1
26,42000,RENT,4.0,EDUCATION,B,12800,10.59,0,0.3,N,2,2022,0
22,44400,RENT,3.0,EDUCATION,C,12800,12.73,0,0.29,N,2,2022,0
22,42200,RENT,6.0,VENTURE,D,12800,15.21,1,0.3,N,2,2022,1
22,94200,MORTGAGE,6.0,PERSONAL,B,20000,8.88,0,0.21,N,2,2022,0
26,94500,OWN,10.0,VENTURE,A,2000,5.42,0,0.02,N,2,2022,0
25,94500,MORTGAGE,5.0,HOMEIMPROVEMENT,B,13500,10.0,0,0.14,N,2,2022,0
23,58000,RENT,1.0,MEDICAL,B,12800,12.42,0,0.22,N,2,2022,0
26,60000,RENT,7.0,VENTURE,C,12800,12.84,0,0.21,N,2,2022,0
23,82800,MORTGAGE,1.0,HOMEIMPROVEMENT,B,12000,9.76,1,0.14,N,2,2022,1
23,94965,MORTGAGE,3.0,EDUCATION,C,8000,13.22,0,0.08,N,2,2022,0
24,95000,MORTGAGE,7.0,DEBTCONSOLIDATION,B,15000,12.69,0,0.16,N,2,2022,0
26,35000,RENT,10.0,MEDICAL,B,12875,,1,0.37,N,2,2022,1
26,95000,MORTGAGE,10.0,VENTURE,C,15000,15.96,0,0.16,Y,2,2022,0
21,44000,RENT,0.0,EDUCATION,D,12875,15.31,1,0.29,N,2,2022,1
22,95000,MORTGAGE,3.0,DEBTCONSOLIDATION,B,7200,11.49,0,0.08,N,2,2022,0
22,50000,RENT,0.0,DEBTCONSOLIDATION,B,13000,12.42,0,0.26,N,2,2022,0
22,33716,OWN,6.0,EDUCATION,A,13750,6.92,0,0.41,N,2,2022,0
26,95000,MORTGAGE,9.0,EDUCATION,D,25000,16.89,0,0.26,Y,2,2022,0
24,45996,RENT,1.0,MEDICAL,C,13000,13.47,1,0.28,Y,2,2022,1
24,95000,MORTGAGE,3.0,DEBTCONSOLIDATION,B,35000,11.99,0,0.37,N,2,2022,0
25,52000,RENT,3.0,PERSONAL,D,13000,15.31,0,0.25,Y,2,2022,0
22,52128,RENT,6.0,VENTURE,A,13000,8.94,0,0.25,N,2,2022,0
22,95000,MORTGAGE,2.0,MEDICAL,B,5000,10.59,0,0.05,N,2,2022,0
26,54000,RENT,3.0,HOMEIMPROVEMENT,E,13000,17.93,0,0.24,Y,2,2022,0
22,95000,MORTGAGE,0.0,MEDICAL,A,9000,8.49,0,0.09,N,2,2022,0
23,83000,MORTGAGE,7.0,EDUCATION,B,24175,11.11,1,0.29,N,2,2022,1
26,95000,MORTGAGE,9.0,VENTURE,D,17000,15.65,0,0.18,N,2,2022,0
22,95000,MORTGAGE,0.0,MEDICAL,A,6875,6.54,0,0.07,N,2,2022,0
22,60000,RENT,0.0,DEBTCONSOLIDATION,A,13000,8.94,0,0.22,N,2,2022,0
25,62000,RENT,2.0,HOMEIMPROVEMENT,A,13000,6.91,0,0.21,N,2,2022,0
21,33600,OWN,5.0,MEDICAL,A,10000,7.88,0,0.3,N,2,2022,0
24,65000,RENT,6.0,EDUCATION,C,13000,13.49,0,0.2,Y,2,2022,0
24,65004,RENT,0.0,VENTURE,B,13000,,0,0.2,N,2,2022,0
24,95000,MORTGAGE,3.0,HOMEIMPROVEMENT,A,18000,7.88,0,0.19,N,2,2022,0
21,95000,MORTGAGE,5.0,VENTURE,A,15000,,0,0.16,N,2,2022,0
26,95000,MORTGAGE,10.0,VENTURE,B,5000,9.88,0,0.05,N,2,2022,0
24,70000,RENT,2.0,DEBTCONSOLIDATION,B,13000,10.0,0,0.19,N,2,2022,0
26,95000,OWN,5.0,EDUCATION,A,8000,,0,0.08,N,2,2022,0
23,83000,MORTGAGE,5.0,DEBTCONSOLIDATION,D,5000,14.61,1,0.06,N,2,2022,1
23,75000,RENT,6.0,DEBTCONSOLIDATION,A,13000,6.91,0,0.17,N,2,2022,0
23,76000,RENT,3.0,MEDICAL,C,13000,,0,0.17,Y,2,2022,0
25,95000,MORTGAGE,7.0,PERSONAL,A,5000,7.43,0,0.05,N,2,2022,0
25,87000,RENT,6.0,DEBTCONSOLIDATION,A,13000,7.29,0,0.15,N,2,2022,0
23,90000,RENT,4.0,DEBTCONSOLIDATION,C,13000,12.73,0,0.14,N,2,2022,0
23,95327,OWN,4.0,VENTURE,A,4325,7.74,0,0.05,N,2,2022,0
21,95400,MORTGAGE,0.0,PERSONAL,A,12000,5.42,0,0.13,N,2,2022,0
26,69700,RENT,4.0,MEDICAL,D,13000,14.42,1,0.16,Y,2,2022,1
24,110000,RENT,4.0,DEBTCONSOLIDATION,A,13000,8.9,0,0.12,N,2,2022,0
24,33000,OWN,7.0,VENTURE,A,14000,,0,0.42,N,2,2022,0
22,71400,MORTGAGE,4.0,MEDICAL,C,21600,15.27,1,0.26,Y,2,2022,1
25,96000,MORTGAGE,9.0,PERSONAL,D,35000,18.25,0,0.36,Y,2,2022,0
25,57840,RENT,5.0,MEDICAL,B,13600,9.99,0,0.24,N,2,2022,0
25,73000,RENT,9.0,PERSONAL,B,13600,11.99,0,0.19,N,2,2022,0
24,96000,MORTGAGE,8.0,HOMEIMPROVEMENT,A,11000,5.99,0,0.11,N,2,2022,0
25,33000,OWN,7.0,VENTURE,B,8000,10.38,0,0.24,N,2,2022,0
23,96000,MORTGAGE,7.0,EDUCATION,A,4000,5.42,0,0.04,N,2,2022,0
23,96000,MORTGAGE,0.0,VENTURE,B,20000,11.11,0,0.21,N,2,2022,0
25,45000,RENT,3.0,MEDICAL,E,13650,18.79,1,0.3,N,2,2022,1
25,71400,MORTGAGE,9.0,MEDICAL,D,25000,14.09,1,0.3,N,2,2022,1
26,96000,MORTGAGE,0.0,HOMEIMPROVEMENT,A,16000,5.79,0,0.17,N,2,2022,0
25,84000,MORTGAGE,9.0,PERSONAL,D,3500,14.84,1,0.04,N,2,2022,1
22,53591,RENT,6.0,EDUCATION,D,13750,14.96,0,0.26,N,2,2022,0
23,96000,MORTGAGE,7.0,DEBTCONSOLIDATION,A,5000,7.51,0,0.05,N,2,2022,0
24,32700,OWN,8.0,EDUCATION,A,4200,7.29,0,0.13,N,2,2022,0
24,79000,RENT,2.0,HOMEIMPROVEMENT,A,13800,8.49,0,0.17,N,2,2022,0
25,96000,MORTGAGE,6.0,EDUCATION,B,20000,,0,0.21,N,2,2022,0
24,105000,RENT,2.0,VENTURE,A,13800,7.66,0,0.13,N,2,2022,0
26,42000,RENT,3.0,VENTURE,A,14000,6.92,1,0.33,N,2,2022,1
23,96000,OTHER,3.0,EDUCATION,E,12000,,0,0.13,Y,2,2022,0
26,42000,RENT,4.0,DEBTCONSOLIDATION,B,14000,9.45,1,0.33,N,2,2022,1
22,96000,MORTGAGE,3.0,EDUCATION,C,11400,13.04,0,0.12,Y,2,2022,0
24,42996,RENT,2.0,MEDICAL,A,14000,7.51,1,0.33,N,2,2022,1
23,96060,MORTGAGE,7.0,MEDICAL,A,10000,5.42,0,0.1,N,2,2022,0
23,96260,MORTGAGE,,EDUCATION,D,25200,15.65,0,0.26,N,2,2022,0
25,96500,MORTGAGE,0.0,PERSONAL,A,10000,6.17,0,0.1,N,2,2022,0
26,96640,OTHER,8.0,EDUCATION,B,25000,11.58,0,0.26,N,2,2022,0
24,96900,MORTGAGE,8.0,DEBTCONSOLIDATION,A,9300,6.17,0,0.1,N,2,2022,0
23,97000,MORTGAGE,5.0,EDUCATION,B,12000,9.91,0,0.12,N,2,2022,0
24,97000,MORTGAGE,3.0,DEBTCONSOLIDATION,C,6400,15.96,0,0.07,Y,2,2022,0
23,72250,MORTGAGE,7.0,MEDICAL,D,35000,15.99,1,0.41,N,2,2022,1
23,97000,MORTGAGE,4.0,DEBTCONSOLIDATION,A,16000,6.62,0,0.16,N,2,2022,0
25,97000,MORTGAGE,9.0,HOMEIMPROVEMENT,D,25000,14.59,0,0.26,N,2,2022,0
23,97000,MORTGAGE,7.0,EDUCATION,A,4800,,0,0.05,N,2,2022,0
26,44000,RENT,10.0,DEBTCONSOLIDATION,D,14000,14.83,1,0.32,N,2,2022,1
23,97000,MORTGAGE,7.0,VENTURE,C,1800,,0,0.02,Y,2,2022,0
24,97000,MORTGAGE,2.0,HOMEIMPROVEMENT,C,12000,10.28,0,0.12,N,2,2022,0
26,85200,MORTGAGE,5.0,HOMEIMPROVEMENT,E,14000,,1,0.16,Y,2,2022,1
26,97333,OWN,3.0,HOMEIMPROVEMENT,A,10000,5.99,0,0.1,N,2,2022,0
24,50000,RENT,2.0,HOMEIMPROVEMENT,B,14000,9.88,0,0.28,N,2,2022,0
25,85584,MORTGAGE,10.0,DEBTCONSOLIDATION,E,24000,17.19,1,0.28,Y,2,2022,1
23,97600,MORTGAGE,7.0,MEDICAL,A,14500,7.51,0,0.15,N,2,2022,0
25,97700,MORTGAGE,6.0,PERSONAL,A,8000,7.49,0,0.08,N,2,2022,0
24,98000,OWN,8.0,VENTURE,A,12000,7.49,0,0.12,N,2,2022,0
25,86000,MORTGAGE,9.0,HOMEIMPROVEMENT,B,5000,10.36,1,0.06,N,2,2022,1
22,54000,RENT,0.0,MEDICAL,A,14000,7.14,0,0.26,N,2,2022,0
24,98000,MORTGAGE,,MEDICAL,A,5000,5.79,0,0.05,N,2,2022,0
25,86000,MORTGAGE,7.0,DEBTCONSOLIDATION,D,24000,,1,0.28,Y,2,2022,1
22,86000,MORTGAGE,7.0,EDUCATION,C,18000,13.48,1,0.21,N,2,2022,1
25,55000,RENT,9.0,HOMEIMPROVEMENT,A,14000,6.62,0,0.25,N,2,2022,0
25,98000,OWN,0.0,PERSONAL,A,2000,7.37,0,0.02,N,2,2022,0
21,55260,RENT,0.0,EDUCATION,A,14000,6.54,0,0.25,N,2,2022,0
23,73185,MORTGAGE,7.0,MEDICAL,B,7000,9.63,1,0.08,N,2,2022,1
21,98280,MORTGAGE,2.0,DEBTCONSOLIDATION,A,10000,6.62,0,0.1,N,2,2022,0
26,98400,MORTGAGE,4.0,VENTURE,A,8450,6.99,0,0.09,N,2,2022,0
24,98400,MORTGAGE,0.0,EDUCATION,C,8000,12.68,0,0.08,N,2,2022,0
23,32000,OWN,2.0,VENTURE,A,6500,8.59,0,0.2,N,2,2022,0
25,56004,RENT,0.0,DEBTCONSOLIDATION,A,14000,6.92,0,0.25,N,2,2022,0
24,56004,RENT,2.0,MEDICAL,C,14000,12.61,0,0.25,N,2,2022,0
24,99000,MORTGAGE,8.0,DEBTCONSOLIDATION,A,12000,6.03,0,0.12,N,2,2022,0
26,57600,RENT,10.0,VENTURE,B,14000,10.37,0,0.24,N,2,2022,0
26,99000,MORTGAGE,10.0,VENTURE,B,5000,11.49,0,0.05,N,2,2022,0
22,60000,RENT,6.0,PERSONAL,A,14000,6.03,0,0.23,N,2,2022,0
23,99000,MORTGAGE,8.0,EDUCATION,A,1800,7.88,0,0.02,N,2,2022,0
24,99000,MORTGAGE,8.0,EDUCATION,B,12250,9.88,0,0.12,N,2,2022,0
22,60000,RENT,7.0,VENTURE,A,14000,7.88,0,0.23,N,2,2022,0
25,99473,MORTGAGE,9.0,PERSONAL,B,8500,11.58,0,0.09,N,2,2022,0
23,99500,MORTGAGE,7.0,EDUCATION,D,25000,15.7,0,0.25,N,2,2022,0
22,60000,RENT,0.0,EDUCATION,C,14000,12.73,0,0.23,N,2,2022,0
25,99800,MORTGAGE,1.0,MEDICAL,A,12000,8.94,0,0.12,N,2,2022,0
25,60000,RENT,5.0,HOMEIMPROVEMENT,B,14000,,0,0.23,N,2,2022,0
23,99996,MORTGAGE,2.0,PERSONAL,B,4800,11.49,0,0.05,N,2,2022,0
25,99996,MORTGAGE,3.0,VENTURE,A,8000,8.0,0,0.08,N,2,2022,0
24,62800,RENT,5.0,PERSONAL,B,14000,12.69,0,0.22,N,2,2022,0
24,100000,MORTGAGE,1.0,EDUCATION,B,6600,9.91,0,0.07,N,2,2022,0
23,65000,RENT,2.0,DEBTCONSOLIDATION,B,14000,9.99,0,0.22,N,2,2022,0
24,100000,OWN,4.0,MEDICAL,A,6000,8.9,0,0.06,N,2,2022,0
22,65000,RENT,3.0,MEDICAL,A,14000,7.49,0,0.22,N,2,2022,0
22,100000,MORTGAGE,6.0,EDUCATION,B,9000,,0,0.09,N,2,2022,0
24,69000,RENT,3.0,VENTURE,C,14000,12.61,0,0.2,Y,2,2022,0
25,63996,RENT,9.0,DEBTCONSOLIDATION,D,14000,14.42,1,0.22,Y,2,2022,1
25,70000,RENT,2.0,HOMEIMPROVEMENT,B,14000,9.99,0,0.2,N,2,2022,0
22,100000,MORTGAGE,7.0,PERSONAL,A,6000,8.49,0,0.06,N,2,2022,0
26,100000,MORTGAGE,10.0,DEBTCONSOLIDATION,A,12000,5.99,0,0.12,N,2,2022,0
21,72500,RENT,3.0,EDUCATION,C,14000,13.49,0,0.19,Y,2,2022,0
22,100000,MORTGAGE,6.0,EDUCATION,B,14350,9.99,0,0.14,N,2,2022,0
23,73000,RENT,1.0,PERSONAL,C,14000,13.11,0,0.19,N,2,2022,0
25,100000,MORTGAGE,9.0,MEDICAL,A,3275,5.42,0,0.03,N,2,2022,0
23,100000,MORTGAGE,7.0,PERSONAL,B,11200,11.49,0,0.11,N,2,2022,0
25,100000,MORTGAGE,2.0,VENTURE,C,16000,14.79,0,0.16,Y,2,2022,0
22,100000,MORTGAGE,6.0,EDUCATION,A,15000,7.49,0,0.15,N,2,2022,0
25,100000,MORTGAGE,9.0,HOMEIMPROVEMENT,B,17600,10.59,0,0.18,N,2,2022,0
22,31193,OWN,0.0,DEBTCONSOLIDATION,D,4000,14.74,0,0.13,Y,2,2022,0
24,100000,MORTGAGE,3.0,EDUCATION,A,10000,5.99,0,0.1,N,2,2022,0
23,100000,MORTGAGE,0.0,VENTURE,A,11000,8.49,0,0.11,N,2,2022,0
26,100000,OWN,10.0,MEDICAL,B,10000,10.59,0,0.1,N,2,2022,0
22,100000,MORTGAGE,2.0,EDUCATION,B,15000,11.99,0,0.15,N,2,2022,0
24,88000,MORTGAGE,5.0,DEBTCONSOLIDATION,E,24000,19.69,1,0.27,N,2,2022,1
25,77700,RENT,2.0,HOMEIMPROVEMENT,B,14000,10.99,0,0.18,N,2,2022,0
26,80000,RENT,6.0,EDUCATION,B,14000,,0,0.17,N,2,2022,0
23,80000,RENT,0.0,VENTURE,C,14000,14.27,0,0.17,Y,2,2022,0
23,100000,MORTGAGE,8.0,VENTURE,A,10000,7.66,0,0.1,N,2,2022,0
24,100000,MORTGAGE,8.0,VENTURE,A,6000,5.79,0,0.06,N,2,2022,0
25,100000,MORTGAGE,3.0,MEDICAL,A,12000,5.79,0,0.12,N,2,2022,0
24,100000,MORTGAGE,8.0,VENTURE,F,30000,18.62,0,0.3,Y,2,2022,0
24,100000,MORTGAGE,8.0,HOMEIMPROVEMENT,A,12000,6.92,0,0.12,N,2,2022,0
24,100000,MORTGAGE,2.0,EDUCATION,B,7700,10.74,0,0.08,N,2,2022,0
23,100000,MORTGAGE,4.0,VENTURE,E,25000,17.14,0,0.25,Y,2,2022,0
23,100000,MORTGAGE,8.0,PERSONAL,A,16000,6.17,0,0.16,N,2,2022,0
26,90000,RENT,0.0,HOMEIMPROVEMENT,A,14000,6.03,0,0.16,N,2,2022,0
25,90996,RENT,5.0,MEDICAL,C,14000,12.23,0,0.15,N,2,2022,0
23,95000,RENT,0.0,EDUCATION,B,14000,12.69,0,0.15,N,2,2022,0
26,100000,MORTGAGE,11.0,HOMEIMPROVEMENT,A,2000,5.42,0,0.02,N,2,2022,0
24,100000,MORTGAGE,4.0,VENTURE,A,16000,6.54,0,0.16,N,2,2022,0
24,95000,RENT,5.0,VENTURE,B,14000,,0,0.15,N,2,2022,0
23,100000,MORTGAGE,7.0,PERSONAL,C,5400,12.23,0,0.05,Y,2,2022,0
24,74800,RENT,4.0,MEDICAL,E,14000,16.45,1,0.16,N,2,2022,1
25,100000,MORTGAGE,9.0,EDUCATION,A,15000,7.88,0,0.15,N,2,2022,0
24,100000,MORTGAGE,8.0,DEBTCONSOLIDATION,C,3600,13.23,0,0.04,Y,2,2022,0
24,100000,MORTGAGE,0.0,DEBTCONSOLIDATION,C,16000,14.72,0,0.16,N,2,2022,0
24,110004,RENT,5.0,MEDICAL,A,14000,7.88,0,0.13,N,2,2022,0
23,113000,RENT,2.0,DEBTCONSOLIDATION,C,14000,13.49,0,0.12,Y,2,2022,0
26,100000,MORTGAGE,10.0,EDUCATION,C,14000,13.11,0,0.14,Y,2,2022,0
23,122000,RENT,7.0,DEBTCONSOLIDATION,C,14000,13.48,0,0.11,Y,2,2022,0
24,100000,MORTGAGE,6.0,VENTURE,D,25000,15.33,0,0.25,Y,2,2022,0
22,30004,OWN,6.0,EDUCATION,A,7500,,0,0.25,N,2,2022,0
25,100000,MORTGAGE,9.0,MEDICAL,B,14000,10.25,0,0.14,N,2,2022,0
22,100000,MORTGAGE,0.0,DEBTCONSOLIDATION,B,20000,11.83,0,0.2,N,2,2022,0
24,148000,RENT,8.0,HOMEIMPROVEMENT,A,14000,5.42,0,0.09,N,2,2022,0
22,88000,MORTGAGE,6.0,DEBTCONSOLIDATION,F,25000,18.09,1,0.28,N,2,2022,1
23,100000,MORTGAGE,7.0,EDUCATION,D,15000,16.0,0,0.15,Y,2,2022,0
26,100000,MORTGAGE,0.0,EDUCATION,C,10000,14.26,0,0.1,N,2,2022,0
21,27996,RENT,2.0,VENTURE,B,14075,,1,0.5,N,2,2022,1
22,46000,RENT,7.0,PERSONAL,C,14100,14.26,1,0.31,N,2,2022,1
24,100000,MORTGAGE,3.0,EDUCATION,B,15000,12.21,0,0.15,N,2,2022,0
24,88000,MORTGAGE,2.0,EDUCATION,G,25000,18.84,1,0.28,N,2,2022,1
23,32000,RENT,5.0,MEDICAL,A,14125,7.9,1,0.44,N,2,2022,1
23,100000,OTHER,1.0,EDUCATION,B,15000,,0,0.15,N,2,2022,0
26,30000,OWN,3.0,PERSONAL,A,6000,7.9,0,0.2,N,2,2022,0
23,100000,MORTGAGE,5.0,DEBTCONSOLIDATION,C,15000,11.34,0,0.15,Y,2,2022,0
26,135000,RENT,10.0,PERSONAL,B,14275,9.45,0,0.11,N,2,2022,0
24,88128,MORTGAGE,0.0,EDUCATION,B,1950,9.99,1,0.02,N,2,2022,1
24,74909,MORTGAGE,8.0,MEDICAL,B,14000,9.99,1,0.16,N,2,2022,1
23,36000,RENT,3.0,PERSONAL,C,14400,13.57,1,0.4,N,2,2022,1
24,100995,MORTGAGE,6.0,DEBTCONSOLIDATION,A,16000,7.51,0,0.16,N,2,2022,0
22,30000,OWN,3.0,MEDICAL,B,7200,10.99,0,0.24,N,2,2022,0
21,101004,MORTGAGE,2.0,DEBTCONSOLIDATION,B,14000,10.25,0,0.14,N,2,2022,0
22,43000,RENT,2.0,DEBTCONSOLIDATION,A,14400,7.88,1,0.33,N,2,2022,1
22,48000,RENT,0.0,DEBTCONSOLIDATION,C,14400,13.49,0,0.3,Y,2,2022,0
23,102000,OWN,0.0,MEDICAL,D,30000,16.77,0,0.29,Y,2,2022,0
24,50000,RENT,4.0,DEBTCONSOLIDATION,A,14400,,0,0.29,N,2,2022,0
24,102000,OWN,5.0,PERSONAL,A,23800,8.9,0,0.23,N,2,2022,0
24,102000,MORTGAGE,6.0,VENTURE,B,9800,10.36,0,0.1,N,2,2022,0
23,102000,MORTGAGE,7.0,EDUCATION,B,10000,11.49,0,0.1,N,2,2022,0
26,102000,MORTGAGE,6.0,DEBTCONSOLIDATION,C,6000,13.61,0,0.06,N,2,2022,0
25,102000,MORTGAGE,9.0,DEBTCONSOLIDATION,C,14400,,0,0.14,Y,2,2022,0
23,102000,MORTGAGE,2.0,PERSONAL,A,6000,7.51,0,0.06,N,2,2022,0
25,61000,RENT,1.0,PERSONAL,B,14400,12.53,0,0.24,N,2,2022,0
25,64000,RENT,9.0,MEDICAL,B,14400,9.62,0,0.23,N,2,2022,0
25,102211,MORTGAGE,3.0,DEBTCONSOLIDATION,B,15000,11.58,0,0.15,N,2,2022,0
26,102456,MORTGAGE,10.0,VENTURE,D,25000,,0,0.24,Y,2,2022,0
26,102500,MORTGAGE,4.0,EDUCATION,A,11800,6.03,0,0.12,N,2,2022,0
24,102960,MORTGAGE,2.0,DEBTCONSOLIDATION,A,16000,7.88,0,0.16,N,2,2022,0
24,103000,MORTGAGE,8.0,VENTURE,C,21000,13.49,0,0.2,Y,2,2022,0
23,103000,MORTGAGE,6.0,DEBTCONSOLIDATION,C,4000,13.49,0,0.04,N,2,2022,0
22,103000,MORTGAGE,7.0,VENTURE,D,15000,15.99,0,0.15,Y,2,2022,0
25,103000,MORTGAGE,4.0,PERSONAL,A,29175,,0,0.28,N,2,2022,0
22,76000,RENT,0.0,EDUCATION,C,14400,14.35,0,0.19,N,2,2022,0
22,80000,RENT,1.0,PERSONAL,B,14400,11.71,0,0.18,N,2,2022,0
26,91000,MORTGAGE,10.0,DEBTCONSOLIDATION,D,5000,14.96,1,0.05,N,2,2022,1
23,103000,MORTGAGE,1.0,PERSONAL,E,20000,17.04,0,0.19,N,2,2022,0
23,82000,RENT,3.0,VENTURE,A,14400,7.66,0,0.18,N,2,2022,0
26,103200,MORTGAGE,8.0,PERSONAL,A,9000,6.76,0,0.09,N,2,2022,0
25,85000,RENT,5.0,EDUCATION,A,14400,8.49,0,0.17,N,2,2022,0
26,88068,RENT,10.0,DEBTCONSOLIDATION,B,14400,,0,0.16,N,2,2022,0
25,30000,OWN,0.0,PERSONAL,A,3425,6.17,0,0.11,N,2,2022,0
22,104000,MORTGAGE,6.0,PERSONAL,A,13600,6.03,0,0.13,N,2,2022,0
23,104000,MORTGAGE,7.0,PERSONAL,B,9000,10.65,0,0.09,N,2,2022,0
25,104000,OWN,2.0,HOMEIMPROVEMENT,A,10000,6.92,0,0.1,N,2,2022,0
22,30000,OWN,5.0,PERSONAL,B,3000,10.36,0,0.1,N,2,2022,0
26,30000,OWN,3.0,PERSONAL,B,7000,9.99,0,0.23,N,2,2022,0
26,130000,RENT,3.0,VENTURE,D,14400,14.46,0,0.11,Y,2,2022,0
24,104000,MORTGAGE,8.0,EDUCATION,C,25000,12.84,0,0.24,N,2,2022,0
26,104004,MORTGAGE,10.0,DEBTCONSOLIDATION,C,15000,14.22,0,0.14,N,2,2022,0
26,30000,RENT,,VENTURE,A,14500,7.66,1,0.48,N,2,2022,1
24,104606,MORTGAGE,8.0,VENTURE,D,5000,15.28,0,0.05,N,2,2022,0
25,105000,MORTGAGE,9.0,DEBTCONSOLIDATION,B,12000,,0,0.11,N,2,2022,0
24,105000,MORTGAGE,5.0,PERSONAL,D,12000,16.29,0,0.11,N,2,2022,0
21,30000,RENT,1.0,VENTURE,D,14500,14.59,1,0.48,Y,2,2022,1
26,105000,MORTGAGE,6.0,DEBTCONSOLIDATION,B,12000,11.99,0,0.11,N,2,2022,0
26,105000,MORTGAGE,9.0,VENTURE,B,12000,10.99,0,0.11,N,2,2022,0
26,105000,OWN,0.0,EDUCATION,A,10000,7.49,0,0.1,N,2,2022,0
24,105000,MORTGAGE,8.0,MEDICAL,B,6000,9.99,0,0.06,N,2,2022,0
25,36000,RENT,0.0,VENTURE,D,14500,14.54,1,0.4,Y,2,2022,1
25,105000,MORTGAGE,9.0,VENTURE,C,4800,15.23,0,0.05,Y,2,2022,0
24,43000,RENT,3.0,PERSONAL,B,14500,10.75,1,0.34,N,2,2022,1
24,105000,MORTGAGE,2.0,MEDICAL,B,9850,9.63,0,0.09,N,2,2022,0
25,45000,RENT,0.0,PERSONAL,C,14500,13.16,1,0.32,N,2,2022,1
24,55000,RENT,3.0,EDUCATION,A,14500,6.62,0,0.26,N,2,2022,0
22,51996,RENT,3.0,HOMEIMPROVEMENT,C,14500,13.16,1,0.28,Y,2,2022,1
26,59000,RENT,3.0,VENTURE,C,14500,11.97,1,0.25,N,2,2022,1
23,105000,MORTGAGE,7.0,VENTURE,B,12000,11.36,0,0.11,N,2,2022,0
23,105000,MORTGAGE,3.0,MEDICAL,B,20000,11.48,0,0.19,N,2,2022,0
22,105000,MORTGAGE,6.0,EDUCATION,A,7500,,0,0.07,N,2,2022,0
26,93000,MORTGAGE,7.0,DEBTCONSOLIDATION,D,25000,16.0,1,0.27,Y,2,2022,1
22,105000,MORTGAGE,6.0,MEDICAL,B,12800,11.83,0,0.12,N,2,2022,0
25,105000,MORTGAGE,0.0,EDUCATION,B,5000,11.48,0,0.05,N,2,2022,0
25,105000,MORTGAGE,3.0,VENTURE,C,12000,12.84,0,0.11,Y,2,2022,0
23,30000,OWN,5.0,PERSONAL,B,3000,12.18,0,0.1,N,2,2022,0
25,30000,OWN,4.0,DEBTCONSOLIDATION,D,10000,14.61,0,0.33,Y,2,2022,0
26,105000,MORTGAGE,0.0,MEDICAL,A,5000,7.68,0,0.05,N,2,2022,0
22,30000,OWN,0.0,EDUCATION,B,2500,12.53,0,0.08,N,2,2022,0
22,105600,MORTGAGE,4.0,PERSONAL,B,8000,11.49,0,0.08,N,2,2022,0
22,28000,RENT,6.0,EDUCATION,B,15000,10.99,1,0.54,N,2,2022,1
23,105999,MORTGAGE,6.0,VENTURE,B,8550,9.88,0,0.08,N,2,2022,0
22,106000,MORTGAGE,6.0,VENTURE,A,35000,,0,0.33,N,2,2022,0
26,28800,RENT,10.0,MEDICAL,B,15000,10.0,1,0.52,N,2,2022,1
25,106000,MORTGAGE,3.0,DEBTCONSOLIDATION,A,12000,6.54,0,0.11,N,2,2022,0
25,94000,MORTGAGE,1.0,VENTURE,E,25000,,1,0.27,Y,2,2022,1
23,106000,MORTGAGE,7.0,EDUCATION,A,10000,7.14,0,0.09,N,2,2022,0
22,30000,RENT,1.0,DEBTCONSOLIDATION,C,15000,15.27,1,0.5,Y,2,2022,1
24,106000,MORTGAGE,8.0,DEBTCONSOLIDATION,A,4575,7.51,0,0.04,N,2,2022,0
25,30000,OWN,1.0,PERSONAL,A,3000,9.63,0,0.1,N,2,2022,0
25,107000,MORTGAGE,4.0,DEBTCONSOLIDATION,A,24000,5.99,0,0.22,N,2,2022,0
25,107000,MORTGAGE,10.0,HOMEIMPROVEMENT,A,3000,,0,0.03,N,2,2022,0
22,107000,MORTGAGE,1.0,VENTURE,A,10000,7.14,0,0.09,N,2,2022,0
25,107000,MORTGAGE,0.0,MEDICAL,C,7000,12.87,0,0.07,N,2,2022,0
23,95000,MORTGAGE,3.0,HOMEIMPROVEMENT,F,15000,17.03,1,0.16,N,2,2022,1
24,107203,MORTGAGE,8.0,PERSONAL,A,6000,7.4,0,0.06,N,2,2022,0
26,33600,RENT,0.0,PERSONAL,C,2000,,0,0.06,Y,2,2022,0
22,33996,RENT,3.0,EDUCATION,A,2000,8.0,0,0.06,N,2,2022,0
22,108000,OWN,2.0,VENTURE,C,8000,15.27,0,0.07,Y,2,2022,0
24,34860,RENT,0.0,VENTURE,B,2000,,0,0.06,N,2,2022,0
23,34884,RENT,3.0,EDUCATION,A,2000,6.92,0,0.06,N,2,2022,0
25,108000,MORTGAGE,8.0,VENTURE,A,15000,6.62,0,0.14,N,2,2022,0
26,35000,RENT,9.0,MEDICAL,C,2000,13.99,0,0.06,N,2,2022,0
24,108000,MORTGAGE,4.0,PERSONAL,A,10000,5.99,0,0.09,N,2,2022,0
22,35000,RENT,0.0,VENTURE,C,2000,12.99,0,0.06,Y,2,2022,0
22,35064,RENT,4.0,DEBTCONSOLIDATION,A,2000,8.38,0,0.06,N,2,2022,0
25,35400,RENT,2.0,MEDICAL,A,2000,8.49,0,0.06,N,2,2022,0
26,108000,MORTGAGE,4.0,HOMEIMPROVEMENT,B,7200,9.62,0,0.07,N,2,2022,0
26,108000,MORTGAGE,4.0,PERSONAL,A,9000,5.79,0,0.08,N,2,2022,0
24,108000,MORTGAGE,3.0,EDUCATION,A,9050,5.42,0,0.08,N,2,2022,0
25,108000,MORTGAGE,10.0,HOMEIMPROVEMENT,B,24250,10.75,0,0.22,N,2,2022,0
26,108000,MORTGAGE,5.0,PERSONAL,A,13000,8.94,0,0.12,N,2,2022,0
26,108000,MORTGAGE,2.0,MEDICAL,B,18500,12.18,0,0.17,N,2,2022,0
23,108000,MORTGAGE,1.0,EDUCATION,B,14000,11.89,0,0.13,N,2,2022,0
23,108060,MORTGAGE,7.0,DEBTCONSOLIDATION,C,14400,14.27,0,0.13,N,2,2022,0
24,38000,RENT,1.0,MEDICAL,B,2000,11.83,0,0.05,N,2,2022,0
24,108288,MORTGAGE,5.0,DEBTCONSOLIDATION,A,10000,8.49,0,0.09,N,2,2022,0
21,38400,RENT,5.0,VENTURE,B,2000,,0,0.05,N,2,2022,0
23,108600,MORTGAGE,3.0,MEDICAL,C,8000,12.87,0,0.07,Y,2,2022,0
24,108600,MORTGAGE,4.0,DEBTCONSOLIDATION,B,15000,12.18,0,0.14,N,2,2022,0
25,32400,RENT,1.0,EDUCATION,C,2000,14.35,1,0.06,N,2,2022,1
25,109000,MORTGAGE,6.0,DEBTCONSOLIDATION,A,16000,6.03,0,0.15,N,2,2022,0
24,33500,RENT,5.0,HOMEIMPROVEMENT,C,2000,13.8,1,0.06,N,2,2022,1
24,109000,MORTGAGE,3.0,DEBTCONSOLIDATION,B,8800,12.69,0,0.08,N,2,2022,0
22,97000,MORTGAGE,4.0,DEBTCONSOLIDATION,B,14000,11.48,1,0.14,N,2,2022,1
23,109200,MORTGAGE,4.0,VENTURE,A,10000,8.63,0,0.09,N,2,2022,0
26,109500,MORTGAGE,11.0,VENTURE,E,20000,17.56,0,0.18,N,2,2022,0
23,39996,RENT,7.0,PERSONAL,B,2000,,0,0.05,N,2,2022,0
25,110000,MORTGAGE,8.0,DEBTCONSOLIDATION,A,5500,6.62,0,0.05,N,2,2022,0
23,40000,RENT,5.0,PERSONAL,B,2000,11.71,0,0.05,N,2,2022,0
26,110000,MORTGAGE,1.0,MEDICAL,B,5000,12.69,0,0.05,N,2,2022,0
21,33800,RENT,5.0,MEDICAL,B,15000,11.71,1,0.44,N,2,2022,1
25,110000,OWN,6.0,PERSONAL,B,28000,9.91,0,0.25,N,2,2022,0
23,110000,MORTGAGE,4.0,VENTURE,A,2500,6.99,0,0.02,N,2,2022,0
23,110000,MORTGAGE,0.0,VENTURE,B,7000,10.59,0,0.06,N,2,2022,0
23,42996,RENT,7.0,VENTURE,C,2000,13.61,0,0.05,Y,2,2022,0
24,37200,RENT,3.0,VENTURE,D,2000,,1,0.05,N,2,2022,1
21,110000,MORTGAGE,0.0,VENTURE,B,14000,9.99,0,0.13,N,2,2022,0
26,83300,MORTGAGE,0.0,MEDICAL,D,28000,15.62,1,0.29,Y,2,2022,1
24,98000,MORTGAGE,1.0,DEBTCONSOLIDATION,C,16000,14.79,1,0.16,Y,2,2022,1
23,45000,RENT,1.0,DEBTCONSOLIDATION,C,2000,13.49,0,0.04,N,2,2022,0
24,45000,RENT,1.0,PERSONAL,C,2000,13.99,0,0.04,Y,2,2022,0
26,110000,MORTGAGE,4.0,VENTURE,B,5000,9.63,0,0.05,N,2,2022,0
26,45000,RENT,5.0,PERSONAL,B,2000,11.49,0,0.04,N,2,2022,0
26,110000,MORTGAGE,3.0,DEBTCONSOLIDATION,A,4000,6.92,0,0.04,N,2,2022,0
22,39000,RENT,0.0,DEBTCONSOLIDATION,D,2000,14.84,1,0.05,Y,2,2022,1
25,110000,MORTGAGE,9.0,DEBTCONSOLIDATION,A,18000,,0,0.16,N,2,2022,0
24,45996,RENT,3.0,MEDICAL,C,2000,12.98,0,0.04,Y,2,2022,0
24,110000,MORTGAGE,8.0,PERSONAL,A,7500,6.17,0,0.07,N,2,2022,0
23,110000,MORTGAGE,7.0,VENTURE,A,5000,6.91,0,0.05,N,2,2022,0
21,110000,MORTGAGE,5.0,DEBTCONSOLIDATION,A,10000,6.54,0,0.09,N,2,2022,0
24,110000,OWN,0.0,HOMEIMPROVEMENT,C,10000,13.35,0,0.09,Y,2,2022,0
26,110000,MORTGAGE,10.0,VENTURE,C,8000,14.35,0,0.07,Y,2,2022,0
25,110000,MORTGAGE,2.0,HOMEIMPROVEMENT,A,15000,7.88,0,0.14,N,2,2022,0
22,110000,MORTGAGE,0.0,EDUCATION,A,12000,7.14,0,0.11,N,2,2022,0
24,42000,RENT,1.0,HOMEIMPROVEMENT,D,2000,15.62,1,0.05,Y,2,2022,1
25,48000,RENT,3.0,DEBTCONSOLIDATION,B,2000,10.74,0,0.04,N,2,2022,0
25,110000,MORTGAGE,9.0,PERSONAL,A,20000,7.88,0,0.18,N,2,2022,0
22,48255,RENT,3.0,VENTURE,A,2000,6.76,0,0.04,N,2,2022,0
25,49029,RENT,8.0,MEDICAL,B,2000,11.99,0,0.04,N,2,2022,0
22,110000,MORTGAGE,7.0,DEBTCONSOLIDATION,C,8000,13.85,0,0.07,N,2,2022,0
25,110000,MORTGAGE,,VENTURE,B,7000,9.88,0,0.06,N,2,2022,0
24,50000,RENT,8.0,HOMEIMPROVEMENT,D,2000,,0,0.04,N,2,2022,0
21,36000,RENT,3.0,MEDICAL,A,15000,6.62,1,0.42,N,2,2022,1
22,98000,MORTGAGE,1.0,HOMEIMPROVEMENT,A,9000,9.63,1,0.09,N,2,2022,1
22,110000,MORTGAGE,7.0,EDUCATION,C,20000,12.41,0,0.18,N,2,2022,0
23,110000,MORTGAGE,7.0,PERSONAL,D,9600,,0,0.09,Y,2,2022,0
24,110004,MORTGAGE,8.0,EDUCATION,B,25000,12.53,0,0.23,N,2,2022,0
24,28000,OWN,6.0,HOMEIMPROVEMENT,B,10000,10.37,0,0.36,N,2,2022,0
21,111000,MORTGAGE,4.0,VENTURE,A,28000,7.49,0,0.25,N,2,2022,0
23,111000,MORTGAGE,7.0,MEDICAL,B,8350,11.89,0,0.08,N,2,2022,0
26,111147,MORTGAGE,4.0,EDUCATION,C,15000,13.61,0,0.13,Y,2,2022,0
23,38400,RENT,7.0,EDUCATION,A,15000,6.17,1,0.39,N,2,2022,1
24,112000,OTHER,4.0,PERSONAL,A,9000,9.32,0,0.08,N,2,2022,0
23,112404,MORTGAGE,1.0,DEBTCONSOLIDATION,C,6000,13.23,0,0.05,Y,2,2022,0
23,112976,MORTGAGE,2.0,MEDICAL,A,20000,6.91,0,0.18,N,2,2022,0
26,34988,RENT,9.0,HOMEIMPROVEMENT,C,15000,13.98,1,0.43,N,2,2022,1
23,113000,MORTGAGE,2.0,VENTURE,A,22400,7.49,0,0.2,N,2,2022,0
21,27600,OWN,3.0,EDUCATION,C,1000,15.27,0,0.04,Y,2,2022,0
23,113000,MORTGAGE,7.0,EDUCATION,A,8000,5.79,0,0.07,N,2,2022,0
22,113028,MORTGAGE,3.0,MEDICAL,C,12075,,0,0.11,N,2,2022,0
25,113135,MORTGAGE,9.0,PERSONAL,B,25000,10.59,0,0.22,N,2,2022,0
24,113676,MORTGAGE,8.0,EDUCATION,A,7200,6.99,0,0.06,N,2,2022,0
23,114000,MORTGAGE,1.0,EDUCATION,B,17325,11.99,0,0.15,N,2,2022,0
25,36000,RENT,1.0,MEDICAL,D,15000,15.05,1,0.42,Y,2,2022,1
23,114000,MORTGAGE,4.0,PERSONAL,B,10000,,0,0.09,N,2,2022,0
26,114000,MORTGAGE,10.0,PERSONAL,A,14400,7.14,0,0.13,N,2,2022,0
24,114000,MORTGAGE,8.0,VENTURE,B,4000,,0,0.04,N,2,2022,0
24,27168,OWN,5.0,VENTURE,B,7500,9.99,0,0.28,N,2,2022,0
23,115000,MORTGAGE,7.0,EDUCATION,C,10000,14.27,0,0.09,N,2,2022,0
24,42900,RENT,5.0,VENTURE,A,15000,,1,0.35,N,2,2022,1
22,43000,RENT,0.0,EDUCATION,A,15000,8.49,1,0.35,N,2,2022,1
22,43000,RENT,7.0,DEBTCONSOLIDATION,B,15000,10.99,1,0.35,N,2,2022,1
24,37680,RENT,8.0,EDUCATION,G,15000,19.82,1,0.4,N,2,2022,1
24,115000,MORTGAGE,3.0,VENTURE,A,15000,6.03,0,0.13,N,2,2022,0
25,38400,RENT,3.0,DEBTCONSOLIDATION,B,15000,10.65,1,0.39,N,2,2022,1
25,115000,MORTGAGE,7.0,PERSONAL,A,18000,7.51,0,0.16,N,2,2022,0
23,115000,MORTGAGE,3.0,EDUCATION,B,10000,10.59,0,0.09,N,2,2022,0
22,45000,RENT,0.0,DEBTCONSOLIDATION,B,15000,10.37,1,0.33,N,2,2022,1
25,115000,MORTGAGE,1.0,EDUCATION,D,20000,15.65,0,0.17,Y,2,2022,0
25,115000,MORTGAGE,4.0,VENTURE,A,20000,6.91,0,0.17,N,2,2022,0
25,45000,RENT,0.0,MEDICAL,C,15000,13.48,1,0.33,N,2,2022,1
26,115000,MORTGAGE,5.0,VENTURE,B,6000,10.75,0,0.05,N,2,2022,0
25,115000,OWN,5.0,VENTURE,F,8000,19.13,0,0.07,Y,2,2022,0
23,103000,MORTGAGE,0.0,DEBTCONSOLIDATION,D,16750,,1,0.16,N,2,2022,1
26,39000,RENT,3.0,MEDICAL,D,15000,15.37,1,0.38,N,2,2022,1
26,115000,MORTGAGE,3.0,EDUCATION,C,20000,13.16,0,0.17,Y,2,2022,0
25,39000,RENT,4.0,HOMEIMPROVEMENT,D,15000,12.92,1,0.38,N,2,2022,1
26,115200,MORTGAGE,10.0,DEBTCONSOLIDATION,C,4500,11.97,0,0.04,Y,2,2022,0
24,115500,MORTGAGE,2.0,EDUCATION,D,3200,16.29,0,0.03,N,2,2022,0
25,31000,RENT,2.0,EDUCATION,A,1800,8.32,0,0.06,N,2,2022,0
23,116004,MORTGAGE,1.0,PERSONAL,C,14000,12.99,0,0.12,N,2,2022,0
22,33000,RENT,1.0,EDUCATION,A,1800,5.42,0,0.05,N,2,2022,0
26,116004,MORTGAGE,11.0,VENTURE,B,20000,12.21,0,0.17,N,2,2022,0
24,26400,OWN,8.0,VENTURE,B,3000,10.59,0,0.11,N,2,2022,0
23,104736,MORTGAGE,3.0,DEBTCONSOLIDATION,D,25000,14.11,1,0.24,Y,2,2022,1
24,26400,OWN,4.0,VENTURE,A,9600,7.49,0,0.36,N,2,2022,0
24,35000,RENT,0.0,MEDICAL,A,1800,7.14,0,0.05,N,2,2022,0
25,30000,RENT,9.0,MEDICAL,A,1800,8.49,1,0.06,N,2,2022,1
22,26400,OWN,1.0,PERSONAL,C,7300,13.61,0,0.28,Y,2,2022,0
22,117000,MORTGAGE,6.0,EDUCATION,D,7500,13.24,0,0.06,N,2,2022,0
22,34000,RENT,7.0,EDUCATION,C,1800,,1,0.05,N,2,2022,1
26,118000,MORTGAGE,4.0,DEBTCONSOLIDATION,A,25000,7.9,0,0.21,N,2,2022,0
24,118000,MORTGAGE,8.0,HOMEIMPROVEMENT,A,5000,5.42,0,0.04,N,2,2022,0
23,90100,MORTGAGE,7.0,MEDICAL,E,21600,,1,0.2,Y,2,2022,1
25,118000,MORTGAGE,8.0,HOMEIMPROVEMENT,B,25000,11.12,0,0.21,N,2,2022,0
23,47000,RENT,1.0,PERSONAL,C,15000,12.04,1,0.32,Y,2,2022,1
22,26232,OWN,,MEDICAL,A,6000,6.03,0,0.23,N,2,2022,0
25,118000,MORTGAGE,9.0,DEBTCONSOLIDATION,A,2000,7.12,0,0.02,N,2,2022,0
25,118443,MORTGAGE,7.0,DEBTCONSOLIDATION,A,4900,,0,0.04,N,2,2022,0
22,118812,MORTGAGE,6.0,MEDICAL,C,15000,13.35,0,0.13,N,2,2022,0
22,107000,MORTGAGE,6.0,HOMEIMPROVEMENT,E,24000,19.69,1,0.22,Y,2,2022,1
26,48000,RENT,1.0,PERSONAL,C,15000,,1,0.31,Y,2,2022,1
23,48000,RENT,5.0,EDUCATION,A,15000,6.91,1,0.31,N,2,2022,1
26,119000,MORTGAGE,6.0,VENTURE,D,15000,14.42,0,0.13,N,2,2022,0
23,119500,MORTGAGE,4.0,PERSONAL,A,24000,7.51,0,0.2,N,2,2022,0
24,119500,OWN,8.0,HOMEIMPROVEMENT,B,3500,12.18,0,0.03,N,2,2022,0
22,26000,OWN,2.0,EDUCATION,A,7100,7.49,0,0.27,N,2,2022,0
25,48000,RENT,9.0,PERSONAL,B,15000,,1,0.31,N,2,2022,1
22,48000,RENT,6.0,EDUCATION,A,15000,7.51,1,0.31,N,2,2022,1
26,120000,MORTGAGE,,VENTURE,B,25000,12.69,0,0.21,N,2,2022,0
22,120000,MORTGAGE,6.0,EDUCATION,B,8000,12.69,0,0.07,N,2,2022,0
22,120000,MORTGAGE,3.0,PERSONAL,B,8900,11.71,0,0.07,N,2,2022,0
22,50000,RENT,6.0,EDUCATION,A,15000,6.03,0,0.3,N,2,2022,0
25,120000,MORTGAGE,5.0,HOMEIMPROVEMENT,A,21000,7.9,0,0.17,N,2,2022,0
25,120000,MORTGAGE,5.0,PERSONAL,A,28000,7.9,0,0.23,N,2,2022,0
23,108000,MORTGAGE,5.0,DEBTCONSOLIDATION,D,10000,,1,0.09,Y,2,2022,1
23,120000,MORTGAGE,8.0,EDUCATION,B,4000,10.65,0,0.03,N,2,2022,0
22,25899,OWN,7.0,VENTURE,B,6250,12.69,0,0.24,N,2,2022,0
24,120000,MORTGAGE,3.0,HOMEIMPROVEMENT,D,7000,15.62,0,0.06,N,2,2022,0
24,91800,OWN,8.0,MEDICAL,E,10000,19.29,1,0.09,N,2,2022,1
22,120000,MORTGAGE,3.0,MEDICAL,C,5000,14.79,0,0.04,N,2,2022,0
24,91800,MORTGAGE,8.0,MEDICAL,D,5000,15.99,1,0.05,N,2,2022,1
24,50000,RENT,2.0,VENTURE,B,15000,11.36,0,0.3,N,2,2022,0
24,120000,MORTGAGE,8.0,PERSONAL,C,20000,12.99,0,0.17,Y,2,2022,0
26,120000,MORTGAGE,5.0,EDUCATION,B,13000,10.99,0,0.11,N,2,2022,0
26,120000,MORTGAGE,10.0,MEDICAL,C,5000,13.49,0,0.04,Y,2,2022,0
26,120000,MORTGAGE,5.0,EDUCATION,A,8000,7.29,0,0.07,N,2,2022,0
22,50004,RENT,6.0,VENTURE,D,15000,15.05,0,0.3,Y,2,2022,0
26,50400,RENT,10.0,HOMEIMPROVEMENT,B,15000,10.75,0,0.3,N,2,2022,0
26,120000,MORTGAGE,10.0,MEDICAL,A,10000,5.42,0,0.08,N,2,2022,0
26,120000,MORTGAGE,0.0,EDUCATION,A,6000,,0,0.05,N,2,2022,0
22,120000,MORTGAGE,2.0,EDUCATION,A,17400,7.66,0,0.14,N,2,2022,0
25,25000,OWN,9.0,VENTURE,A,6000,7.51,0,0.24,N,2,2022,0
25,120000,MORTGAGE,6.0,DEBTCONSOLIDATION,B,10000,,0,0.08,N,2,2022,0
24,51500,RENT,8.0,EDUCATION,A,15000,8.49,0,0.29,N,2,2022,0
22,25000,OWN,,VENTURE,A,5000,6.03,0,0.2,N,2,2022,0
25,25000,OWN,,EDUCATION,A,8500,6.03,0,0.34,N,2,2022,0
24,120000,MORTGAGE,8.0,DEBTCONSOLIDATION,C,8400,13.72,0,0.07,Y,2,2022,0
25,120000,MORTGAGE,5.0,DEBTCONSOLIDATION,A,9500,5.42,0,0.08,N,2,2022,0
23,108000,MORTGAGE,7.0,DEBTCONSOLIDATION,C,4000,,1,0.04,N,2,2022,1
23,120000,MORTGAGE,,VENTURE,A,10000,,0,0.08,N,2,2022,0
23,120000,MORTGAGE,7.0,EDUCATION,C,8000,13.61,0,0.07,Y,2,2022,0
24,91800,MORTGAGE,8.0,MEDICAL,D,15000,16.32,1,0.14,Y,2,2022,1
22,52596,RENT,1.0,PERSONAL,B,15000,10.74,0,0.29,N,2,2022,0
26,120000,MORTGAGE,3.0,PERSONAL,A,4600,6.39,0,0.04,N,2,2022,0
23,120000,MORTGAGE,8.0,MEDICAL,A,10000,7.88,0,0.08,N,2,2022,0
24,23000,RENT,2.0,EDUCATION,C,1600,,0,0.07,Y,2,2022,0
24,23000,RENT,2.0,EDUCATION,A,1600,7.68,0,0.07,N,2,2022,0
26,25200,RENT,0.0,VENTURE,C,1600,,0,0.06,Y,2,2022,0
26,120000,MORTGAGE,10.0,HOMEIMPROVEMENT,D,10000,14.59,0,0.08,Y,2,2022,0
22,26880,RENT,2.0,DEBTCONSOLIDATION,B,1600,11.12,0,0.06,N,2,2022,0
25,28800,RENT,2.0,MEDICAL,A,1600,6.62,0,0.06,N,2,2022,0
21,120000,MORTGAGE,5.0,VENTURE,B,15000,10.25,0,0.13,N,2,2022,0
24,120000,OWN,8.0,HOMEIMPROVEMENT,C,21000,14.26,0,0.17,Y,2,2022,0
25,25000,OWN,4.0,MEDICAL,C,17500,14.22,0,0.7,N,2,2022,0
23,120000,MORTGAGE,0.0,PERSONAL,A,17000,8.94,0,0.14,N,2,2022,0
25,120000,MORTGAGE,0.0,HOMEIMPROVEMENT,E,20000,,0,0.17,N,2,2022,0
26,120000,MORTGAGE,10.0,DEBTCONSOLIDATION,A,16000,8.94,0,0.13,N,2,2022,0
24,120000,MORTGAGE,1.0,EDUCATION,F,25000,18.53,0,0.21,N,2,2022,0
24,120000,MORTGAGE,0.0,VENTURE,B,15200,12.21,0,0.13,N,2,2022,0
23,108000,MORTGAGE,7.0,HOMEIMPROVEMENT,B,18000,11.26,1,0.17,N,2,2022,1
24,120000,MORTGAGE,0.0,DEBTCONSOLIDATION,A,16000,9.63,0,0.13,N,2,2022,0
24,108000,MORTGAGE,1.0,DEBTCONSOLIDATION,D,25000,13.99,1,0.23,Y,2,2022,1
23,120000,MORTGAGE,0.0,EDUCATION,C,23000,11.03,0,0.19,N,2,2022,0
24,120000,MORTGAGE,8.0,HOMEIMPROVEMENT,C,9500,11.66,0,0.08,Y,2,2022,0
22,82000,RENT,2.0,EDUCATION,B,1600,11.89,0,0.02,N,2,2022,0
25,12732,RENT,,HOMEIMPROVEMENT,C,1550,15.27,1,0.12,N,2,2022,1
22,120456,MORTGAGE,6.0,EDUCATION,D,20000,14.96,0,0.17,Y,2,2022,0
21,24996,OWN,5.0,VENTURE,A,5000,7.51,0,0.2,N,2,2022,0
25,121000,MORTGAGE,9.0,MEDICAL,B,13600,11.99,0,0.11,N,2,2022,0
25,121000,MORTGAGE,6.0,VENTURE,B,13000,,0,0.11,N,2,2022,0
24,121000,MORTGAGE,0.0,EDUCATION,B,20400,10.75,0,0.17,N,2,2022,0
22,12000,RENT,1.0,VENTURE,A,1500,6.99,0,0.13,N,2,2022,0
23,14088,RENT,2.0,MEDICAL,B,1500,8.88,0,0.11,N,2,2022,0
25,14400,RENT,0.0,VENTURE,C,1500,12.99,1,0.1,Y,2,2022,1
23,122000,MORTGAGE,7.0,EDUCATION,C,16000,13.49,0,0.13,N,2,2022,0
22,24744,OWN,5.0,VENTURE,B,5000,11.89,0,0.2,N,2,2022,0
22,122000,MORTGAGE,6.0,MEDICAL,A,6000,6.92,0,0.05,N,2,2022,0
22,24605,OWN,3.0,VENTURE,C,10000,,0,0.41,Y,2,2022,0
21,15600,RENT,2.0,EDUCATION,B,1500,11.86,0,0.1,N,2,2022,0
26,122000,MORTGAGE,10.0,PERSONAL,A,6000,7.51,0,0.05,N,2,2022,0
21,17000,RENT,0.0,DEBTCONSOLIDATION,E,1500,18.64,1,0.09,N,2,2022,1
22,18000,RENT,0.0,HOMEIMPROVEMENT,E,1500,18.64,1,0.08,N,2,2022,1
21,18000,RENT,6.0,DEBTCONSOLIDATION,C,1500,12.61,0,0.08,Y,2,2022,0
26,18000,RENT,0.0,EDUCATION,B,1500,11.36,0,0.08,N,2,2022,0
26,124500,MORTGAGE,10.0,PERSONAL,B,6000,10.62,0,0.05,N,2,2022,0
23,124800,MORTGAGE,4.0,MEDICAL,B,28000,,0,0.22,N,2,2022,0
21,112800,MORTGAGE,2.0,EDUCATION,C,16000,13.48,1,0.14,Y,2,2022,1
23,124896,MORTGAGE,5.0,VENTURE,B,14400,,0,0.12,N,2,2022,0
23,24000,OWN,2.0,VENTURE,C,6000,15.23,0,0.25,Y,2,2022,0
23,24000,OWN,7.0,EDUCATION,A,5000,7.49,0,0.21,N,2,2022,0
22,21216,RENT,0.0,MEDICAL,B,1500,11.86,0,0.07,N,2,2022,0
22,24000,OWN,0.0,DEBTCONSOLIDATION,D,4200,15.62,0,0.17,Y,2,2022,0
24,23004,RENT,9.0,DEBTCONSOLIDATION,A,1500,7.68,0,0.07,N,2,2022,0
23,24000,RENT,4.0,VENTURE,B,1500,11.49,0,0.06,N,2,2022,0
25,96050,MORTGAGE,3.0,MEDICAL,E,35000,19.29,1,0.31,N,2,2022,1
23,125000,MORTGAGE,7.0,EDUCATION,B,5000,,0,0.04,N,2,2022,0
26,25000,RENT,1.0,DEBTCONSOLIDATION,E,1500,14.7,1,0.06,N,2,2022,1
25,125000,OWN,9.0,PERSONAL,B,25000,10.59,0,0.2,N,2,2022,0
26,25200,RENT,2.0,MEDICAL,C,1500,13.49,0,0.06,Y,2,2022,0
21,125000,MORTGAGE,2.0,PERSONAL,A,6000,5.79,0,0.05,N,2,2022,0
24,125000,MORTGAGE,9.0,DEBTCONSOLIDATION,B,25000,10.0,0,0.2,N,2,2022,0
25,53000,RENT,5.0,EDUCATION,C,15000,14.27,0,0.28,Y,2,2022,0
25,113000,MORTGAGE,4.0,DEBTCONSOLIDATION,D,5000,14.54,1,0.04,Y,2,2022,1
26,113000,MORTGAGE,10.0,PERSONAL,A,12000,7.29,1,0.11,N,2,2022,1
23,53500,RENT,6.0,EDUCATION,C,15000,13.47,0,0.28,N,2,2022,0
23,54996,RENT,8.0,EDUCATION,D,15000,14.83,0,0.27,N,2,2022,0
23,125000,MORTGAGE,7.0,MEDICAL,B,10000,9.99,0,0.08,N,2,2022,0
26,55000,RENT,10.0,MEDICAL,B,15000,11.12,0,0.27,N,2,2022,0
26,125000,MORTGAGE,2.0,DEBTCONSOLIDATION,C,20000,13.11,0,0.16,N,2,2022,0
21,125000,MORTGAGE,0.0,PERSONAL,A,10000,7.51,0,0.08,N,2,2022,0
24,55000,RENT,2.0,PERSONAL,A,15000,,0,0.27,N,2,2022,0
26,125000,MORTGAGE,5.0,HOMEIMPROVEMENT,B,7400,12.53,0,0.06,N,2,2022,0
25,55315,RENT,3.0,EDUCATION,B,15000,10.74,0,0.27,N,2,2022,0
23,96050,MORTGAGE,0.0,MEDICAL,F,15000,19.13,1,0.13,N,2,2022,1
22,24000,OWN,2.0,PERSONAL,C,3000,13.61,0,0.13,N,2,2022,0
22,125000,MORTGAGE,0.0,PERSONAL,D,25000,,0,0.2,Y,2,2022,0
24,56000,RENT,1.0,DEBTCONSOLIDATION,C,15000,12.87,0,0.27,N,2,2022,0
25,125000,MORTGAGE,6.0,MEDICAL,A,8000,9.63,0,0.06,N,2,2022,0
22,125000,MORTGAGE,6.0,VENTURE,B,10000,,0,0.08,N,2,2022,0
26,125000,MORTGAGE,4.0,MEDICAL,A,9600,5.79,0,0.08,N,2,2022,0
22,125004,MORTGAGE,6.0,EDUCATION,A,30000,7.9,0,0.24,N,2,2022,0
22,125004,OTHER,6.0,VENTURE,D,10000,14.74,0,0.08,N,2,2022,0
24,126000,MORTGAGE,7.0,MEDICAL,C,11800,,0,0.09,Y,2,2022,0
26,114000,MORTGAGE,4.0,HOMEIMPROVEMENT,B,6000,10.0,1,0.05,N,2,2022,1
24,53000,RENT,1.0,DEBTCONSOLIDATION,D,15000,16.77,1,0.28,N,2,2022,1
25,126500,MORTGAGE,2.0,EDUCATION,B,2000,,0,0.02,N,2,2022,0
23,97583,MORTGAGE,7.0,MEDICAL,D,6950,13.67,1,0.06,N,2,2022,1
23,126996,OWN,2.0,EDUCATION,B,11000,10.0,0,0.09,N,2,2022,0
25,127000,MORTGAGE,9.0,PERSONAL,B,6000,9.91,0,0.05,N,2,2022,0
23,54000,RENT,7.0,MEDICAL,C,15000,15.27,1,0.28,N,2,2022,1
25,127741,MORTGAGE,9.0,DEBTCONSOLIDATION,A,12000,7.88,0,0.09,N,2,2022,0
23,128000,MORTGAGE,7.0,EDUCATION,A,6000,7.49,0,0.05,N,2,2022,0
23,128000,MORTGAGE,4.0,EDUCATION,C,4800,12.99,0,0.04,Y,2,2022,0
22,128474,MORTGAGE,6.0,DEBTCONSOLIDATION,A,30000,7.29,0,0.23,N,2,2022,0
23,129600,OWN,7.0,PERSONAL,A,13500,5.42,0,0.1,N,2,2022,0
22,130000,MORTGAGE,6.0,PERSONAL,C,3000,13.49,0,0.02,N,2,2022,0
23,60000,RENT,0.0,DEBTCONSOLIDATION,B,15000,11.11,0,0.25,N,2,2022,0
24,130000,MORTGAGE,8.0,VENTURE,A,6000,6.62,0,0.05,N,2,2022,0
26,130000,MORTGAGE,8.0,PERSONAL,A,10000,6.03,0,0.08,N,2,2022,0
24,130000,MORTGAGE,3.0,DEBTCONSOLIDATION,B,5000,12.42,0,0.04,N,2,2022,0
26,130000,MORTGAGE,2.0,MEDICAL,A,18000,7.9,0,0.14,N,2,2022,0
24,60000,RENT,7.0,HOMEIMPROVEMENT,C,15000,13.85,0,0.25,Y,2,2022,0
23,60000,RENT,7.0,PERSONAL,C,15000,14.22,0,0.25,Y,2,2022,0
24,130000,MORTGAGE,8.0,DEBTCONSOLIDATION,B,6000,10.59,0,0.05,N,2,2022,0
23,130000,MORTGAGE,,MEDICAL,A,6000,5.42,0,0.05,N,2,2022,0
25,130000,MORTGAGE,5.0,HOMEIMPROVEMENT,A,3000,5.42,0,0.02,N,2,2022,0
23,60480,RENT,7.0,EDUCATION,B,15000,10.83,0,0.25,N,2,2022,0
24,130000,MORTGAGE,8.0,EDUCATION,A,18500,,0,0.14,N,2,2022,0
24,61100,RENT,1.0,DEBTCONSOLIDATION,B,15000,12.53,0,0.25,N,2,2022,0
25,130000,MORTGAGE,2.0,VENTURE,A,12000,7.51,0,0.09,N,2,2022,0
25,130000,MORTGAGE,5.0,VENTURE,C,20000,13.48,0,0.15,N,2,2022,0
21,56000,RENT,5.0,MEDICAL,E,15000,16.0,1,0.27,N,2,2022,1
23,130000,OWN,7.0,VENTURE,D,22600,14.96,0,0.17,Y,2,2022,0
22,22800,OWN,1.0,MEDICAL,A,9000,5.99,0,0.39,N,2,2022,0
25,130000,MORTGAGE,9.0,PERSONAL,B,15000,11.89,0,0.12,N,2,2022,0
26,130000,MORTGAGE,9.0,EDUCATION,A,7000,8.0,0,0.05,N,2,2022,0
25,58000,RENT,5.0,DEBTCONSOLIDATION,D,15000,18.25,1,0.26,N,2,2022,1
24,130000,MORTGAGE,2.0,MEDICAL,B,1250,10.95,0,0.01,N,2,2022,0
24,130000,MORTGAGE,6.0,PERSONAL,B,20000,11.58,0,0.15,N,2,2022,0
26,130000,MORTGAGE,3.0,PERSONAL,B,5000,9.64,0,0.04,N,2,2022,0
23,130008,MORTGAGE,0.0,MEDICAL,A,9000,7.74,0,0.07,N,2,2022,0
23,130104,MORTGAGE,7.0,VENTURE,A,24000,6.54,0,0.18,N,2,2022,0
22,130920,MORTGAGE,0.0,VENTURE,A,15000,8.94,0,0.11,N,2,2022,0
24,22320,OWN,4.0,MEDICAL,E,1000,16.32,1,0.04,N,2,2022,1
26,132000,MORTGAGE,3.0,EDUCATION,A,10200,7.9,0,0.08,N,2,2022,0
23,132000,MORTGAGE,5.0,PERSONAL,A,15000,6.99,0,0.11,N,2,2022,0
25,65000,RENT,4.0,PERSONAL,C,15000,13.49,0,0.23,N,2,2022,0
24,132000,MORTGAGE,8.0,VENTURE,D,14000,17.49,0,0.11,Y,2,2022,0
23,120000,MORTGAGE,7.0,HOMEIMPROVEMENT,D,8000,,1,0.07,Y,2,2022,1
22,132000,MORTGAGE,3.0,MEDICAL,A,10000,7.66,0,0.08,N,2,2022,0
24,65000,RENT,5.0,PERSONAL,A,15000,6.17,0,0.23,N,2,2022,0
25,120000,MORTGAGE,4.0,HOMEIMPROVEMENT,B,25000,10.99,1,0.21,N,2,2022,1
25,132000,MORTGAGE,1.0,VENTURE,B,12000,,0,0.09,N,2,2022,0
24,65000,RENT,8.0,MEDICAL,B,15000,9.88,0,0.23,N,2,2022,0
24,103044,MORTGAGE,8.0,MEDICAL,D,11600,15.05,1,0.1,Y,2,2022,1
25,65000,RENT,9.0,EDUCATION,E,15000,16.32,0,0.23,N,2,2022,0
25,59004,RENT,1.0,VENTURE,D,15000,15.58,1,0.25,N,2,2022,1
24,135000,MORTGAGE,8.0,VENTURE,B,21000,12.69,0,0.16,N,2,2022,0
20,135000,MORTGAGE,1.0,VENTURE,C,15000,15.96,0,0.11,Y,2,2022,0
24,135000,MORTGAGE,5.0,HOMEIMPROVEMENT,A,8800,6.03,0,0.07,N,2,2022,0
24,135000,MORTGAGE,4.0,MEDICAL,A,25000,7.49,0,0.19,N,2,2022,0
26,135000,MORTGAGE,10.0,DEBTCONSOLIDATION,C,24000,12.99,0,0.18,N,2,2022,0
23,135000,MORTGAGE,1.0,VENTURE,D,12500,15.99,0,0.09,N,2,2022,0
24,135000,MORTGAGE,0.0,EDUCATION,A,6000,6.92,0,0.04,N,2,2022,0
24,135000,MORTGAGE,8.0,PERSONAL,B,21000,10.74,0,0.16,N,2,2022,0
21,69000,RENT,3.0,MEDICAL,A,15000,8.49,0,0.22,N,2,2022,0
24,135000,MORTGAGE,8.0,EDUCATION,A,12000,9.38,0,0.09,N,2,2022,0
21,70000,RENT,5.0,EDUCATION,B,15000,10.38,0,0.21,N,2,2022,0
25,70000,RENT,6.0,PERSONAL,B,15000,11.89,0,0.21,N,2,2022,0
26,137000,MORTGAGE,3.0,EDUCATION,B,3500,12.18,0,0.03,N,2,2022,0
23,137000,MORTGAGE,0.0,EDUCATION,A,11400,9.63,0,0.08,N,2,2022,0
22,137004,MORTGAGE,3.0,VENTURE,A,10000,5.79,0,0.07,N,2,2022,0
23,138000,MORTGAGE,7.0,PERSONAL,B,2700,11.86,0,0.02,N,2,2022,0
25,126996,MORTGAGE,8.0,DEBTCONSOLIDATION,C,5000,12.73,1,0.04,Y,2,2022,1
23,21000,OWN,2.0,EDUCATION,C,6000,15.27,0,0.29,N,2,2022,0
26,139992,MORTGAGE,0.0,DEBTCONSOLIDATION,B,14400,,0,0.1,N,2,2022,0
24,128000,MORTGAGE,7.0,DEBTCONSOLIDATION,D,18000,17.27,1,0.14,Y,2,2022,1
25,140000,MORTGAGE,3.0,MEDICAL,B,8000,11.71,0,0.06,N,2,2022,0
26,66000,RENT,2.0,PERSONAL,D,15000,16.02,1,0.23,N,2,2022,1
22,72000,RENT,6.0,VENTURE,E,15000,17.19,0,0.21,N,2,2022,0
24,140000,MORTGAGE,8.0,HOMEIMPROVEMENT,B,25000,10.36,0,0.18,N,2,2022,0
24,140000,MORTGAGE,8.0,MEDICAL,B,16000,10.38,0,0.11,N,2,2022,0
25,128000,MORTGAGE,4.0,HOMEIMPROVEMENT,B,10000,11.58,1,0.08,N,2,2022,1
21,20004,OWN,2.0,MEDICAL,B,2500,9.63,0,0.12,N,2,2022,0
24,141000,OWN,8.0,PERSONAL,A,10000,7.49,0,0.07,N,2,2022,0
24,142000,OWN,0.0,VENTURE,A,7500,7.88,0,0.05,N,2,2022,0
24,132000,MORTGAGE,8.0,DEBTCONSOLIDATION,D,1500,17.27,1,0.01,N,2,2022,1
23,144000,MORTGAGE,7.0,PERSONAL,A,10000,5.99,0,0.07,N,2,2022,0
23,144000,OWN,1.0,VENTURE,A,6800,7.49,0,0.05,N,2,2022,0
25,144996,MORTGAGE,2.0,EDUCATION,E,25000,16.35,0,0.17,Y,2,2022,0
23,77000,RENT,7.0,PERSONAL,B,15000,12.42,0,0.19,N,2,2022,0
24,20000,OWN,2.0,HOMEIMPROVEMENT,A,3000,8.94,0,0.15,N,2,2022,0
26,145000,MORTGAGE,9.0,DEBTCONSOLIDATION,B,14000,10.59,0,0.1,N,2,2022,0
24,145000,MORTGAGE,3.0,MEDICAL,B,12000,10.99,0,0.08,N,2,2022,0
23,73000,RENT,7.0,EDUCATION,A,15000,7.51,1,0.21,N,2,2022,1
23,145000,MORTGAGE,3.0,MEDICAL,B,12000,10.37,0,0.08,N,2,2022,0
25,145000,MORTGAGE,7.0,MEDICAL,A,12000,5.79,0,0.08,N,2,2022,0
21,80000,RENT,3.0,VENTURE,A,15000,,0,0.19,N,2,2022,0
26,80000,RENT,11.0,VENTURE,A,15000,8.49,0,0.19,N,2,2022,0
25,133000,MORTGAGE,8.0,DEBTCONSOLIDATION,F,3000,17.9,1,0.02,Y,2,2022,1
25,145000,MORTGAGE,3.0,PERSONAL,B,7500,10.08,0,0.05,N,2,2022,0
21,19800,OWN,4.0,HOMEIMPROVEMENT,D,6800,14.59,1,0.34,N,2,2022,1
23,145596,MORTGAGE,0.0,DEBTCONSOLIDATION,A,4700,6.92,0,0.03,N,2,2022,0
25,133900,MORTGAGE,9.0,VENTURE,D,7500,13.49,1,0.06,Y,2,2022,1
26,145992,MORTGAGE,0.0,EDUCATION,D,20000,,0,0.14,Y,2,2022,0
21,146000,MORTGAGE,5.0,DEBTCONSOLIDATION,C,4000,13.72,0,0.03,N,2,2022,0
23,74000,RENT,1.0,VENTURE,D,15000,15.65,1,0.2,N,2,2022,1
21,19200,OWN,0.0,PERSONAL,B,2400,9.91,0,0.13,N,2,2022,0
24,148000,MORTGAGE,0.0,EDUCATION,A,4000,7.88,0,0.03,N,2,2022,0
25,136112,MORTGAGE,9.0,HOMEIMPROVEMENT,E,15600,19.42,1,0.11,N,2,2022,1
25,150000,MORTGAGE,3.0,MEDICAL,A,12000,,0,0.08,N,2,2022,0
23,19200,OWN,,PERSONAL,A,6000,6.54,1,0.31,N,2,2022,1
21,19200,OWN,5.0,EDUCATION,A,3300,6.17,1,0.17,N,2,2022,1
26,150000,MORTGAGE,6.0,EDUCATION,D,6400,15.62,0,0.04,Y,2,2022,0
24,85100,RENT,3.0,EDUCATION,C,15000,,0,0.18,Y,2,2022,0
26,87000,RENT,6.0,MEDICAL,A,15000,5.99,0,0.17,N,2,2022,0
23,150000,MORTGAGE,7.0,DEBTCONSOLIDATION,A,9600,6.92,0,0.06,N,2,2022,0
22,87000,RENT,6.0,PERSONAL,B,15000,10.62,0,0.17,N,2,2022,0
26,150000,MORTGAGE,1.0,PERSONAL,B,6000,10.74,0,0.04,N,2,2022,0
25,150000,MORTGAGE,9.0,MEDICAL,B,25000,10.37,0,0.17,N,2,2022,0
25,150000,MORTGAGE,3.0,HOMEIMPROVEMENT,A,15000,6.54,0,0.1,N,2,2022,0
23,150000,MORTGAGE,7.0,MEDICAL,A,8000,6.91,0,0.05,N,2,2022,0
23,88000,RENT,0.0,EDUCATION,C,15000,10.28,0,0.17,N,2,2022,0
24,90000,RENT,0.0,DEBTCONSOLIDATION,A,15000,7.9,0,0.17,N,2,2022,0
24,150000,MORTGAGE,3.0,MEDICAL,C,15000,,0,0.1,N,2,2022,0
25,150000,MORTGAGE,9.0,DEBTCONSOLIDATION,B,25000,10.25,0,0.17,N,2,2022,0
24,150000,MORTGAGE,8.0,EDUCATION,B,25000,,0,0.17,N,2,2022,0
24,90000,RENT,3.0,HOMEIMPROVEMENT,B,15000,11.86,0,0.17,N,2,2022,0
26,150000,MORTGAGE,10.0,PERSONAL,B,15000,12.21,0,0.1,N,2,2022,0
21,150075,OWN,0.0,VENTURE,A,25000,7.49,0,0.17,N,2,2022,0
23,150600,MORTGAGE,3.0,EDUCATION,A,2400,7.49,0,0.02,N,2,2022,0
24,151000,MORTGAGE,8.0,HOMEIMPROVEMENT,C,35000,14.27,0,0.23,Y,2,2022,0
21,151000,MORTGAGE,5.0,VENTURE,B,8000,11.12,0,0.05,N,2,2022,0
24,31000,RENT,6.0,PERSONAL,C,15075,15.27,1,0.49,Y,2,2022,1
26,152000,MORTGAGE,3.0,MEDICAL,A,17500,8.49,0,0.12,N,2,2022,0
26,152229,OWN,3.0,PERSONAL,B,15000,11.36,0,0.1,N,2,2022,0
25,153600,MORTGAGE,1.0,DEBTCONSOLIDATION,A,18000,6.99,0,0.12,N,2,2022,0
25,155000,MORTGAGE,9.0,MEDICAL,A,18000,7.51,0,0.12,N,2,2022,0
23,143000,MORTGAGE,7.0,DEBTCONSOLIDATION,D,24250,14.59,1,0.17,Y,2,2022,1
25,155004,MORTGAGE,9.0,HOMEIMPROVEMENT,A,10500,7.49,0,0.07,N,2,2022,0
23,31200,RENT,0.0,MEDICAL,E,15250,17.93,1,0.49,N,2,2022,1
26,155142,MORTGAGE,6.0,PERSONAL,D,23000,18.25,0,0.15,N,2,2022,0
25,155796,MORTGAGE,4.0,PERSONAL,C,25000,13.48,0,0.16,N,2,2022,0
26,156000,MORTGAGE,6.0,VENTURE,C,9600,14.27,0,0.06,Y,2,2022,0
24,38272,RENT,1.0,VENTURE,C,15250,14.17,1,0.4,Y,2,2022,1
26,34000,RENT,3.0,VENTURE,C,15250,13.22,1,0.45,Y,2,2022,1
24,36000,RENT,6.0,MEDICAL,E,15250,15.95,1,0.42,Y,2,2022,1
26,17500,OWN,10.0,PERSONAL,A,5500,,1,0.31,N,2,2022,1
25,156000,MORTGAGE,9.0,DEBTCONSOLIDATION,C,10000,13.22,0,0.06,Y,2,2022,0
24,120000,RENT,9.0,MEDICAL,C,15400,14.26,0,0.13,N,2,2022,0
26,145000,MORTGAGE,9.0,HOMEIMPROVEMENT,B,20000,10.25,1,0.14,N,2,2022,1
24,36000,RENT,8.0,VENTURE,E,15450,13.43,1,0.43,N,2,2022,1
25,158000,MORTGAGE,10.0,VENTURE,C,20000,14.26,0,0.13,Y,2,2022,0
22,71760,RENT,6.0,EDUCATION,A,15500,7.88,0,0.22,N,2,2022,0
26,125000,RENT,0.0,EDUCATION,A,15500,7.88,0,0.12,N,2,2022,0
24,160000,MORTGAGE,8.0,HOMEIMPROVEMENT,E,20000,19.69,0,0.13,Y,2,2022,0
23,160000,MORTGAGE,1.0,VENTURE,C,35000,15.23,0,0.22,Y,2,2022,0
24,148000,MORTGAGE,8.0,DEBTCONSOLIDATION,D,25000,15.31,1,0.17,Y,2,2022,1
24,63000,RENT,1.0,HOMEIMPROVEMENT,A,15675,6.54,0,0.25,N,2,2022,0
23,68000,RENT,3.0,MEDICAL,B,15700,11.49,0,0.23,N,2,2022,0
24,162000,MORTGAGE,8.0,DEBTCONSOLIDATION,C,16000,15.96,0,0.1,Y,2,2022,0
23,163000,OWN,5.0,EDUCATION,B,10000,11.36,0,0.06,N,2,2022,0
22,104000,RENT,3.0,MEDICAL,C,15900,13.49,0,0.15,N,2,2022,0
24,15996,OWN,8.0,EDUCATION,A,4000,8.0,1,0.25,N,2,2022,1
23,80000,RENT,6.0,EDUCATION,A,16000,,0,0.2,N,2,2022,0
23,167300,MORTGAGE,1.0,EDUCATION,B,20000,12.21,0,0.12,N,2,2022,0
23,168000,MORTGAGE,6.0,PERSONAL,B,15750,10.75,0,0.09,N,2,2022,0
26,81000,RENT,7.0,HOMEIMPROVEMENT,C,16000,13.85,0,0.2,Y,2,2022,0
25,83000,RENT,2.0,DEBTCONSOLIDATION,B,16000,10.99,0,0.19,N,2,2022,0
23,85000,RENT,2.0,PERSONAL,C,16000,14.27,0,0.19,N,2,2022,0
25,170000,MORTGAGE,9.0,MEDICAL,B,25000,10.75,0,0.15,N,2,2022,0
24,85000,RENT,0.0,EDUCATION,A,16000,6.91,0,0.19,N,2,2022,0
24,134300,MORTGAGE,2.0,MEDICAL,E,12000,16.45,1,0.08,N,2,2022,1
21,15300,OWN,5.0,MEDICAL,A,2500,6.03,1,0.16,N,2,2022,1
26,172000,MORTGAGE,7.0,VENTURE,A,12000,,0,0.07,N,2,2022,0
25,86000,RENT,9.0,EDUCATION,D,16000,16.29,0,0.19,Y,2,2022,0
26,175000,MORTGAGE,7.0,DEBTCONSOLIDATION,B,30000,,0,0.17,N,2,2022,0
24,90000,RENT,7.0,EDUCATION,B,16000,12.18,0,0.18,N,2,2022,0
24,79200,RENT,3.0,EDUCATION,D,16000,12.67,1,0.2,Y,2,2022,1
25,178364,MORTGAGE,9.0,PERSONAL,E,8000,15.68,0,0.04,Y,2,2022,0
25,180000,MORTGAGE,9.0,HOMEIMPROVEMENT,B,14400,,0,0.08,N,2,2022,0
24,142800,MORTGAGE,8.0,MEDICAL,D,25000,14.84,1,0.15,Y,2,2022,1
25,180488,MORTGAGE,9.0,HOMEIMPROVEMENT,C,24000,12.87,0,0.13,N,2,2022,0
23,168952,MORTGAGE,5.0,HOMEIMPROVEMENT,A,12500,8.94,1,0.07,N,2,2022,1
25,181408,MORTGAGE,2.0,MEDICAL,B,14500,8.88,0,0.08,N,2,2022,0
24,185000,MORTGAGE,6.0,MEDICAL,A,3000,7.88,0,0.02,N,2,2022,0
24,189000,MORTGAGE,4.0,EDUCATION,A,5000,9.32,0,0.03,N,2,2022,0
24,190000,MORTGAGE,6.0,PERSONAL,A,5000,5.42,0,0.03,N,2,2022,0
26,190000,OWN,10.0,PERSONAL,B,25000,9.25,0,0.13,N,2,2022,0
25,195054,MORTGAGE,9.0,HOMEIMPROVEMENT,B,10000,10.59,0,0.05,N,2,2022,0
24,98004,RENT,0.0,DEBTCONSOLIDATION,D,16000,16.32,1,0.16,N,2,2022,1
23,14400,OWN,7.0,DEBTCONSOLIDATION,C,3000,14.72,1,0.21,Y,2,2022,1
25,199000,MORTGAGE,4.0,PERSONAL,B,15000,9.99,0,0.08,N,2,2022,0
26,200000,MORTGAGE,10.0,HOMEIMPROVEMENT,B,12000,11.71,0,0.06,N,2,2022,0
23,200000,MORTGAGE,7.0,VENTURE,B,21000,12.69,0,0.1,N,2,2022,0
24,113000,RENT,3.0,VENTURE,B,16000,11.99,0,0.14,N,2,2022,0
21,159800,MORTGAGE,5.0,MEDICAL,D,30000,15.62,1,0.16,N,2,2022,1
25,119000,RENT,4.0,EDUCATION,A,16000,,0,0.13,N,2,2022,0
22,125000,RENT,3.0,DEBTCONSOLIDATION,A,16000,7.9,0,0.13,N,2,2022,0
24,135000,RENT,3.0,EDUCATION,E,16000,16.69,0,0.12,N,2,2022,0
24,135000,RENT,8.0,VENTURE,B,16000,10.62,0,0.12,N,2,2022,0
24,205000,MORTGAGE,8.0,EDUCATION,C,35000,13.99,0,0.17,N,2,2022,0
23,143000,RENT,2.0,MEDICAL,A,16000,6.03,0,0.11,N,2,2022,0
25,170850,MORTGAGE,9.0,MEDICAL,F,6500,15.01,1,0.03,N,2,2022,1
25,220000,MORTGAGE,5.0,VENTURE,B,25000,10.75,0,0.11,N,2,2022,0
24,35000,RENT,8.0,DEBTCONSOLIDATION,B,19000,11.36,1,0.54,N,2,2022,1
22,75000,RENT,1.0,VENTURE,A,19200,,0,0.26,N,2,2022,0
26,250000,MORTGAGE,10.0,EDUCATION,A,15000,7.49,0,0.06,N,2,2022,0
26,250000,MORTGAGE,11.0,HOMEIMPROVEMENT,B,9000,9.99,0,0.04,N,2,2022,0
25,250000,MORTGAGE,4.0,EDUCATION,A,10575,6.99,0,0.04,N,2,2022,0
23,250000,MORTGAGE,7.0,EDUCATION,B,8800,10.0,0,0.04,N,2,2022,0
24,238000,MORTGAGE,2.0,DEBTCONSOLIDATION,A,7000,7.66,1,0.03,N,2,2022,1
23,300000,MORTGAGE,5.0,EDUCATION,D,10000,15.65,0,0.03,Y,2,2022,0
23,50000,RENT,0.0,EDUCATION,B,19400,12.69,1,0.39,N,2,2022,1
21,55438,RENT,4.0,VENTURE,C,19400,13.49,1,0.35,N,2,2022,1
25,365000,MORTGAGE,7.0,VENTURE,B,35000,10.65,0,0.1,N,2,2022,0
25,370000,MORTGAGE,5.0,DEBTCONSOLIDATION,C,15000,12.99,0,0.04,Y,2,2022,0
24,425000,MORTGAGE,8.0,EDUCATION,A,10000,7.88,0,0.02,N,2,2022,0
24,90000,RENT,1.0,HOMEIMPROVEMENT,B,19500,9.76,0,0.22,N,2,2022,0
23,45000,RENT,8.0,EDUCATION,B,19600,9.91,1,0.44,N,2,2022,1
24,45295,RENT,8.0,DEBTCONSOLIDATION,D,19650,15.37,1,0.43,Y,2,2022,1
25,9600,RENT,4.0,MEDICAL,D,2100,15.99,1,0.22,N,2,2022,1
25,9600,RENT,,MEDICAL,C,1200,15.23,0,0.13,N,2,2022,0
26,9600,RENT,4.0,VENTURE,D,2950,17.49,1,0.31,Y,2,2022,1
22,9600,RENT,0.0,VENTURE,A,1500,7.29,1,0.16,N,2,2022,1
22,9600,RENT,,EDUCATION,B,1200,10.37,0,0.13,N,2,2022,0
24,9600,OWN,2.0,VENTURE,A,3200,7.88,1,0.33,N,2,2022,1
23,9000,OWN,4.0,HOMEIMPROVEMENT,C,2000,13.35,1,0.22,N,2,2022,1
23,8628,OWN,,EDUCATION,A,1400,,1,0.16,N,2,2022,1
23,8400,RENT,,EDUCATION,B,2000,10.65,1,0.24,N,2,2022,1
24,8400,RENT,,EDUCATION,C,1500,13.99,1,0.18,Y,2,2022,1
22,8280,RENT,,MEDICAL,B,2400,9.91,1,0.29,N,2,2022,1
21,8088,RENT,,MEDICAL,C,1200,15.23,0,0.15,Y,2,2022,0
21,8004,RENT,4.0,MEDICAL,A,3000,7.88,1,0.37,N,2,2022,1
22,8000,RENT,,MEDICAL,A,2100,7.51,1,0.26,N,2,2022,1
21,8000,RENT,1.0,DEBTCONSOLIDATION,A,2800,7.4,1,0.35,N,2,2022,1
24,7000,RENT,2.0,MEDICAL,C,1000,,0,0.14,N,2,2022,0
24,6000,RENT,0.0,PERSONAL,A,1050,,1,0.17,N,2,2022,1
22,4800,RENT,1.0,PERSONAL,D,1800,14.84,1,0.38,Y,2,2022,1
22,4800,RENT,0.0,MEDICAL,C,1200,14.26,1,0.25,Y,2,2022,1
26,56100,MORTGAGE,10.0,MEDICAL,D,16000,,1,0.24,Y,2,2022,1
21,30000,RENT,5.0,EDUCATION,A,12000,5.79,1,0.4,N,2,2022,1
22,75000,RENT,0.0,PERSONAL,A,8000,5.99,0,0.11,N,2,2022,0
22,72000,OWN,6.0,EDUCATION,B,16000,10.37,0,0.22,N,2,2022,0
23,50400,RENT,3.0,EDUCATION,B,5000,10.38,0,0.1,N,2,2022,0
23,75000,RENT,7.0,VENTURE,C,18000,12.73,0,0.24,N,2,2022,0
22,53808,MORTGAGE,5.0,VENTURE,A,6000,8.9,0,0.11,N,2,2022,0
25,45000,RENT,4.0,DEBTCONSOLIDATION,C,15000,,1,0.33,N,2,2022,1
21,35000,MORTGAGE,5.0,EDUCATION,B,1500,9.63,0,0.04,N,2,2022,0
23,118000,MORTGAGE,4.0,VENTURE,C,12000,13.11,0,0.1,N,2,2022,0
26,42000,RENT,2.0,EDUCATION,C,4800,14.27,1,0.11,Y,2,2022,1
25,216000,MORTGAGE,2.0,HOMEIMPROVEMENT,D,25000,16.07,0,0.12,N,2,2022,0
26,37820,MORTGAGE,3.0,DEBTCONSOLIDATION,A,6300,,0,0.17,N,2,2022,0
23,90000,RENT,0.0,EDUCATION,A,12000,8.9,0,0.13,N,2,2022,0
25,88500,RENT,3.0,VENTURE,C,7200,13.47,0,0.08,Y,2,2022,0
26,30000,OWN,0.0,HOMEIMPROVEMENT,C,15000,13.22,0,0.5,Y,2,2022,0
24,30000,OWN,7.0,HOMEIMPROVEMENT,C,10000,12.61,0,0.33,Y,2,2022,0
22,36000,MORTGAGE,6.0,VENTURE,D,1400,14.84,0,0.04,N,2,2022,0
23,24000,RENT,4.0,DEBTCONSOLIDATION,A,5000,6.62,0,0.21,N,2,2022,0
24,60000,RENT,1.0,EDUCATION,B,10000,,0,0.17,N,2,2022,0
25,35000,RENT,3.0,VENTURE,B,2400,12.53,0,0.07,N,2,2022,0
25,25920,RENT,0.0,VENTURE,B,2300,11.11,0,0.09,N,2,2022,0
22,75000,RENT,2.0,MEDICAL,C,20000,,0,0.27,Y,2,2022,0
24,128000,MORTGAGE,4.0,EDUCATION,A,12000,6.03,0,0.09,N,2,2022,0
21,40000,RENT,4.0,EDUCATION,A,5000,5.79,0,0.13,N,2,2022,0
25,85000,MORTGAGE,5.0,EDUCATION,C,9600,13.85,0,0.11,N,2,2022,0
26,65000,MORTGAGE,11.0,VENTURE,A,10950,7.88,0,0.17,N,2,2022,0
23,16000,MORTGAGE,1.0,DEBTCONSOLIDATION,C,5600,12.84,1,0.35,Y,2,2022,1
23,39000,RENT,3.0,MEDICAL,B,10000,11.99,1,0.26,N,2,2022,1
24,45000,RENT,8.0,PERSONAL,C,8000,12.73,0,0.18,N,2,2022,0
26,55000,RENT,1.0,EDUCATION,C,3000,,0,0.05,Y,2,2022,0
23,75000,OWN,8.0,VENTURE,A,8000,6.17,0,0.11,N,2,2022,0
22,28800,RENT,6.0,MEDICAL,B,8000,11.49,0,0.28,N,2,2022,0
25,53000,MORTGAGE,4.0,EDUCATION,A,6000,6.62,0,0.11,N,2,2022,0
22,56400,RENT,2.0,EDUCATION,A,9500,8.9,0,0.17,N,2,2022,0
22,32240,RENT,3.0,PERSONAL,C,15000,13.22,1,0.47,N,2,2022,1
21,57000,RENT,3.0,VENTURE,A,3000,5.42,0,0.05,N,2,2022,0
25,69000,RENT,1.0,PERSONAL,D,8000,13.99,1,0.12,N,2,2022,1
25,75000,MORTGAGE,4.0,VENTURE,C,12000,13.49,0,0.16,N,2,2022,0
22,52000,MORTGAGE,5.0,VENTURE,A,6000,7.9,0,0.12,N,2,2022,0
24,45000,RENT,3.0,PERSONAL,A,7800,7.51,0,0.17,N,2,2022,0
24,87000,MORTGAGE,5.0,DEBTCONSOLIDATION,B,10000,10.36,0,0.11,N,2,2022,0
23,92004,RENT,6.0,MEDICAL,C,30000,15.23,1,0.33,Y,2,2022,1
26,39000,RENT,2.0,EDUCATION,A,8000,6.62,0,0.21,N,2,2022,0
25,44000,RENT,1.0,MEDICAL,D,8000,12.92,1,0.18,N,2,2022,1
24,39996,OWN,0.0,PERSONAL,A,3000,7.37,0,0.08,N,2,2022,0
23,21600,RENT,2.0,HOMEIMPROVEMENT,D,6000,14.42,1,0.28,N,2,2022,1
23,75000,MORTGAGE,5.0,PERSONAL,B,5000,11.12,0,0.07,N,2,2022,0
23,34000,OWN,7.0,EDUCATION,A,10950,7.29,0,0.32,N,2,2022,0
23,149385,OWN,7.0,PERSONAL,A,7000,8.94,0,0.05,N,2,2022,0
26,41400,RENT,5.0,MEDICAL,B,7300,9.45,0,0.18,N,2,2022,0
23,21000,RENT,6.0,EDUCATION,A,7500,6.91,1,0.36,N,2,2022,1
23,38800,RENT,2.0,EDUCATION,A,14575,,1,0.38,N,2,2022,1
26,38400,RENT,7.0,VENTURE,C,3200,13.49,0,0.08,N,2,2022,0
24,72400,MORTGAGE,4.0,EDUCATION,E,25000,17.99,0,0.35,Y,2,2022,0
25,60000,OWN,8.0,VENTURE,B,14000,11.12,0,0.23,N,2,2022,0
23,82500,MORTGAGE,0.0,PERSONAL,A,5000,8.49,0,0.06,N,2,2022,0
26,33600,RENT,4.0,PERSONAL,D,3300,15.65,0,0.1,Y,2,2022,0
25,54000,RENT,,HOMEIMPROVEMENT,D,12000,16.77,1,0.22,N,2,2022,1
21,60000,MORTGAGE,5.0,EDUCATION,A,6000,6.91,0,0.1,N,2,2022,0
24,54996,RENT,0.0,DEBTCONSOLIDATION,C,12500,12.87,0,0.23,N,2,2022,0
21,90000,RENT,3.0,EDUCATION,B,4800,9.62,0,0.05,N,2,2022,0
24,72000,RENT,5.0,HOMEIMPROVEMENT,B,8000,10.0,0,0.11,N,2,2022,0
22,34992,RENT,1.0,DEBTCONSOLIDATION,B,5000,,0,0.14,N,2,2022,0
25,42000,RENT,2.0,VENTURE,D,10000,14.91,1,0.24,N,2,2022,1
21,50000,MORTGAGE,5.0,PERSONAL,C,9000,13.49,0,0.18,N,2,2022,0
22,44094,RENT,1.0,PERSONAL,A,3600,7.37,0,0.08,N,2,2022,0
23,30000,RENT,1.0,MEDICAL,A,8400,,1,0.28,N,2,2022,1
24,46000,MORTGAGE,8.0,PERSONAL,A,2000,7.66,0,0.04,N,2,2022,0
22,32400,MORTGAGE,1.0,DEBTCONSOLIDATION,A,5500,,0,0.17,N,2,2022,0
26,175000,RENT,2.0,EDUCATION,B,17000,9.88,0,0.1,N,2,2022,0
22,52320,MORTGAGE,6.0,EDUCATION,D,15000,12.86,0,0.29,N,2,2022,0
25,36000,RENT,1.0,DEBTCONSOLIDATION,D,15000,15.05,1,0.42,Y,2,2022,1
22,66614,MORTGAGE,6.0,MEDICAL,E,11000,17.99,1,0.14,Y,2,2022,1
21,61464,MORTGAGE,5.0,HOMEIMPROVEMENT,C,4000,,1,0.07,Y,2,2022,1
24,156000,MORTGAGE,8.0,PERSONAL,B,15000,10.25,0,0.1,N,2,2022,0
25,43200,RENT,3.0,VENTURE,C,3000,13.8,0,0.07,N,2,2022,0
25,80000,RENT,0.0,MEDICAL,B,11200,,0,0.14,N,2,2022,0
24,43300,MORTGAGE,2.0,EDUCATION,B,24000,10.62,0,0.55,N,2,2022,0
26,159960,MORTGAGE,11.0,HOMEIMPROVEMENT,A,18325,7.49,0,0.11,N,2,2022,0
24,64000,MORTGAGE,7.0,DEBTCONSOLIDATION,F,4000,20.89,1,0.06,Y,2,2022,1
26,220836,MORTGAGE,10.0,PERSONAL,B,9000,11.26,0,0.04,N,2,2022,0
23,65000,MORTGAGE,7.0,EDUCATION,A,5500,7.88,0,0.08,N,2,2022,0
23,21000,OWN,2.0,VENTURE,C,6000,15.27,0,0.29,N,2,2022,0
26,24000,RENT,5.0,MEDICAL,A,6000,6.62,0,0.25,N,2,2022,0
22,66000,RENT,6.0,PERSONAL,C,16800,13.49,0,0.25,Y,2,2022,0
21,60000,MORTGAGE,2.0,VENTURE,B,6000,10.62,0,0.1,N,2,2022,0
22,41000,OWN,0.0,PERSONAL,A,1000,6.99,0,0.02,N,2,2022,0
25,150000,RENT,2.0,HOMEIMPROVEMENT,A,8750,7.74,0,0.06,N,2,2022,0
22,130000,MORTGAGE,3.0,DEBTCONSOLIDATION,C,14500,,0,0.11,N,2,2022,0
22,41500,RENT,6.0,PERSONAL,D,2500,15.62,0,0.06,N,2,2022,0
24,98000,OWN,8.0,VENTURE,A,12000,7.49,0,0.12,N,2,2022,0
26,42000,RENT,3.0,DEBTCONSOLIDATION,A,4500,7.66,0,0.11,N,2,2022,0
21,45000,MORTGAGE,5.0,VENTURE,A,18000,7.88,0,0.4,N,2,2022,0
23,21000,OWN,7.0,EDUCATION,B,7500,12.69,0,0.36,N,2,2022,0
24,70000,OWN,8.0,PERSONAL,B,24250,12.18,0,0.35,N,2,2022,0
22,39000,RENT,4.0,EDUCATION,A,5000,6.99,0,0.13,N,2,2022,0
22,50004,RENT,5.0,EDUCATION,D,5300,14.42,0,0.11,N,2,2022,0
21,21600,MORTGAGE,6.0,MEDICAL,A,7575,,0,0.35,N,2,2022,0
22,50500,OWN,6.0,EDUCATION,B,6000,11.83,0,0.12,N,2,2022,0
25,30000,RENT,4.0,EDUCATION,C,2000,14.22,0,0.07,N,2,2022,0
26,71004,RENT,0.0,DEBTCONSOLIDATION,D,20000,13.36,1,0.28,N,2,2022,1
25,32000,RENT,9.0,MEDICAL,E,15000,16.45,1,0.47,Y,2,2022,1
26,165000,MORTGAGE,10.0,EDUCATION,C,20000,13.22,0,0.12,Y,2,2022,0
25,84000,RENT,0.0,PERSONAL,B,4500,12.18,0,0.05,N,2,2022,0
22,38000,MORTGAGE,6.0,DEBTCONSOLIDATION,A,8500,5.42,0,0.22,N,2,2022,0
21,28776,MORTGAGE,,VENTURE,A,8000,8.9,0,0.28,N,2,2022,0
21,60000,RENT,3.0,EDUCATION,B,10000,12.18,0,0.17,N,2,2022,0
22,23800,RENT,2.0,PERSONAL,A,8800,9.32,1,0.37,N,2,2022,1
21,36000,RENT,3.0,MEDICAL,C,18500,10.91,1,0.51,N,2,2022,1
22,43600,MORTGAGE,4.0,DEBTCONSOLIDATION,D,10000,14.96,1,0.23,N,2,2022,1
25,48000,MORTGAGE,9.0,EDUCATION,C,7000,12.09,0,0.15,Y,2,2022,0
24,40000,RENT,6.0,EDUCATION,A,5000,6.17,0,0.13,N,2,2022,0
25,23198,RENT,2.0,VENTURE,A,6000,8.0,0,0.26,N,2,2022,0
20,188004,MORTGAGE,4.0,PERSONAL,A,2000,8.59,0,0.01,N,2,2022,0
25,39000,MORTGAGE,9.0,DEBTCONSOLIDATION,C,3000,13.99,0,0.08,N,2,2022,0
26,125000,MORTGAGE,10.0,PERSONAL,A,10200,7.49,0,0.08,N,2,2022,0
24,54000,MORTGAGE,5.0,PERSONAL,A,11000,5.42,0,0.2,N,2,2022,0
23,55000,RENT,0.0,DEBTCONSOLIDATION,C,10200,12.73,0,0.19,N,2,2022,0
24,141000,OWN,8.0,EDUCATION,A,10000,7.49,0,0.07,N,2,2022,0
25,67000,RENT,3.0,MEDICAL,A,7000,8.94,0,0.1,N,2,2022,0
21,57000,OWN,5.0,VENTURE,B,8000,10.65,0,0.14,N,2,2022,0
23,140000,OWN,6.0,EDUCATION,C,16400,15.96,0,0.12,N,2,2022,0
25,48000,RENT,3.0,MEDICAL,C,9000,13.79,0,0.19,Y,2,2022,0
25,70000,RENT,2.0,HOMEIMPROVEMENT,C,7000,13.79,0,0.1,Y,2,2022,0
26,81000,RENT,10.0,VENTURE,E,21000,16.95,1,0.26,N,2,2022,1
24,62400,RENT,8.0,VENTURE,B,20000,11.12,1,0.32,N,2,2022,1
23,45000,RENT,0.0,EDUCATION,C,1775,12.72,0,0.04,N,2,2022,0
22,23587,RENT,4.0,HOMEIMPROVEMENT,B,2000,11.89,1,0.08,N,2,2022,1
25,45000,RENT,2.0,PERSONAL,C,11100,13.11,0,0.25,N,2,2022,0
21,19968,RENT,4.0,EDUCATION,C,5000,,1,0.25,N,2,2022,1
24,42000,MORTGAGE,8.0,VENTURE,B,22250,11.11,0,0.53,N,2,2022,0
24,105804,MORTGAGE,8.0,EDUCATION,A,15000,7.49,0,0.14,N,2,2022,0
26,58000,MORTGAGE,2.0,MEDICAL,A,3000,6.92,0,0.05,N,2,2022,0
24,72000,RENT,4.0,EDUCATION,B,15000,10.99,0,0.21,N,2,2022,0
23,52360,MORTGAGE,,PERSONAL,D,15000,16.49,0,0.29,Y,2,2022,0
23,60000,MORTGAGE,6.0,PERSONAL,A,7000,6.54,0,0.12,N,2,2022,0
25,50000,MORTGAGE,4.0,DEBTCONSOLIDATION,A,6000,6.76,0,0.12,N,2,2022,0
25,49000,RENT,2.0,EDUCATION,A,7750,9.63,0,0.16,N,2,2022,0
26,64000,MORTGAGE,9.0,DEBTCONSOLIDATION,D,8000,12.17,1,0.13,N,2,2022,1
23,40000,RENT,3.0,EDUCATION,B,8000,11.49,0,0.2,N,2,2022,0
25,150000,MORTGAGE,9.0,HOMEIMPROVEMENT,B,25000,10.37,0,0.17,N,2,2022,0
23,32535,RENT,6.0,DEBTCONSOLIDATION,B,4000,,0,0.12,N,2,2022,0
26,122000,MORTGAGE,4.0,DEBTCONSOLIDATION,C,4800,,0,0.04,Y,2,2022,0
22,62900,MORTGAGE,1.0,MEDICAL,E,25000,14.38,1,0.34,N,2,2022,1
23,85272,RENT,7.0,EDUCATION,B,5000,11.11,0,0.06,N,2,2022,0
23,13000,RENT,3.0,HOMEIMPROVEMENT,D,2800,15.21,1,0.22,N,2,2022,1
22,39900,RENT,4.0,EDUCATION,B,19000,12.18,1,0.48,N,2,2022,1
22,48500,RENT,1.0,VENTURE,B,20000,11.36,1,0.41,N,2,2022,1
24,27600,OWN,8.0,PERSONAL,A,7000,7.9,0,0.25,N,2,2022,0
25,47000,OWN,9.0,VENTURE,A,4000,6.62,0,0.09,N,2,2022,0
21,26000,RENT,5.0,DEBTCONSOLIDATION,A,6000,7.49,0,0.23,N,2,2022,0
22,32000,RENT,1.0,EDUCATION,D,5400,16.29,1,0.17,Y,2,2022,1
21,40000,MORTGAGE,5.0,PERSONAL,A,5000,6.62,0,0.13,N,2,2022,0
26,37500,RENT,3.0,VENTURE,D,10000,14.91,0,0.27,Y,2,2022,0
25,32500,MORTGAGE,3.0,EDUCATION,A,12500,7.9,0,0.38,N,2,2022,0
24,65000,MORTGAGE,8.0,EDUCATION,A,3300,7.51,0,0.05,N,2,2022,0
25,150000,MORTGAGE,9.0,VENTURE,A,8200,5.79,0,0.05,N,2,2022,0
21,60000,RENT,2.0,VENTURE,A,5000,8.49,0,0.08,N,2,2022,0
23,35000,MORTGAGE,7.0,VENTURE,A,2100,5.42,0,0.06,N,2,2022,0
24,16000,RENT,2.0,EDUCATION,D,4200,,1,0.26,N,2,2022,1
24,24000,RENT,5.0,MEDICAL,C,5500,14.27,0,0.23,N,2,2022,0
26,85000,MORTGAGE,3.0,EDUCATION,D,10000,14.09,0,0.12,N,2,2022,0
21,36000,MORTGAGE,5.0,MEDICAL,B,1000,12.42,0,0.03,N,2,2022,0
21,18000,RENT,2.0,HOMEIMPROVEMENT,C,5800,14.72,1,0.32,Y,2,2022,1
25,85000,MORTGAGE,7.0,DEBTCONSOLIDATION,C,12000,14.65,0,0.14,N,2,2022,0
25,42000,RENT,3.0,EDUCATION,C,10000,13.8,1,0.24,N,2,2022,1
22,165000,MORTGAGE,5.0,VENTURE,D,24000,15.62,0,0.15,Y,2,2022,0
26,40000,RENT,0.0,MEDICAL,C,1800,13.23,0,0.04,Y,2,2022,0
24,70000,OWN,,EDUCATION,A,6000,5.42,0,0.09,N,2,2022,0
22,83000,OWN,6.0,EDUCATION,D,25000,15.95,0,0.3,N,2,2022,0
23,42000,RENT,7.0,DEBTCONSOLIDATION,B,15000,11.83,1,0.36,N,2,2022,1
26,60000,RENT,0.0,VENTURE,A,24000,7.9,1,0.4,N,2,2022,1
23,95000,MORTGAGE,7.0,EDUCATION,A,35000,7.9,0,0.37,N,2,2022,0
23,70000,RENT,3.0,EDUCATION,A,12000,7.9,0,0.17,N,2,2022,0
25,123144,RENT,2.0,VENTURE,B,12000,10.75,0,0.1,N,2,2022,0
21,52000,RENT,5.0,PERSONAL,B,1500,11.99,0,0.03,N,2,2022,0
23,70000,RENT,8.0,VENTURE,A,6725,6.62,0,0.1,N,2,2022,0
24,70000,MORTGAGE,2.0,PERSONAL,C,6000,15.23,0,0.09,Y,2,2022,0
26,120000,MORTGAGE,0.0,DEBTCONSOLIDATION,A,6000,,0,0.05,N,2,2022,0
23,66661,MORTGAGE,7.0,PERSONAL,B,1500,11.49,0,0.02,N,2,2022,0
23,200000,MORTGAGE,0.0,EDUCATION,A,5000,7.43,0,0.03,N,2,2022,0
26,32000,RENT,3.0,DEBTCONSOLIDATION,A,5000,6.03,0,0.16,N,2,2022,0
25,36000,OWN,10.0,MEDICAL,B,11200,9.76,0,0.31,N,2,2022,0
25,32000,RENT,2.0,MEDICAL,D,8575,15.62,1,0.27,N,2,2022,1
24,84000,RENT,1.0,MEDICAL,A,12000,6.91,0,0.14,N,2,2022,0
23,63402,RENT,3.0,VENTURE,C,6000,13.22,0,0.09,Y,2,2022,0
25,100000,RENT,3.0,EDUCATION,B,12000,9.91,0,0.12,N,2,2022,0
23,120000,MORTGAGE,,PERSONAL,A,10000,,0,0.08,N,2,2022,0
26,36996,RENT,8.0,MEDICAL,C,9600,11.97,0,0.26,Y,2,2022,0
24,130000,OWN,8.0,VENTURE,B,22800,,0,0.18,N,2,2022,0
23,115000,MORTGAGE,7.0,EDUCATION,C,10000,14.27,0,0.09,Y,2,2022,0
22,41000,MORTGAGE,6.0,HOMEIMPROVEMENT,A,7000,7.9,1,0.17,N,2,2022,1
26,75000,MORTGAGE,9.0,MEDICAL,C,4000,12.99,0,0.05,Y,2,2022,0
24,50000,RENT,0.0,VENTURE,B,7200,11.71,0,0.14,N,2,2022,0
25,61000,OWN,2.0,PERSONAL,C,15000,14.65,0,0.25,N,2,2022,0
26,74000,MORTGAGE,10.0,EDUCATION,B,4475,9.99,0,0.06,N,2,2022,0
24,54400,RENT,4.0,MEDICAL,B,2500,11.14,1,0.04,N,2,2022,1
25,19200,RENT,3.0,MEDICAL,B,5000,10.99,1,0.26,N,2,2022,1
23,26400,RENT,7.0,EDUCATION,A,3800,7.9,0,0.14,N,2,2022,0
23,51000,MORTGAGE,6.0,DEBTCONSOLIDATION,D,17500,14.09,1,0.34,Y,2,2022,1
26,59000,RENT,2.0,PERSONAL,E,18000,16.0,1,0.31,Y,2,2022,1
24,200000,RENT,8.0,VENTURE,B,12000,12.69,0,0.06,N,2,2022,0
21,192000,MORTGAGE,0.0,EDUCATION,A,20000,6.54,0,0.1,N,2,2022,0
23,140000,RENT,7.0,VENTURE,A,9000,7.14,0,0.06,N,2,2022,0
21,30000,RENT,0.0,MEDICAL,B,1000,10.99,0,0.03,N,2,2022,0
23,48500,RENT,5.0,MEDICAL,A,3850,8.49,0,0.08,N,2,2022,0
26,80000,MORTGAGE,10.0,HOMEIMPROVEMENT,D,15000,16.07,0,0.19,Y,2,2022,0
23,90000,RENT,4.0,DEBTCONSOLIDATION,C,13000,12.73,0,0.14,N,2,2022,0
22,48000,MORTGAGE,7.0,EDUCATION,B,6500,10.62,0,0.14,N,2,2022,0
22,18000,RENT,0.0,PERSONAL,B,3600,,1,0.2,N,2,2022,1
21,14400,RENT,2.0,PERSONAL,D,1825,15.62,1,0.13,Y,2,2022,1
21,24000,RENT,,MEDICAL,C,10000,13.48,1,0.42,N,2,2022,1
23,116000,RENT,7.0,EDUCATION,A,11000,8.94,0,0.09,N,2,2022,0
23,80000,MORTGAGE,7.0,MEDICAL,A,10000,7.74,0,0.13,N,2,2022,0
26,22406,RENT,5.0,HOMEIMPROVEMENT,A,2500,6.76,1,0.11,N,2,2022,1
23,57700,MORTGAGE,7.0,PERSONAL,B,3500,10.65,0,0.06,N,2,2022,0
23,30000,MORTGAGE,4.0,MEDICAL,D,4000,16.32,1,0.13,N,2,2022,1
22,50000,RENT,1.0,VENTURE,A,7500,8.32,0,0.15,N,2,2022,0
23,19250,RENT,1.0,HOMEIMPROVEMENT,E,6250,16.82,1,0.32,N,2,2022,1
25,68000,RENT,1.0,EDUCATION,C,10000,14.26,0,0.15,Y,2,2022,0
25,39000,RENT,6.0,EDUCATION,D,16000,15.65,1,0.41,N,2,2022,1
24,70000,RENT,2.0,EDUCATION,B,13000,10.0,0,0.19,N,2,2022,0
26,53826,MORTGAGE,10.0,HOMEIMPROVEMENT,C,8500,14.79,1,0.16,N,2,2022,1
25,31000,RENT,2.0,DEBTCONSOLIDATION,A,1800,8.32,0,0.06,N,2,2022,0
24,100000,RENT,6.0,VENTURE,A,11000,5.42,0,0.11,N,2,2022,0
23,70000,MORTGAGE,5.0,PERSONAL,B,20000,12.21,0,0.29,N,2,2022,0
25,109000,MORTGAGE,5.0,PERSONAL,B,15000,10.25,0,0.14,N,2,2022,0
22,36000,RENT,6.0,EDUCATION,B,4000,,0,0.11,N,2,2022,0
22,54000,RENT,2.0,MEDICAL,D,7000,14.96,1,0.13,Y,2,2022,1
23,73426,MORTGAGE,0.0,DEBTCONSOLIDATION,C,7500,,0,0.1,Y,2,2022,0
22,60000,MORTGAGE,6.0,MEDICAL,A,6125,6.17,0,0.1,N,2,2022,0
24,75000,RENT,4.0,VENTURE,A,10000,6.62,0,0.13,N,2,2022,0
22,37000,RENT,,DEBTCONSOLIDATION,B,10000,,0,0.27,N,2,2022,0
25,102000,MORTGAGE,4.0,MEDICAL,B,25000,10.99,1,0.21,N,2,2022,1
24,30000,RENT,8.0,MEDICAL,B,8000,9.25,0,0.27,N,2,2022,0
26,108000,RENT,2.0,PERSONAL,D,25000,15.05,1,0.23,N,2,2022,1
26,52000,MORTGAGE,6.0,PERSONAL,B,3300,10.99,0,0.06,N,2,2022,0
23,43949,RENT,7.0,MEDICAL,B,3000,11.49,0,0.07,N,2,2022,0
26,40000,RENT,2.0,MEDICAL,A,12000,7.51,0,0.3,N,2,2022,0
26,50000,MORTGAGE,0.0,EDUCATION,A,10000,7.74,0,0.2,N,2,2022,0
22,48000,MORTGAGE,6.0,MEDICAL,A,5000,7.88,0,0.1,N,2,2022,0
22,34500,RENT,2.0,DEBTCONSOLIDATION,D,5000,16.89,1,0.14,Y,2,2022,1
24,120000,MORTGAGE,0.0,PERSONAL,A,16000,9.63,0,0.13,N,2,2022,0
24,80400,MORTGAGE,5.0,PERSONAL,A,12000,5.79,0,0.15,N,2,2022,0
23,126000,RENT,0.0,MEDICAL,C,8000,13.23,0,0.06,N,2,2022,0
25,40000,RENT,9.0,EDUCATION,D,5600,14.61,0,0.14,N,2,2022,0
25,55000,RENT,0.0,DEBTCONSOLIDATION,B,6000,10.65,0,0.11,N,2,2022,0
26,60000,RENT,0.0,VENTURE,A,5000,7.14,0,0.08,N,2,2022,0
25,30000,RENT,9.0,VENTURE,D,9000,17.58,0,0.3,N,2,2022,0
22,52000,RENT,1.0,MEDICAL,A,5000,6.99,0,0.1,N,2,2022,0
24,46500,RENT,2.0,VENTURE,C,8000,15.23,1,0.17,N,2,2022,1
25,60000,RENT,3.0,PERSONAL,A,17000,6.91,0,0.28,N,2,2022,0
21,200000,MORTGAGE,5.0,EDUCATION,C,16000,14.65,0,0.08,N,2,2022,0
23,47000,MORTGAGE,7.0,EDUCATION,C,13850,12.68,0,0.29,Y,2,2022,0
24,72000,RENT,8.0,MEDICAL,A,14000,7.9,0,0.19,N,2,2022,0
25,61200,MORTGAGE,1.0,PERSONAL,A,5650,7.66,0,0.09,N,2,2022,0
23,22800,RENT,5.0,DEBTCONSOLIDATION,A,1775,6.99,0,0.08,N,2,2022,0
21,40800,RENT,3.0,MEDICAL,D,12000,15.21,1,0.29,N,2,2022,1
25,24996,RENT,3.0,DEBTCONSOLIDATION,C,7500,12.98,0,0.3,N,2,2022,0
22,54000,RENT,5.0,HOMEIMPROVEMENT,D,3200,16.49,1,0.06,N,2,2022,1
21,28800,RENT,5.0,DEBTCONSOLIDATION,B,8000,9.88,0,0.28,N,2,2022,0
24,50400,RENT,8.0,DEBTCONSOLIDATION,A,1500,,0,0.03,N,2,2022,0
23,74000,RENT,3.0,MEDICAL,B,25000,10.36,1,0.34,N,2,2022,1
25,59000,OWN,6.0,MEDICAL,A,5000,6.17,0,0.08,N,2,2022,0
26,53000,OWN,2.0,VENTURE,B,2500,9.91,0,0.05,N,2,2022,0
23,80796,MORTGAGE,7.0,DEBTCONSOLIDATION,A,5000,,0,0.06,N,2,2022,0
22,46000,RENT,3.0,DEBTCONSOLIDATION,B,11000,10.59,0,0.24,N,2,2022,0
25,46000,RENT,9.0,PERSONAL,A,7000,8.49,0,0.15,N,2,2022,0
26,120000,MORTGAGE,5.0,VENTURE,B,13000,10.99,0,0.11,N,2,2022,0
25,66420,MORTGAGE,1.0,EDUCATION,B,4000,12.18,0,0.06,N,2,2022,0
24,35000,RENT,1.0,MEDICAL,B,10000,,0,0.29,N,2,2022,0
25,70000,RENT,8.0,VENTURE,D,15000,14.42,0,0.21,Y,2,2022,0
23,55000,MORTGAGE,4.0,VENTURE,A,8000,7.49,0,0.15,N,2,2022,0
24,24996,RENT,0.0,EDUCATION,B,4000,9.45,0,0.16,N,2,2022,0
23,54000,RENT,1.0,VENTURE,B,20000,11.83,1,0.37,N,2,2022,1
25,72000,MORTGAGE,7.0,MEDICAL,B,25000,11.89,0,0.35,N,2,2022,0
23,12000,RENT,0.0,EDUCATION,A,2100,8.94,1,0.17,N,2,2022,1
24,115154,RENT,8.0,DEBTCONSOLIDATION,C,3000,14.27,0,0.03,Y,2,2022,0
23,60000,RENT,7.0,DEBTCONSOLIDATION,B,25000,10.25,1,0.42,N,2,2022,1
22,48000,RENT,3.0,MEDICAL,A,13000,7.88,1,0.27,N,2,2022,1
22,39996,RENT,3.0,VENTURE,A,11000,5.79,0,0.28,N,2,2022,0
24,16800,MORTGAGE,,EDUCATION,A,3900,,1,0.23,N,2,2022,1
22,54000,MORTGAGE,5.0,MEDICAL,B,7000,10.65,0,0.13,N,2,2022,0
26,60000,MORTGAGE,8.0,HOMEIMPROVEMENT,B,12000,10.65,0,0.2,N,2,2022,0
24,50004,OWN,2.0,VENTURE,B,10000,11.12,0,0.2,N,2,2022,0
24,145000,MORTGAGE,0.0,PERSONAL,B,7000,10.99,0,0.05,N,2,2022,0
21,8088,RENT,,MEDICAL,C,1200,15.23,0,0.15,Y,2,2022,0
23,35000,MORTGAGE,7.0,MEDICAL,C,5000,12.98,1,0.14,N,2,2022,1
26,55000,MORTGAGE,4.0,PERSONAL,A,10000,7.51,1,0.18,N,2,2022,1
25,109000,MORTGAGE,9.0,DEBTCONSOLIDATION,A,14000,9.63,0,0.13,N,2,2022,0
26,51600,RENT,10.0,EDUCATION,B,14000,10.37,1,0.27,N,2,2022,1
23,70550,RENT,0.0,MEDICAL,E,14000,17.51,1,0.17,Y,2,2022,1
25,42000,RENT,4.0,VENTURE,A,1925,6.17,0,0.05,N,2,2022,0
22,34560,RENT,2.0,HOMEIMPROVEMENT,E,1200,19.29,1,0.03,N,2,2022,1
25,120000,MORTGAGE,6.0,EDUCATION,B,10000,,0,0.08,N,2,2022,0
23,70000,RENT,1.0,VENTURE,A,3500,5.42,0,0.05,N,2,2022,0
21,12000,RENT,3.0,VENTURE,B,1600,10.59,0,0.13,N,2,2022,0
25,89000,MORTGAGE,9.0,MEDICAL,A,14000,7.49,0,0.16,N,2,2022,0
24,150000,RENT,8.0,PERSONAL,B,5000,,0,0.03,N,2,2022,0
23,46000,RENT,2.0,PERSONAL,F,12800,19.41,1,0.28,Y,2,2022,1
22,91234,MORTGAGE,6.0,MEDICAL,B,12000,11.83,0,0.13,N,2,2022,0
24,93000,RENT,2.0,HOMEIMPROVEMENT,B,2100,9.91,1,0.02,N,2,2022,1
23,75000,RENT,3.0,PERSONAL,B,10000,11.86,0,0.13,N,2,2022,0
25,56000,RENT,1.0,PERSONAL,B,6000,10.74,0,0.11,N,2,2022,0
23,58000,MORTGAGE,7.0,MEDICAL,C,7200,11.97,1,0.12,N,2,2022,1
24,40000,MORTGAGE,8.0,MEDICAL,A,4000,7.14,0,0.1,N,2,2022,0
26,126000,MORTGAGE,4.0,DEBTCONSOLIDATION,C,7500,13.92,0,0.06,N,2,2022,0
25,77700,RENT,2.0,EDUCATION,B,14000,10.99,0,0.18,N,2,2022,0
22,183000,MORTGAGE,3.0,EDUCATION,A,1000,,0,0.01,N,2,2022,0
23,120000,RENT,7.0,DEBTCONSOLIDATION,B,25000,9.99,0,0.21,N,2,2022,0
23,105000,RENT,7.0,MEDICAL,B,7200,11.71,0,0.07,N,2,2022,0
22,30000,OWN,5.0,VENTURE,B,3000,10.36,0,0.1,N,2,2022,0
25,47052,RENT,5.0,EDUCATION,B,21250,10.99,1,0.45,N,2,2022,1
25,105000,MORTGAGE,9.0,HOMEIMPROVEMENT,C,4800,15.23,0,0.05,Y,2,2022,0
24,40000,RENT,,PERSONAL,D,3000,17.27,1,0.07,Y,2,2022,1
25,38000,RENT,1.0,EDUCATION,A,10000,7.49,0,0.26,N,2,2022,0
23,62000,RENT,0.0,EDUCATION,C,10000,14.27,0,0.16,Y,2,2022,0
22,18996,RENT,3.0,PERSONAL,D,3200,15.28,1,0.17,N,2,2022,1
26,32450,MORTGAGE,5.0,HOMEIMPROVEMENT,A,3250,6.99,0,0.1,N,2,2022,0
22,48000,RENT,7.0,VENTURE,E,7500,17.04,0,0.16,Y,2,2022,0
22,12000,RENT,0.0,EDUCATION,C,1000,13.57,1,0.08,N,2,2022,1
22,31200,RENT,6.0,EDUCATION,B,12000,10.39,1,0.38,N,2,2022,1
23,20400,RENT,5.0,EDUCATION,D,5500,,0,0.27,N,2,2022,0
23,39000,RENT,1.0,PERSONAL,B,12000,10.99,1,0.31,N,2,2022,1
24,62467,RENT,0.0,PERSONAL,A,10625,8.49,0,0.17,N,2,2022,0
23,180000,MORTGAGE,2.0,VENTURE,B,5000,9.33,0,0.03,N,2,2022,0
23,170000,RENT,7.0,PERSONAL,B,12000,11.11,0,0.07,N,2,2022,0
23,78000,RENT,7.0,MEDICAL,A,8100,7.29,0,0.1,N,2,2022,0
22,54800,OWN,7.0,EDUCATION,A,8000,,0,0.15,N,2,2022,0
22,31200,RENT,5.0,DEBTCONSOLIDATION,C,10000,12.73,1,0.32,Y,2,2022,1
22,35000,RENT,1.0,EDUCATION,C,5700,12.99,0,0.16,Y,2,2022,0
21,12000,MORTGAGE,5.0,DEBTCONSOLIDATION,E,3250,15.68,1,0.27,Y,2,2022,1
22,36000,OWN,4.0,PERSONAL,A,3250,7.75,0,0.09,N,2,2022,0
25,33280,RENT,1.0,PERSONAL,B,5500,,0,0.17,N,2,2022,0
22,72000,MORTGAGE,6.0,MEDICAL,A,5000,6.54,0,0.07,N,2,2022,0
23,74800,MORTGAGE,7.0,MEDICAL,D,15000,16.0,1,0.17,N,2,2022,1
22,75500,MORTGAGE,6.0,PERSONAL,A,12000,,0,0.16,N,2,2022,0
24,54100,RENT,5.0,VENTURE,A,4500,7.14,0,0.08,N,2,2022,0
24,24000,RENT,1.0,MEDICAL,A,8500,7.9,1,0.35,N,2,2022,1
21,55000,RENT,5.0,MEDICAL,B,12000,10.62,0,0.22,N,2,2022,0
22,51480,MORTGAGE,4.0,PERSONAL,B,3000,11.83,0,0.06,N,2,2022,0
23,26976,RENT,4.0,EDUCATION,A,9000,7.51,1,0.33,N,2,2022,1
26,155142,MORTGAGE,6.0,HOMEIMPROVEMENT,D,23000,18.25,0,0.15,N,2,2022,0
26,42000,RENT,6.0,VENTURE,A,5000,7.29,0,0.12,N,2,2022,0
25,45996,RENT,2.0,VENTURE,G,5000,,1,0.11,Y,2,2022,1
23,19200,RENT,0.0,PERSONAL,B,3000,9.99,1,0.16,N,2,2022,1
26,59000,RENT,7.0,MEDICAL,D,6000,16.49,1,0.1,N,2,2022,1
23,138000,RENT,1.0,EDUCATION,D,5000,14.91,1,0.04,N,2,2022,1
22,69700,RENT,4.0,EDUCATION,B,11200,,0,0.16,N,2,2022,0
26,50004,MORTGAGE,10.0,PERSONAL,A,5000,9.32,0,0.1,N,2,2022,0
26,110000,RENT,3.0,HOMEIMPROVEMENT,C,25000,,0,0.23,Y,2,2022,0
21,35000,OWN,5.0,VENTURE,A,4000,7.29,0,0.11,N,2,2022,0
26,135000,MORTGAGE,6.0,EDUCATION,D,15000,15.33,0,0.11,Y,2,2022,0
22,32500,MORTGAGE,6.0,EDUCATION,A,2500,6.99,0,0.08,N,2,2022,0
23,24091,MORTGAGE,5.0,MEDICAL,C,3500,12.99,0,0.15,Y,2,2022,0
23,33000,RENT,7.0,MEDICAL,D,5500,14.54,1,0.17,N,2,2022,1
25,63000,MORTGAGE,9.0,HOMEIMPROVEMENT,A,20000,8.49,0,0.32,N,2,2022,0
21,45000,RENT,3.0,PERSONAL,B,10000,10.25,0,0.22,N,2,2022,0
26,51000,RENT,10.0,PERSONAL,B,5000,12.42,1,0.1,N,2,2022,1
22,34404,RENT,2.0,DEBTCONSOLIDATION,D,7500,15.05,1,0.22,Y,2,2022,1
26,42000,RENT,2.0,MEDICAL,C,5000,11.91,0,0.12,Y,2,2022,0
23,60000,RENT,5.0,MEDICAL,A,10000,7.14,0,0.17,N,2,2022,0
24,39000,RENT,4.0,HOMEIMPROVEMENT,C,8000,,1,0.21,N,2,2022,1
22,46000,MORTGAGE,6.0,PERSONAL,B,4000,10.37,0,0.09,N,2,2022,0
26,145992,MORTGAGE,0.0,PERSONAL,D,20000,,0,0.14,Y,2,2022,0
22,61500,RENT,3.0,EDUCATION,C,10000,14.22,0,0.16,N,2,2022,0
26,35000,RENT,2.0,DEBTCONSOLIDATION,A,2500,8.9,0,0.07,N,2,2022,0
22,15996,RENT,3.0,DEBTCONSOLIDATION,C,4000,13.35,1,0.25,Y,2,2022,1
22,48000,RENT,7.0,EDUCATION,A,5000,6.99,0,0.1,N,2,2022,0
24,75000,RENT,4.0,VENTURE,B,20000,8.88,0,0.27,N,2,2022,0
26,50000,RENT,0.0,PERSONAL,B,4800,,0,0.1,N,2,2022,0
24,40000,RENT,2.0,EDUCATION,C,7000,11.34,0,0.17,N,2,2022,0
23,29856,RENT,0.0,PERSONAL,A,10300,8.94,1,0.34,N,2,2022,1
21,37000,OWN,3.0,MEDICAL,C,7200,13.61,0,0.19,N,2,2022,0
25,32000,RENT,1.0,MEDICAL,D,6000,12.92,1,0.19,N,2,2022,1
26,95400,MORTGAGE,8.0,PERSONAL,C,5000,12.68,0,0.05,N,2,2022,0
21,28692,MORTGAGE,5.0,EDUCATION,B,3000,10.75,0,0.1,N,2,2022,0
24,73399,RENT,0.0,EDUCATION,D,27000,,1,0.37,N,2,2022,1
24,40000,MORTGAGE,3.0,MEDICAL,B,10500,11.36,0,0.26,N,2,2022,0
26,37680,RENT,5.0,MEDICAL,D,2000,14.96,1,0.05,Y,2,2022,1
23,78000,RENT,5.0,VENTURE,B,17000,10.99,0,0.22,N,2,2022,0
23,69000,RENT,7.0,DEBTCONSOLIDATION,B,4800,10.75,0,0.07,N,2,2022,0
24,91000,MORTGAGE,5.0,DEBTCONSOLIDATION,A,15000,7.88,0,0.16,N,2,2022,0
24,70000,RENT,3.0,PERSONAL,B,25000,11.86,1,0.36,N,2,2022,1
23,42000,MORTGAGE,1.0,PERSONAL,C,5750,13.57,0,0.14,N,2,2022,0
25,75000,MORTGAGE,7.0,PERSONAL,B,15000,9.99,0,0.2,N,2,2022,0
24,70000,MORTGAGE,2.0,MEDICAL,B,8950,11.89,0,0.13,N,2,2022,0
23,84000,MORTGAGE,7.0,EDUCATION,B,23000,11.99,0,0.27,N,2,2022,0
26,75531,RENT,3.0,PERSONAL,D,15000,16.49,0,0.2,N,2,2022,0
25,30000,RENT,2.0,VENTURE,E,5200,17.19,1,0.17,Y,2,2022,1
23,39600,MORTGAGE,7.0,MEDICAL,A,6000,7.88,0,0.15,N,2,2022,0
22,38000,RENT,2.0,EDUCATION,A,18500,7.66,1,0.49,N,2,2022,1
26,64000,RENT,,DEBTCONSOLIDATION,B,1000,10.75,0,0.02,N,2,2022,0
24,22680,RENT,9.0,VENTURE,B,7000,10.62,1,0.31,N,2,2022,1
24,94000,RENT,6.0,HOMEIMPROVEMENT,C,9600,12.99,0,0.1,N,2,2022,0
25,48996,MORTGAGE,8.0,MEDICAL,B,5000,9.88,1,0.1,N,2,2022,1
21,31680,RENT,5.0,VENTURE,C,15000,12.61,1,0.47,Y,2,2022,1
24,51000,RENT,6.0,MEDICAL,B,15000,11.12,0,0.29,N,2,2022,0
22,12996,OWN,1.0,VENTURE,B,4750,,1,0.37,N,2,2022,1
26,127992,MORTGAGE,10.0,PERSONAL,C,26000,13.99,0,0.2,N,2,2022,0
24,39996,RENT,0.0,EDUCATION,D,5000,14.11,1,0.13,N,2,2022,1
23,51000,OWN,7.0,VENTURE,A,6000,5.42,0,0.12,N,2,2022,0
26,65000,MORTGAGE,10.0,DEBTCONSOLIDATION,A,5000,7.51,0,0.08,N,2,2022,0
22,40800,RENT,5.0,MEDICAL,A,2000,6.62,0,0.05,N,2,2022,0
24,72000,MORTGAGE,2.0,HOMEIMPROVEMENT,A,6000,7.49,0,0.08,N,2,2022,0
26,45000,RENT,1.0,MEDICAL,B,4000,12.21,0,0.09,N,2,2022,0
22,166000,MORTGAGE,1.0,PERSONAL,B,23450,11.36,0,0.14,N,2,2022,0
24,73000,RENT,2.0,PERSONAL,A,6500,,0,0.09,N,2,2022,0
21,41000,RENT,5.0,VENTURE,A,7000,5.79,0,0.17,N,2,2022,0
26,85000,MORTGAGE,,DEBTCONSOLIDATION,B,6000,9.88,0,0.07,N,2,2022,0
25,200000,OWN,0.0,VENTURE,B,24000,12.18,0,0.12,N,2,2022,0
22,100000,RENT,3.0,VENTURE,B,10000,10.65,0,0.1,N,2,2022,0
24,40000,RENT,3.0,MEDICAL,A,10000,,0,0.25,N,2,2022,0
24,30000,RENT,6.0,EDUCATION,B,5000,12.69,1,0.17,N,2,2022,1
23,16080,RENT,,EDUCATION,D,3000,16.29,1,0.19,Y,2,2022,1
23,47496,RENT,7.0,EDUCATION,B,3500,12.69,0,0.07,N,2,2022,0
26,80400,RENT,6.0,MEDICAL,B,7000,10.65,0,0.09,N,2,2022,0
23,100000,RENT,1.0,EDUCATION,C,12000,13.57,0,0.12,Y,2,2022,0
24,110000,MORTGAGE,7.0,DEBTCONSOLIDATION,A,12000,8.94,0,0.11,N,2,2022,0
23,36000,RENT,5.0,VENTURE,B,8000,,0,0.22,N,2,2022,0
22,77000,MORTGAGE,6.0,VENTURE,A,12400,7.51,0,0.16,N,2,2022,0
25,75000,RENT,0.0,DEBTCONSOLIDATION,B,20000,10.38,0,0.27,N,2,2022,0
24,50000,MORTGAGE,7.0,HOMEIMPROVEMENT,D,11000,16.89,0,0.22,Y,2,2022,0
23,105999,MORTGAGE,6.0,EDUCATION,B,8550,9.88,0,0.08,N,2,2022,0
26,96050,MORTGAGE,3.0,MEDICAL,D,24000,15.28,1,0.21,Y,2,2022,1
23,136000,MORTGAGE,7.0,EDUCATION,A,8000,8.32,0,0.06,N,2,2022,0
23,35400,RENT,4.0,DEBTCONSOLIDATION,B,9600,11.89,0,0.27,N,2,2022,0
23,125000,OTHER,4.0,EDUCATION,A,7500,8.0,0,0.06,N,2,2022,0
25,80000,MORTGAGE,4.0,HOMEIMPROVEMENT,C,15000,12.61,0,0.19,N,2,2022,0
22,35000,RENT,0.0,DEBTCONSOLIDATION,B,3000,,0,0.09,N,2,2022,0
26,80000,OWN,5.0,PERSONAL,C,7000,13.22,0,0.09,Y,2,2022,0
22,25000,MORTGAGE,4.0,VENTURE,A,1800,8.49,0,0.07,N,2,2022,0
26,65000,MORTGAGE,0.0,PERSONAL,A,4000,5.42,0,0.06,N,2,2022,0
23,44000,MORTGAGE,4.0,EDUCATION,A,3200,7.51,0,0.07,N,2,2022,0
25,60000,RENT,4.0,EDUCATION,A,9800,,0,0.16,N,2,2022,0
22,48000,MORTGAGE,6.0,PERSONAL,C,10000,13.49,0,0.21,N,2,2022,0
22,52000,RENT,6.0,VENTURE,B,10000,11.71,0,0.19,N,2,2022,0
22,60000,MORTGAGE,6.0,DEBTCONSOLIDATION,A,17500,7.88,0,0.29,N,2,2022,0
23,56700,MORTGAGE,7.0,VENTURE,A,12000,5.42,0,0.21,N,2,2022,0
24,120000,RENT,4.0,HOMEIMPROVEMENT,C,10000,13.61,0,0.08,N,2,2022,0
25,40000,RENT,5.0,PERSONAL,A,6000,7.88,0,0.15,N,2,2022,0
24,46809,RENT,4.0,MEDICAL,B,5000,12.18,0,0.11,N,2,2022,0
23,59000,RENT,7.0,EDUCATION,C,20000,12.29,1,0.34,N,2,2022,1
25,76000,MORTGAGE,3.0,EDUCATION,A,20000,6.54,0,0.26,N,2,2022,0
26,74000,MORTGAGE,5.0,DEBTCONSOLIDATION,A,10000,6.62,0,0.14,N,2,2022,0
25,88000,MORTGAGE,7.0,PERSONAL,B,11000,11.14,0,0.13,N,2,2022,0
24,42000,OWN,8.0,HOMEIMPROVEMENT,A,8000,6.62,0,0.19,N,2,2022,0
23,157500,RENT,1.0,EDUCATION,B,10000,12.69,0,0.06,N,2,2022,0
22,37200,RENT,6.0,HOMEIMPROVEMENT,A,7000,7.9,1,0.19,N,2,2022,1
25,29000,RENT,9.0,MEDICAL,B,1000,11.99,1,0.03,N,2,2022,1
24,35000,RENT,1.0,DEBTCONSOLIDATION,A,12000,6.54,1,0.34,N,2,2022,1
24,49278,RENT,4.0,DEBTCONSOLIDATION,C,11000,13.22,0,0.22,Y,2,2022,0
25,20000,RENT,1.0,MEDICAL,A,12000,8.07,1,0.6,N,2,2022,1
23,55000,RENT,0.0,VENTURE,C,12300,,0,0.22,N,2,2022,0
22,74476,MORTGAGE,6.0,EDUCATION,A,5000,8.49,1,0.07,N,2,2022,1
24,56000,MORTGAGE,8.0,EDUCATION,A,12000,,0,0.21,N,2,2022,0
23,85000,RENT,2.0,VENTURE,C,12000,13.16,0,0.14,Y,2,2022,0
23,50000,RENT,5.0,PERSONAL,A,10000,8.94,0,0.2,N,2,2022,0
23,48000,RENT,6.0,EDUCATION,A,4800,7.9,0,0.1,N,2,2022,0
25,84000,MORTGAGE,9.0,MEDICAL,B,5000,10.99,0,0.06,N,2,2022,0
25,49000,RENT,9.0,DEBTCONSOLIDATION,A,10000,6.62,1,0.2,N,2,2022,1
22,38000,RENT,5.0,EDUCATION,C,10000,13.49,0,0.26,Y,2,2022,0
25,63000,MORTGAGE,3.0,PERSONAL,C,3000,13.47,0,0.05,Y,2,2022,0
22,57175,RENT,6.0,EDUCATION,F,16000,17.15,1,0.28,Y,2,2022,1
22,24000,OWN,3.0,VENTURE,B,2500,10.59,0,0.1,N,2,2022,0
23,67150,MORTGAGE,5.0,MEDICAL,D,10000,16.32,1,0.13,N,2,2022,1
23,31200,RENT,0.0,PERSONAL,C,3200,13.49,0,0.1,Y,2,2022,0
23,112800,MORTGAGE,3.0,EDUCATION,B,35000,,0,0.31,N,2,2022,0
24,29000,RENT,5.0,MEDICAL,C,6000,15.27,0,0.21,N,2,2022,0
24,22000,OWN,1.0,EDUCATION,D,3000,16.0,0,0.14,N,2,2022,0
24,80000,MORTGAGE,8.0,PERSONAL,A,9000,,0,0.11,N,2,2022,0
25,54000,RENT,8.0,DEBTCONSOLIDATION,C,19000,,1,0.35,Y,2,2022,1
21,47580,MORTGAGE,5.0,EDUCATION,A,14000,6.03,0,0.29,N,2,2022,0
23,32000,MORTGAGE,4.0,EDUCATION,A,1200,7.68,0,0.04,N,2,2022,0
24,88000,MORTGAGE,2.0,DEBTCONSOLIDATION,G,25000,18.84,1,0.28,Y,2,2022,1
24,45600,MORTGAGE,0.0,EDUCATION,A,7200,6.91,0,0.16,N,2,2022,0
24,122000,RENT,4.0,DEBTCONSOLIDATION,B,15000,11.58,0,0.12,N,2,2022,0
26,93492,RENT,0.0,PERSONAL,B,20000,9.45,0,0.21,N,2,2022,0
26,37000,RENT,0.0,PERSONAL,B,14000,9.88,1,0.38,N,2,2022,1
22,50000,MORTGAGE,6.0,VENTURE,A,7800,6.62,0,0.16,N,2,2022,0
26,45000,MORTGAGE,6.0,VENTURE,A,5000,6.99,0,0.11,N,2,2022,0
22,28800,OWN,2.0,EDUCATION,D,10000,16.49,0,0.35,Y,2,2022,0
25,56204,RENT,3.0,MEDICAL,D,12000,14.11,1,0.21,Y,2,2022,1
23,66000,RENT,0.0,EDUCATION,B,9200,11.86,0,0.14,N,2,2022,0
23,39996,RENT,7.0,PERSONAL,B,2000,,0,0.05,N,2,2022,0
21,44004,RENT,2.0,EDUCATION,B,7000,11.46,1,0.16,N,2,2022,1
23,63000,RENT,0.0,VENTURE,D,16000,14.42,1,0.25,Y,2,2022,1
26,22800,RENT,4.0,PERSONAL,C,5000,13.57,0,0.22,Y,2,2022,0
22,55000,MORTGAGE,6.0,VENTURE,A,10000,5.79,0,0.18,N,2,2022,0
22,58608,RENT,4.0,MEDICAL,A,10000,7.51,0,0.17,N,2,2022,0
22,39000,OWN,6.0,MEDICAL,A,1000,,0,0.03,N,2,2022,0
24,41000,RENT,1.0,DEBTCONSOLIDATION,C,7000,12.53,0,0.17,N,2,2022,0
25,57000,RENT,1.0,PERSONAL,B,9500,12.53,0,0.17,N,2,2022,0
26,51600,RENT,1.0,EDUCATION,A,5000,8.94,1,0.1,N,2,2022,1
22,20000,RENT,2.0,VENTURE,B,5000,11.86,0,0.25,N,2,2022,0
25,60000,MORTGAGE,2.0,PERSONAL,B,6900,9.99,0,0.12,N,2,2022,0
24,38000,MORTGAGE,3.0,DEBTCONSOLIDATION,B,16000,10.99,0,0.42,N,2,2022,0
21,104740,MORTGAGE,5.0,EDUCATION,B,19200,11.99,0,0.18,N,2,2022,0
23,92004,MORTGAGE,7.0,EDUCATION,B,24250,11.12,0,0.26,N,2,2022,0
23,44004,OWN,7.0,EDUCATION,A,17000,6.62,0,0.39,N,2,2022,0
23,36100,RENT,2.0,DEBTCONSOLIDATION,A,5000,7.49,0,0.14,N,2,2022,0
25,70000,MORTGAGE,6.0,VENTURE,A,14000,5.42,0,0.2,N,2,2022,0
25,48600,RENT,0.0,MEDICAL,A,12000,,0,0.25,N,2,2022,0
25,27800,OWN,,EDUCATION,A,14125,6.99,0,0.51,N,2,2022,0
25,42000,RENT,1.0,DEBTCONSOLIDATION,B,6000,,0,0.14,N,2,2022,0
24,53000,MORTGAGE,8.0,PERSONAL,D,10000,14.91,0,0.19,N,2,2022,0
24,86400,MORTGAGE,2.0,DEBTCONSOLIDATION,A,12200,7.29,0,0.14,N,2,2022,0
24,72000,OWN,,EDUCATION,B,16000,12.42,0,0.22,N,2,2022,0
24,28590,RENT,7.0,DEBTCONSOLIDATION,D,8000,15.65,1,0.28,Y,2,2022,1
24,70550,RENT,8.0,MEDICAL,D,9000,15.05,1,0.11,Y,2,2022,1
26,51000,MORTGAGE,10.0,DEBTCONSOLIDATION,D,13000,15.33,1,0.25,Y,2,2022,1
26,33800,RENT,4.0,PERSONAL,C,13000,13.57,1,0.38,Y,2,2022,1
23,60000,MORTGAGE,6.0,EDUCATION,C,7000,12.99,0,0.12,Y,2,2022,0
26,59000,RENT,3.0,EDUCATION,C,20000,,1,0.34,N,2,2022,1
26,84000,RENT,7.0,DEBTCONSOLIDATION,D,15000,16.0,1,0.18,Y,2,2022,1
23,108366,RENT,7.0,HOMEIMPROVEMENT,F,35000,20.25,1,0.32,N,2,2022,1
25,63128,RENT,,VENTURE,A,1500,7.49,0,0.02,N,2,2022,0
22,36000,MORTGAGE,3.0,DEBTCONSOLIDATION,A,5250,,0,0.15,N,2,2022,0
25,34000,RENT,10.0,DEBTCONSOLIDATION,B,20000,8.88,1,0.59,N,2,2022,1
25,69000,RENT,3.0,DEBTCONSOLIDATION,D,10000,14.09,1,0.14,Y,2,2022,1
24,29232,MORTGAGE,1.0,VENTURE,B,11000,11.71,0,0.38,N,2,2022,0
23,37500,RENT,0.0,PERSONAL,A,1800,8.94,0,0.05,N,2,2022,0
22,70800,RENT,6.0,EDUCATION,C,10000,12.61,0,0.14,N,2,2022,0
26,75000,RENT,5.0,PERSONAL,A,20000,6.91,0,0.27,N,2,2022,0
22,89250,MORTGAGE,6.0,MEDICAL,D,7500,13.24,1,0.07,Y,2,2022,1
23,57600,MORTGAGE,0.0,EDUCATION,B,1000,,0,0.02,N,2,2022,0
25,41000,RENT,3.0,PERSONAL,B,8000,10.99,0,0.2,N,2,2022,0
24,55000,MORTGAGE,8.0,HOMEIMPROVEMENT,A,10000,5.79,0,0.18,N,2,2022,0
23,54000,MORTGAGE,,PERSONAL,B,5000,9.99,0,0.09,N,2,2022,0
21,13806,RENT,6.0,EDUCATION,C,4750,12.73,1,0.34,Y,2,2022,1
23,69743,MORTGAGE,7.0,VENTURE,D,1000,14.11,0,0.01,N,2,2022,0
23,55000,MORTGAGE,5.0,MEDICAL,C,8000,13.85,0,0.15,Y,2,2022,0
23,43000,MORTGAGE,1.0,EDUCATION,A,9000,9.63,0,0.21,N,2,2022,0
23,72000,MORTGAGE,7.0,VENTURE,A,9000,6.76,0,0.13,N,2,2022,0
21,39900,RENT,3.0,EDUCATION,B,6000,11.49,0,0.15,N,2,2022,0
21,18000,RENT,0.0,DEBTCONSOLIDATION,A,3000,7.9,1,0.17,N,2,2022,1
21,18000,RENT,1.0,VENTURE,A,3200,8.49,1,0.18,N,2,2022,1
23,51996,RENT,7.0,PERSONAL,C,4000,13.98,0,0.08,Y,2,2022,0
23,20400,RENT,2.0,MEDICAL,A,1200,7.9,0,0.06,N,2,2022,0
23,92000,MORTGAGE,7.0,EDUCATION,C,18000,12.68,0,0.2,N,2,2022,0
24,62000,MORTGAGE,7.0,PERSONAL,A,6200,,0,0.1,N,2,2022,0
23,60000,RENT,2.0,VENTURE,A,9000,6.17,0,0.15,N,2,2022,0
24,42000,RENT,0.0,MEDICAL,A,12000,7.66,0,0.29,N,2,2022,0
25,43200,OWN,9.0,VENTURE,B,13800,11.48,0,0.32,N,2,2022,0
24,80000,MORTGAGE,8.0,VENTURE,D,5000,15.62,0,0.06,N,2,2022,0
25,77000,MORTGAGE,1.0,DEBTCONSOLIDATION,F,7200,18.53,1,0.09,N,2,2022,1
22,19200,MORTGAGE,3.0,EDUCATION,D,5000,15.33,1,0.26,Y,2,2022,1
22,89000,MORTGAGE,6.0,VENTURE,C,16000,13.22,0,0.18,N,2,2022,0
24,59000,MORTGAGE,3.0,EDUCATION,C,6800,12.53,1,0.12,N,2,2022,1
25,34000,RENT,0.0,EDUCATION,C,10000,13.79,1,0.29,Y,2,2022,1
25,80000,RENT,0.0,VENTURE,B,16000,9.88,0,0.2,N,2,2022,0
22,19008,OWN,,VENTURE,A,12000,5.42,1,0.63,N,2,2022,1
24,29200,MORTGAGE,6.0,DEBTCONSOLIDATION,A,2500,6.76,0,0.09,N,2,2022,0
25,44000,RENT,2.0,PERSONAL,D,10000,15.65,1,0.23,N,2,2022,1
22,33000,RENT,1.0,EDUCATION,B,5000,10.25,0,0.15,N,2,2022,0
23,68000,MORTGAGE,5.0,MEDICAL,B,11500,9.99,0,0.17,N,2,2022,0
22,37200,RENT,2.0,EDUCATION,A,10000,6.92,0,0.27,N,2,2022,0
24,62400,RENT,8.0,EDUCATION,B,15000,9.45,0,0.24,N,2,2022,0
25,80004,RENT,9.0,VENTURE,C,20000,14.26,0,0.25,N,2,2022,0
24,61400,RENT,1.0,DEBTCONSOLIDATION,C,12250,12.23,0,0.2,Y,2,2022,0
23,53664,MORTGAGE,7.0,DEBTCONSOLIDATION,B,15000,10.75,0,0.28,N,2,2022,0
25,45600,MORTGAGE,7.0,EDUCATION,C,13000,12.99,0,0.29,N,2,2022,0
23,58000,RENT,4.0,EDUCATION,B,8000,10.37,0,0.14,N,2,2022,0
23,85596,MORTGAGE,5.0,VENTURE,B,6000,10.0,0,0.07,N,2,2022,0
26,55000,RENT,1.0,DEBTCONSOLIDATION,A,3200,8.49,0,0.06,N,2,2022,0
23,27996,RENT,3.0,VENTURE,C,5500,12.53,0,0.2,N,2,2022,0
22,61000,RENT,3.0,MEDICAL,B,5000,9.99,0,0.08,N,2,2022,0
22,58000,OTHER,3.0,VENTURE,C,15000,13.79,0,0.26,Y,2,2022,0
22,45000,RENT,4.0,DEBTCONSOLIDATION,A,5400,7.29,0,0.12,N,2,2022,0
24,30996,RENT,7.0,VENTURE,E,7000,16.63,0,0.23,Y,2,2022,0
21,22200,RENT,2.0,DEBTCONSOLIDATION,D,2500,16.29,1,0.11,Y,2,2022,1
24,25000,RENT,0.0,EDUCATION,A,4400,6.76,0,0.18,N,2,2022,0
24,18000,RENT,5.0,EDUCATION,C,3000,15.27,1,0.17,N,2,2022,1
24,80000,MORTGAGE,0.0,PERSONAL,A,6000,8.59,0,0.07,N,2,2022,0
24,55782,RENT,3.0,HOMEIMPROVEMENT,A,17000,7.51,0,0.3,N,2,2022,0
23,82000,RENT,2.0,DEBTCONSOLIDATION,B,20900,12.69,0,0.25,N,2,2022,0
22,50663,RENT,0.0,EDUCATION,C,7500,13.22,0,0.15,N,2,2022,0
26,122500,RENT,1.0,HOMEIMPROVEMENT,B,10000,10.65,0,0.08,N,2,2022,0
22,33600,OWN,1.0,DEBTCONSOLIDATION,D,5000,18.25,0,0.15,N,2,2022,0
22,88512,MORTGAGE,6.0,EDUCATION,A,3000,5.79,0,0.03,N,2,2022,0
23,28800,RENT,5.0,EDUCATION,B,2800,10.38,0,0.1,N,2,2022,0
23,75000,RENT,0.0,VENTURE,B,6000,11.48,0,0.08,N,2,2022,0
23,45000,RENT,2.0,EDUCATION,C,1700,14.72,0,0.04,N,2,2022,0
23,72000,RENT,3.0,EDUCATION,A,10800,7.88,0,0.15,N,2,2022,0
23,33204,RENT,7.0,EDUCATION,C,2000,14.72,0,0.06,Y,2,2022,0
24,67000,OWN,2.0,MEDICAL,B,16000,12.69,0,0.24,N,2,2022,0
23,68000,RENT,1.0,VENTURE,E,14400,17.99,1,0.21,N,2,2022,1
26,56000,RENT,6.0,DEBTCONSOLIDATION,C,8150,12.87,0,0.15,N,2,2022,0
24,54000,MORTGAGE,8.0,PERSONAL,B,4000,9.99,0,0.07,N,2,2022,0
23,50400,MORTGAGE,7.0,VENTURE,B,2500,10.99,0,0.05,N,2,2022,0
22,41000,RENT,6.0,VENTURE,A,5000,,0,0.12,N,2,2022,0
24,42000,MORTGAGE,8.0,PERSONAL,D,2500,15.28,0,0.06,Y,2,2022,0
25,57000,RENT,0.0,PERSONAL,C,15000,13.85,0,0.26,Y,2,2022,0
26,21000,OWN,4.0,VENTURE,C,8000,13.79,0,0.38,N,2,2022,0
25,55000,MORTGAGE,3.0,DEBTCONSOLIDATION,A,24200,8.49,0,0.44,N,2,2022,0
23,34800,RENT,6.0,VENTURE,A,6600,7.49,0,0.19,N,2,2022,0
26,34000,MORTGAGE,6.0,PERSONAL,A,12000,6.03,0,0.35,N,2,2022,0
23,36000,RENT,5.0,EDUCATION,B,10000,9.99,0,0.28,N,2,2022,0
23,72250,RENT,7.0,MEDICAL,B,30000,10.65,1,0.35,N,2,2022,1
25,45000,RENT,4.0,VENTURE,B,8000,10.38,0,0.18,N,2,2022,0
22,30000,OWN,,MEDICAL,C,7000,13.98,0,0.23,Y,2,2022,0
26,31200,RENT,8.0,PERSONAL,A,5000,8.63,0,0.16,N,2,2022,0
22,19200,RENT,0.0,DEBTCONSOLIDATION,E,3000,,1,0.16,Y,2,2022,1
25,66000,RENT,9.0,EDUCATION,D,25000,15.33,1,0.38,N,2,2022,1
25,25716,RENT,1.0,MEDICAL,A,9250,6.54,1,0.36,N,2,2022,1
26,54000,RENT,0.0,MEDICAL,D,13200,14.91,1,0.24,Y,2,2022,1
22,52000,MORTGAGE,6.0,EDUCATION,C,9750,13.06,0,0.19,Y,2,2022,0
